OHLC_Range	Price_Change	Log_Volume	Date	Open	High	Low	Close	Volume
0	0	0	30.08.2000	273,8999939	273,8999939	273,8999939	273,8999939	0
4	4	0	31.08.2000	274,7999878	278,2999878	274,7999878	278,2999878	0
0	0	0	01.09.2000	277	277	277	277	0
0	0	1	05.09.2000	275,7999878	275,7999878	275,7999878	275,7999878	2
0	0	0	06.09.2000	274,2000122	274,2000122	274,2000122	274,2000122	0
0	0	5	07.09.2000	274	274	274	274	125
0	0	0	08.09.2000	273,2999878	273,2999878	273,2999878	273,2999878	0
0	0	0	11.09.2000	273,1000061	273,1000061	273,1000061	273,1000061	0
0	0	0	12.09.2000	272,8999939	272,8999939	272,8999939	272,8999939	0
0	0	0	13.09.2000	272,7999878	272,7999878	272,7999878	272,7999878	0
0	0	0	14.09.2000	272,3999939	272,3999939	272,3999939	272,3999939	0
0	0	0	15.09.2000	272,2999878	272,2999878	272,2999878	272,2999878	0
0	0	0	18.09.2000	271,3999939	271,3999939	271,3999939	271,3999939	0
0	0	0	19.09.2000	271,8999939	271,8999939	271,8999939	271,8999939	0
0	0	0	20.09.2000	269	269	269	269	0
0	0	0	21.09.2000	270,2999878	270,2999878	270,2999878	270,2999878	0
0	0	0	22.09.2000	271,7999878	271,7999878	271,7999878	271,7999878	0
0	0	0	25.09.2000	274,1000061	274,1000061	274,1000061	274,1000061	0
0	0	0	26.09.2000	273,8999939	273,8999939	273,8999939	273,8999939	0
0	0	8	27.09.2000	278,3999939	278,3999939	278,3999939	278,3999939	3511
2	-2	6	28.09.2000	277,5	277,5	275,1000061	275,6000061	631
3	-1	3	29.09.2000	274,6000061	274,6000061	272	273,6000061	22
1	0	5	02.10.2000	272,7999878	273,5	272,5	273,1000061	161
1	0	3	03.10.2000	272,1000061	272,7999878	271,5	271,6000061	25
1	0	2	04.10.2000	270,5	271	270,1000061	270,2999878	11
1	0	2	05.10.2000	270,2999878	270,6000061	270	270,6000061	6
1	0	1	06.10.2000	269,7999878	270,2000122	269,2999878	269,2999878	2
1	1	2	09.10.2000	269,1000061	270,1000061	269,1000061	270,1000061	4
0	0	3	10.10.2000	272,3999939	272,3999939	272,3999939	272,3999939	13
3	-2	3	11.10.2000	272,5	273,5	270,5	270,5	18
2	2	1	12.10.2000	274	276,3999939	274	276,3999939	3
2	-2	0	13.10.2000	274,2000122	274,2000122	272,3999939	272,3999939	0
0	0	2	16.10.2000	271,5	271,5	271,5	271,5	5
0	0	0	17.10.2000	271,1000061	271,1000061	271,1000061	271,1000061	0
0	0	0	18.10.2000	270,2999878	270,2999878	270,2999878	270,2999878	0
0	0	1	19.10.2000	270,1000061	270,1000061	270,1000061	270,1000061	1
0	0	3	20.10.2000	271,2000122	271,2000122	271,2000122	271,2000122	32
2	-2	1	23.10.2000	271,7000122	271,7000122	270,1000061	270,1000061	1
0	0	3	24.10.2000	269,7999878	270,1000061	269,7999878	270,1000061	16
1	0	3	25.10.2000	266,2000122	267,1000061	266	266,2000122	20
2	-1	0	26.10.2000	266	267	264,8999939	264,8999939	0
1	-1	1	27.10.2000	265,5	265,5	264,3999939	264,3999939	1
0	0	1	30.10.2000	264,2999878	264,2999878	264,2999878	264,2999878	2
0	0	0	31.10.2000	264,5	265	264,5	264,8999939	0
0	0	0	01.11.2000	263,8999939	263,8999939	263,8999939	263,8999939	0
0	0	0	02.11.2000	264,3999939	264,3999939	264,3999939	264,3999939	0
0	0	0	03.11.2000	264,6000061	264,6000061	264,6000061	264,6000061	0
0	0	0	06.11.2000	264,5	264,5	264,5	264,5	0
0	0	0	07.11.2000	264,2999878	264,2999878	264,2999878	264,2999878	0
0	0	0	08.11.2000	265	265	265	265	0
0	0	0	09.11.2000	265,7999878	265,7999878	265,7999878	265,7999878	0
0	0	0	10.11.2000	264,5	264,5	264,5	264,5	0
0	0	5	13.11.2000	264,2999878	264,2999878	264,2999878	264,2999878	100
0	0	0	14.11.2000	264,8999939	264,8999939	264,8999939	264,8999939	0
0	0	0	15.11.2000	265,1000061	265,1000061	265,1000061	265,1000061	0
0	0	1	16.11.2000	265,7999878	265,7999878	265,7999878	265,7999878	3
0	0	2	17.11.2000	265,2000122	265,7000122	265,2000122	265,7000122	7
0	0	0	20.11.2000	266,2999878	266,2999878	266,2999878	266,2999878	0
0	0	0	21.11.2000	265,7000122	265,7000122	265,7000122	265,7000122	0
0	0	0	22.11.2000	266,2999878	266,2999878	266,2999878	266,2999878	0
0	0	0	27.11.2000	270,1000061	270,1000061	270,1000061	270,1000061	0
0	0	10	28.11.2000	269,7999878	269,7999878	269,7999878	269,7999878	28696
4	-3	8	29.11.2000	269,6000061	270,1000061	265,7999878	266,3999939	2849
4	4	7	30.11.2000	266,3999939	270,2000122	266,2000122	270,1000061	810
4	-1	6	01.12.2000	269,7000122	272	268,5	268,7000122	332
2	0	5	04.12.2000	271	272	270	270,7000122	137
1	0	6	05.12.2000	270,8999939	271	269,8999939	270,3999939	407
4	3	4	06.12.2000	271	274,2999878	270,6000061	274,2999878	81
3	-1	4	07.12.2000	274,2999878	276	272,6000061	273,2000122	36
1	0	5	08.12.2000	272,7000122	273	272,2000122	272,2000122	120
2	0	3	11.12.2000	270,7000122	270,7000122	269,2000122	270,2000122	15
1	0	4	12.12.2000	270,2999878	270,2999878	269,5	270,2999878	62
2	-1	3	13.12.2000	270	270	268,1000061	268,6000061	30
1	0	3	14.12.2000	268,6000061	269	268	269	31
1	1	4	15.12.2000	269,2000122	270,3999939	269,2000122	270,3999939	63
0	0	3	18.12.2000	270	270	269,7000122	269,7000122	17
1	0	5	19.12.2000	269,7000122	269,7000122	269	269,7000122	203
0	0	2	20.12.2000	272,5	272,5	272	272,5	5
1	1	5	21.12.2000	273	273,7000122	273	273,7000122	110
0	0	3	22.12.2000	273,7000122	274	273,7000122	273,7000122	13
2	1	0	26.12.2000	273,2000122	274,7999878	273,2000122	274,1000061	0
1	1	1	27.12.2000	274,5	275,2000122	274,5	275,2000122	1
2	-2	1	28.12.2000	273,2000122	273,2000122	271,7000122	271,7000122	1
0	0	0	29.12.2000	272	272	272	272	0
0	0	0	02.01.2001	268,3999939	268,3999939	268,3999939	268,3999939	0
0	0	1	03.01.2001	268	268	268	268	1
0	0	1	04.01.2001	267,2999878	267,2999878	267,2999878	267,2999878	1
0	0	0	05.01.2001	268	268	268	268	0
0	0	0	08.01.2001	268	268	268	268	0
0	0	0	09.01.2001	267,5	267,5	267,5	267,5	0
0	0	0	10.01.2001	264,7000122	264,7000122	264,7000122	264,7000122	0
0	0	0	11.01.2001	264	264	264	264	0
0	0	0	12.01.2001	263,8999939	263,8999939	263,8999939	263,8999939	0
0	0	0	16.01.2001	263,2999878	263,2999878	263,2999878	263,2999878	0
0	0	0	17.01.2001	263,2000122	263,2000122	263,2000122	263,2000122	0
0	0	0	18.01.2001	264,2000122	264,2000122	264,2000122	264,2000122	0
0	0	0	19.01.2001	264,2999878	264,2999878	264,2999878	264,2999878	0
0	0	0	22.01.2001	266,3999939	266,3999939	266,3999939	266,3999939	0
0	0	0	23.01.2001	266,1000061	266,1000061	266,1000061	266,1000061	0
0	0	0	24.01.2001	264,2999878	264,2999878	264,2999878	264,2999878	0
0	0	0	25.01.2001	264,5	264,5	264,5	264,5	0
0	0	0	26.01.2001	262,7999878	262,7999878	262,7999878	262,7999878	0
0	0	10	29.01.2001	262,7999878	262,7999878	262,7999878	262,7999878	15489
4	3	7	30.01.2001	262,8999939	266,6000061	262,8999939	265,5	1754
2	0	6	31.01.2001	265,2000122	266	263,7000122	265,6000061	566
3	2	6	01.02.2001	266,2999878	268,8999939	266,2999878	268,5	410
2	-1	5	02.02.2001	268	268,2000122	266,5	267,1000061	107
1	0	5	05.02.2001	265,1000061	265,7999878	265,1000061	265,2000122	192
2	-1	3	06.02.2001	263,8999939	263,8999939	261,7999878	263,2999878	25
1	0	5	07.02.2001	262,7999878	263,5	262,3999939	262,7999878	166
4	-3	3	08.02.2001	263,5	263,5	259,7999878	260,1000061	13
2	-1	0	09.02.2001	260,5	260,5	259	259,8999939	0
2	-2	3	12.02.2001	262,5	262,5	260,1000061	260,7000122	17
0	-1	0	13.02.2001	261	261	261	260,2999878	0
1	-1	3	14.02.2001	260	260	259,3999939	259,3999939	30
4	-4	3	15.02.2001	259,5	259,5	255,1000061	255,1000061	23
4	3	1	16.02.2001	255	258,5	255	258,2000122	2
1	0	3	20.02.2001	256,1000061	256,1000061	255	256,1000061	24
2	2	4	21.02.2001	256,7000122	258,2000122	256,6000061	258,2000122	40
1	0	3	22.02.2001	258,5	258,5	257,5	258,5	16
1	1	0	23.02.2001	260	260,8999939	259,6000061	260,8999939	0
4	4	1	26.02.2001	262	265,7999878	261,5	265,7999878	1
0	0	0	27.02.2001	267	267,3999939	267	267,3999939	0
0	0	0	28.02.2001	266,7999878	266,7999878	266,7999878	266,7999878	0
0	0	0	01.03.2001	265,2000122	265,2000122	265,2000122	265,2000122	0
0	0	0	02.03.2001	262,1000061	262,1000061	262,1000061	262,1000061	0
0	0	2	05.03.2001	262,5	262,5	262,5	262,5	11
0	0	3	06.03.2001	260	260	259,8999939	259,8999939	20
2	2	0	07.03.2001	259	261,3999939	259	261,3999939	0
0	0	0	08.03.2001	265,3999939	265,3999939	265,3999939	265,3999939	0
0	0	0	09.03.2001	270,7999878	270,7999878	270,7999878	270,7999878	0
0	0	2	12.03.2001	271,6000061	271,6000061	271,6000061	271,6000061	8
0	0	0	13.03.2001	266,7999878	266,7999878	266,7999878	266,7999878	0
0	0	0	14.03.2001	262,5	262,5	262,5	262,5	0
0	0	1	15.03.2001	260	260	260	260	2
1	1	0	16.03.2001	257	258,1000061	257	258,1000061	0
0	0	0	19.03.2001	259,7999878	259,7999878	259,7999878	259,7999878	0
0	0	0	20.03.2001	260,5	260,5	260,5	260,5	0
0	0	0	21.03.2001	261,8999939	261,8999939	261,8999939	261,8999939	0
0	0	1	22.03.2001	261,1000061	261,1000061	261,1000061	261,1000061	1
0	0	0	23.03.2001	261,5	261,5	261,5	261,5	0
0	0	0	26.03.2001	261,8999939	261,8999939	261,8999939	261,8999939	0
0	0	0	27.03.2001	261	261	261	261	0
0	0	10	28.03.2001	259,7000122	259,7000122	259,7000122	259,7000122	22994
2	-1	9	29.03.2001	259,7000122	260,3999939	258,2000122	258,7999878	5646
3	-1	8	30.03.2001	258,7999878	259,2999878	256,6000061	257,8999939	2479
3	-2	6	02.04.2001	257,2000122	257,7999878	255	255,6000061	456
3	1	6	03.04.2001	255,5	258,6000061	255,5	256,7999878	326
2	0	5	04.04.2001	258,2999878	260,5	258	258,3999939	175
1	-1	5	05.04.2001	259,1000061	259,1000061	257,7000122	258,1000061	150
2	0	4	06.04.2001	259,5	260,2000122	257,7999878	260	86
2	-2	3	09.04.2001	260,5	260,5	258	258,2999878	28
2	-1	3	10.04.2001	258,2999878	258,2999878	256,6000061	257,2999878	31
4	1	5	11.04.2001	257,7000122	260	256,5	258,7000122	95
2	0	3	12.04.2001	260,1000061	261	259	260,1000061	20
4	3	4	16.04.2001	260,5	263,7999878	260,2999878	263,2999878	71
2	1	4	17.04.2001	260,5	262,3999939	260,5	261,1000061	38
3	1	0	18.04.2001	260	262,2999878	259,5	261,2999878	0
3	2	5	19.04.2001	263	265,2999878	262,2999878	265,2999878	101
2	0	3	20.04.2001	264,7000122	265	263,5	264,7999878	16
1	0	4	23.04.2001	263,6000061	263,7000122	262,6000061	263,7000122	69
1	-1	4	24.04.2001	265	265	264	264,1000061	64
2	-1	0	25.04.2001	263,5	264,3999939	262	262,3999939	0
1	0	1	26.04.2001	264,3999939	264,3999939	263,5	264,3999939	1
0	0	2	27.04.2001	263,8999939	263,8999939	263,8999939	263,8999939	6
0	0	0	30.04.2001	264	264	264	264	0
0	0	0	01.05.2001	264,3999939	264,3999939	264,3999939	264,3999939	0
0	0	0	02.05.2001	265,3999939	265,3999939	265,3999939	265,3999939	0
0	0	0	03.05.2001	266,2999878	266,2999878	266,2999878	266,2999878	0
0	0	0	04.05.2001	266,1000061	266,1000061	266,1000061	266,1000061	0
0	0	0	07.05.2001	266,1000061	266,1000061	266,1000061	266,1000061	0
0	0	0	08.05.2001	265,1000061	265,1000061	265,1000061	265,1000061	0
0	0	0	09.05.2001	270	270	270	270	0
0	0	0	10.05.2001	269,1000061	269,1000061	269,1000061	269,1000061	0
0	0	0	11.05.2001	267,8999939	267,8999939	267,8999939	267,8999939	0
0	0	0	14.05.2001	268,2999878	268,2999878	268,2999878	268,2999878	0
0	0	0	15.05.2001	268,1000061	268,1000061	268,1000061	268,1000061	0
0	0	0	16.05.2001	272	272	272	272	0
0	0	0	17.05.2001	273,6000061	273,6000061	273,6000061	273,6000061	0
0	0	0	18.05.2001	287,3999939	287,3999939	287,3999939	287,3999939	0
0	0	0	21.05.2001	285,3999939	285,3999939	285,3999939	285,3999939	0
0	0	0	22.05.2001	285,1000061	285,1000061	285,1000061	285,1000061	0
0	0	2	23.05.2001	283,6000061	283,6000061	283,6000061	283,6000061	6
0	0	2	24.05.2001	279,1000061	279,1000061	279,1000061	279,1000061	6
0	0	0	25.05.2001	277,8999939	277,8999939	277,8999939	277,8999939	0
0	0	10	29.05.2001	273,7999878	273,7999878	273,7999878	273,7999878	28775
11	-9	8	30.05.2001	274,3999939	275	264,2000122	265,7000122	2955
3	0	7	31.05.2001	265,1000061	268,1000061	264,7999878	265,2999878	1108
2	2	6	01.06.2001	264,7000122	266,8999939	264,5	266,3999939	251
2	-2	5	04.06.2001	266,8999939	266,8999939	264,5	264,8999939	122
1	1	5	05.06.2001	265	265,8999939	264,5	265,7000122	126
2	-1	5	06.06.2001	266,7000122	267	265,2000122	265,7000122	112
2	0	5	07.06.2001	266,2999878	266,5	265	266	119
8	7	5	08.06.2001	266,2000122	274,2000122	266,2000122	273,3999939	166
5	-3	5	11.06.2001	271,1000061	271,2000122	266,5	267,8999939	131
2	2	5	12.06.2001	270	271,5	269	271,5	91
2	0	4	13.06.2001	271,8999939	272,5	270	272	38
4	3	4	14.06.2001	272	276	272	275,2999878	76
4	-3	3	15.06.2001	274,2999878	274,7000122	271,2000122	271,2000122	20
1	0	3	18.06.2001	272	272,5	271,2999878	272,3999939	31
0	0	3	19.06.2001	273	273,3999939	273	273,3999939	21
2	0	3	20.06.2001	272,7000122	272,7000122	271	272,3999939	26
1	1	3	21.06.2001	271,7999878	272,6000061	271,7999878	272,6000061	12
2	-1	0	22.06.2001	273,6000061	273,6000061	272	272,2999878	0
1	-1	2	25.06.2001	275	275	273,7000122	273,7000122	8
3	2	0	26.06.2001	274	277	274	276,2000122	0
4	-4	0	27.06.2001	275,7000122	275,7000122	272,1000061	272,1000061	0
0	0	0	28.06.2001	269,2999878	269,2999878	269,2999878	269,2999878	0
0	0	0	29.06.2001	270,6000061	270,6000061	270,6000061	270,6000061	0
0	0	0	02.07.2001	269,3999939	269,3999939	269,3999939	269,3999939	0
0	0	1	03.07.2001	267,6000061	267,6000061	267,6000061	267,6000061	1
1	0	1	05.07.2001	265,1000061	265,1000061	263,7000122	265,1000061	1
0	0	4	06.07.2001	265,8999939	265,8999939	265,8999939	265,8999939	70
0	0	0	09.07.2001	266,5	266,5	266,5	266,5	0
0	0	2	10.07.2001	266,2000122	266,2000122	266,2000122	266,2000122	5
0	0	0	11.07.2001	268,2999878	268,2999878	268,2999878	268,2999878	0
0	0	0	12.07.2001	266,6000061	266,6000061	266,6000061	266,6000061	0
0	0	0	13.07.2001	267,1000061	267,1000061	267,1000061	267,1000061	0
0	0	0	16.07.2001	266,8999939	266,8999939	266,8999939	266,8999939	0
0	0	2	17.07.2001	268,1000061	268,1000061	268,1000061	268,1000061	5
0	0	0	18.07.2001	270,3999939	270,3999939	270,3999939	270,3999939	0
0	0	2	19.07.2001	269,3999939	269,3999939	269,3999939	269,3999939	5
0	0	0	20.07.2001	269,8999939	269,8999939	269,8999939	269,8999939	0
0	0	0	23.07.2001	268,7999878	268,7999878	268,7999878	268,7999878	0
0	0	0	24.07.2001	269,7000122	269,7000122	269,7000122	269,7000122	0
0	0	0	25.07.2001	267,7000122	267,7000122	267,7000122	267,7000122	0
0	0	0	26.07.2001	266,2000122	266,2000122	266,2000122	266,2000122	0
0	0	10	27.07.2001	267,3999939	267,3999939	267,3999939	267,3999939	17975
3	-3	8	30.07.2001	267,2999878	267,5	264,1000061	264,6000061	1912
2	1	6	31.07.2001	264,7999878	266,5	264,3999939	266,2000122	348
2	1	6	01.08.2001	266,2000122	268,1000061	265,7999878	267,3999939	284
2	0	5	02.08.2001	267	268	266,1000061	267,3999939	136
2	1	5	03.08.2001	267	268,5	266,5	267,8999939	234
1	-1	5	06.08.2001	267,7999878	267,7999878	267	267,1000061	156
1	0	6	07.08.2001	267	267,2000122	265,8999939	267,2000122	291
2	2	6	08.08.2001	266,1000061	268	265,8999939	267,8999939	436
6	5	5	09.08.2001	268	274	268	273,3999939	107
3	0	1	10.08.2001	273,3999939	275,7999878	273	273,8999939	3
0	0	2	13.08.2001	275,2000122	275,7000122	275,2000122	275,7000122	8
3	2	2	14.08.2001	274,7999878	276,2999878	273,2000122	276,2999878	10
1	1	1	15.08.2001	275	276	275	275,7000122	2
0	0	2	16.08.2001	275	275,2000122	275	275,2000122	6
2	2	3	17.08.2001	277,6000061	279,2999878	277,2000122	279,2999878	26
1	-1	1	20.08.2001	277,2000122	277,2000122	276,1000061	276,1000061	1
0	0	1	21.08.2001	275	275	275	275	2
0	0	0	22.08.2001	274,8999939	274,8999939	274,8999939	274,8999939	0
0	0	0	23.08.2001	275,2999878	275,2999878	275,2999878	275,2999878	0
0	0	4	24.08.2001	272,5	272,5	272,5	272,5	59
0	0	4	27.08.2001	272,5	272,6000061	272,3999939	272,6000061	56
0	0	0	28.08.2001	272,2999878	272,2999878	272,2999878	272,2999878	0
0	0	0	29.08.2001	274,2000122	274,2000122	273,7000122	273,7000122	0
0	0	0	30.08.2001	275,3999939	275,3999939	275,3999939	275,3999939	0
0	0	0	31.08.2001	274,3999939	274,3999939	274,3999939	274,3999939	0
0	0	0	04.09.2001	271,6000061	271,6000061	271,6000061	271,6000061	0
0	0	0	05.09.2001	272	272	272	272	0
0	0	0	06.09.2001	273	273	273	273	0
0	0	0	07.09.2001	273,1000061	273,1000061	273	273,1000061	0
0	0	0	10.09.2001	271,6000061	271,6000061	271,6000061	271,6000061	0
0	0	0	14.09.2001	290,2000122	290,2000122	290,2000122	290,2000122	0
0	0	0	17.09.2001	289,7999878	289,7999878	289,7999878	289,7999878	0
0	0	0	18.09.2001	288,1000061	288,1000061	288,1000061	288,1000061	0
0	0	1	19.09.2001	291,5	291,5	291,5	291,5	1
0	0	1	20.09.2001	289,5	289,5	289	289	1
0	0	0	21.09.2001	291,8999939	291,8999939	291,8999939	291,8999939	0
0	0	0	24.09.2001	289,7999878	289,7999878	289,7000122	289,7000122	0
0	0	0	25.09.2001	290,5	290,5	290,5	290,5	0
0	0	7	26.09.2001	293,2999878	293,2999878	293,2999878	293,2999878	1010
4	-2	7	27.09.2001	293,5	293,5	289	291,7000122	942
3	2	7	28.09.2001	290,7000122	294	290,7000122	292,3999939	1183
2	0	5	01.10.2001	291,7999878	292,8999939	290,5	292,2000122	91
2	-2	5	02.10.2001	292,1000061	292,1000061	289,8999939	289,8999939	157
1	0	4	03.10.2001	291	291,2000122	290,1000061	290,5	84
2	0	3	04.10.2001	290	292	290	290,5	20
1	0	2	05.10.2001	291,5	292,5	291,3999939	291,3999939	10
0	0	2	08.10.2001	292	292,5	292	292,3999939	10
4	-4	3	09.10.2001	292,7000122	292,7000122	288,8999939	288,8999939	17
4	-2	4	10.10.2001	287,5	287,5	284	285,7000122	71
3	-2	5	11.10.2001	283,5	283,5	280,5	281,7999878	140
3	3	3	12.10.2001	282,2000122	284,8999939	282,2000122	284,8999939	27
1	-1	4	15.10.2001	282,7000122	282,7000122	282,1000061	282,1000061	51
1	0	5	16.10.2001	282,2000122	282,7999878	281,7000122	282,2999878	140
1	1	2	17.10.2001	282,2000122	283,3999939	282,2000122	283,3999939	7
3	-3	2	18.10.2001	282,5	282,5	279,2000122	279,2000122	7
1	1	2	19.10.2001	279,5	280,1000061	279	280,1000061	4
0	0	2	22.10.2001	275,5	275,5	275,5	275,5	4
1	-1	4	23.10.2001	277	277	276,1000061	276,1000061	42
0	0	1	24.10.2001	275,8999939	275,8999939	275,8999939	275,8999939	1
0	0	1	25.10.2001	277,7999878	277,7999878	277,7999878	277,7999878	1
0	0	1	26.10.2001	277,8999939	277,8999939	277,8999939	277,8999939	1
1	1	2	29.10.2001	278,5	279,1000061	278,5	279,1000061	6
2	-1	1	30.10.2001	281,2000122	281,2000122	279,5	280,6000061	2
1	0	0	31.10.2001	279,5	280,5	279,5	279,5	0
0	0	0	01.11.2001	279,7000122	279,7000122	279,7000122	279,7000122	0
0	0	0	02.11.2001	279,7999878	279,7999878	279,7999878	279,7999878	0
0	0	0	05.11.2001	278,5	278,5	278,5	278,5	0
0	0	5	06.11.2001	279,7000122	279,7000122	279,7000122	279,7000122	90
0	0	2	07.11.2001	280,5	281	280,5	281	5
1	-1	1	08.11.2001	278	278	276,7999878	276,7999878	1
0	0	0	09.11.2001	277,2000122	277,3999939	277,2000122	277,3999939	0
0	0	2	12.11.2001	278,2999878	278,2999878	278,2999878	278,2999878	4
0	0	0	13.11.2001	277,7999878	277,7999878	277,7999878	277,7999878	0
0	0	0	14.11.2001	277,7999878	277,7999878	277,7999878	277,7999878	0
0	0	0	15.11.2001	275,1000061	275,1000061	275,1000061	275,1000061	0
0	0	0	16.11.2001	274,7000122	274,7000122	274,7000122	274,7000122	0
0	0	0	19.11.2001	272,7000122	272,7000122	272,7000122	272,7000122	0
0	0	0	20.11.2001	273	273	273	273	0
0	0	0	21.11.2001	272,8999939	272,8999939	272,8999939	272,8999939	0
0	0	0	26.11.2001	272,2999878	272,2999878	272,2999878	272,2999878	0
0	0	0	27.11.2001	273,2000122	273,2000122	273,2000122	273,2000122	0
0	0	10	28.11.2001	274,1000061	274,1000061	274,1000061	274,1000061	22395
2	-1	8	29.11.2001	274,1000061	275,3999939	273	273,5	4710
3	1	7	30.11.2001	273,2000122	275,5	272,6000061	273,8999939	744
4	3	6	03.12.2001	273,5	277,5	273,5	276,8999939	389
2	-2	5	04.12.2001	276,8999939	277,2000122	275	275,3999939	214
3	-2	5	05.12.2001	275,2999878	275,6000061	273	273,7000122	198
1	0	4	06.12.2001	274,2000122	274,2999878	273,1000061	274,2000122	73
1	0	6	07.12.2001	274,1000061	274,3999939	273,2999878	273,8999939	478
2	0	6	10.12.2001	272,5	273,2000122	271,2000122	272,2000122	357
1	0	4	11.12.2001	272,5	272,5	271,5	272,2000122	79
1	1	4	12.12.2001	272,7000122	273,7999878	272,5	273,7999878	57
1	0	4	13.12.2001	274	274,3999939	273,5	273,8999939	44
4	3	4	14.12.2001	275	278,5	275	278	51
1	0	3	17.12.2001	278,2000122	278,2000122	277	277,7000122	17
3	0	5	18.12.2001	280,3999939	281,2999878	278,2999878	280,3999939	119
4	-4	3	19.12.2001	280	280	275,5	275,5	18
0	0	3	20.12.2001	276,5	276,5	276	276	18
3	2	4	21.12.2001	276	278,6000061	276	278	39
3	1	0	26.12.2001	278,2999878	280,8999939	278,2999878	279,7000122	0
1	-1	1	27.12.2001	278	278,5	277,2000122	277,3999939	2
0	0	1	28.12.2001	276,5	276,5	276,5	276,5	2
2	2	1	31.12.2001	276,7999878	278,7000122	276,7999878	278,7000122	2
0	0	1	02.01.2002	278,8999939	278,8999939	278,8999939	278,8999939	2
0	0	1	03.01.2002	278,2000122	278,2000122	278,2000122	278,2000122	2
0	0	1	04.01.2002	278,8999939	278,8999939	278,8999939	278,8999939	2
0	0	1	07.01.2002	278,6000061	279	278,6000061	278,6000061	1
0	0	1	08.01.2002	278,8999939	278,8999939	278,8999939	278,8999939	1
0	0	1	09.01.2002	283,3999939	283,3999939	283,3999939	283,3999939	1
0	0	1	10.01.2002	287,1000061	287,1000061	287,1000061	287,1000061	2
0	0	1	11.01.2002	287,3999939	287,3999939	287,3999939	287,3999939	2
0	0	1	14.01.2002	285,3999939	285,3999939	285,3999939	285,3999939	2
0	0	1	15.01.2002	284,3999939	284,3999939	284,3999939	284,3999939	2
0	0	1	16.01.2002	287,2999878	287,2999878	287,2999878	287,2999878	2
0	0	1	17.01.2002	284,3999939	284,3999939	284,3999939	284,3999939	2
0	0	1	18.01.2002	283,1000061	283,1000061	283,1000061	283,1000061	2
0	0	1	22.01.2002	281,5	281,5	281,5	281,5	2
0	0	1	23.01.2002	278,6000061	278,6000061	278,6000061	278,6000061	2
0	0	1	24.01.2002	278,1000061	278,1000061	278,1000061	278,1000061	2
0	0	1	25.01.2002	278,7999878	278,7999878	278,7999878	278,7999878	2
0	0	1	28.01.2002	278,2999878	278,2999878	278,2999878	278,2999878	2
0	0	10	29.01.2002	281,3999939	281,3999939	281,3999939	281,3999939	23818
3	0	8	30.01.2002	281,8999939	283,2000122	280,5	281,8999939	3680
2	1	7	31.01.2002	281	282,7999878	280,7999878	282,1000061	1082
5	4	6	01.02.2002	282,2999878	287,5	282,2000122	286	536
5	3	6	04.02.2002	286	290	285,3999939	289,2999878	336
8	8	7	05.02.2002	290	298,2000122	290	298,2000122	1043
12	0	5	06.02.2002	297,2999878	308	296,2000122	297,5	239
5	2	6	07.02.2002	297,2000122	301,5	296,2000122	299,7000122	264
5	-1	5	08.02.2002	304,5	307,3999939	302,7999878	303,5	187
6	-3	6	11.02.2002	303,5	303,5	297,5	300,1000061	362
4	2	6	12.02.2002	299	300,7000122	297	300,7000122	454
4	-1	5	13.02.2002	300,5	300,7000122	296,7000122	299,3999939	229
1	0	3	14.02.2002	300	300,5	299,3999939	299,7000122	20
3	-2	4	15.02.2002	300,5	301,6000061	298,3999939	298,3999939	62
4	-4	4	19.02.2002	297	297,2999878	293,2000122	293,2000122	35
3	-2	3	20.02.2002	294,1000061	294,2000122	290,7999878	292,2999878	24
2	1	3	21.02.2002	291,7999878	293,3999939	291,7999878	293,2000122	13
1	0	5	22.02.2002	293,2000122	293,2000122	292,5	293,2000122	151
2	0	0	25.02.2002	292,7000122	293	291,5	292,7000122	0
5	4	2	26.02.2002	294	298	293,2000122	298	4
1	1	2	27.02.2002	295,2999878	296,2999878	295,2999878	296,2999878	5
1	1	0	28.02.2002	296	296,7000122	296	296,7000122	0
0	0	0	01.03.2002	298	298	298	298	0
0	0	2	04.03.2002	296,7000122	296,7000122	296,7000122	296,7000122	5
4	-4	0	05.03.2002	298	298	294	294	0
0	0	0	06.03.2002	293,5	293,5	293,3999939	293,5	0
0	0	4	07.03.2002	290,1000061	290,1000061	290,1000061	290,1000061	76
0	0	0	08.03.2002	290,1000061	290,1000061	290,1000061	290,1000061	0
0	0	4	11.03.2002	291,1000061	291,1000061	291,1000061	291,1000061	44
0	0	0	12.03.2002	293,6000061	293,6000061	293,6000061	293,6000061	0
0	0	0	13.03.2002	293,6000061	293,6000061	293,6000061	293,6000061	0
0	0	0	14.03.2002	291	291	291	291	0
0	0	0	15.03.2002	289,8999939	289,8999939	289,8999939	289,8999939	0
0	0	0	18.03.2002	292,1000061	292,1000061	292,1000061	292,1000061	0
0	0	0	19.03.2002	292,7999878	292,7999878	292,7999878	292,7999878	0
0	0	2	20.03.2002	292,1000061	292,1000061	292,1000061	292,1000061	6
0	0	0	21.03.2002	292,7999878	292,7999878	292,7999878	292,7999878	0
0	0	0	22.03.2002	297,2999878	297,2999878	297,2999878	297,2999878	0
0	0	0	25.03.2002	297,3999939	297,3999939	297,3999939	297,3999939	0
0	0	10	26.03.2002	296,6000061	296,6000061	296,6000061	296,6000061	24896
7	5	8	27.03.2002	296,7999878	303,1000061	296,2999878	302,2000122	4104
4	0	6	28.03.2002	302,7999878	304,5	300,5	302,6000061	334
2	1	6	01.04.2002	302,6000061	303,2000122	300,7000122	303,2000122	436
4	3	6	02.04.2002	303	306,7999878	302,5	305,8999939	276
4	-3	6	03.04.2002	306	306	302	302,6000061	251
4	-2	4	04.04.2002	302,6000061	302,6000061	299	301,1000061	86
4	-1	5	05.04.2002	300,7000122	302,5	298,7000122	300,1000061	97
2	2	5	08.04.2002	299	301,5	299	300,5	133
2	-1	4	09.04.2002	300	300	298,5	298,7999878	66
5	4	4	10.04.2002	298	302,5	297,7000122	301,7000122	42
2	0	5	11.04.2002	301,7000122	303,2000122	301,5	302,2000122	108
2	1	5	12.04.2002	301,5	302,1000061	300,5	302,1000061	118
3	-3	5	15.04.2002	303,2999878	303,2999878	299,8999939	300	132
2	0	4	16.04.2002	299,2000122	299,2000122	297,5	298,7999878	39
4	3	2	17.04.2002	298,7999878	303,2999878	298,7999878	302,1000061	11
2	1	4	18.04.2002	303,6000061	306	303,6000061	304,5	68
1	0	3	19.04.2002	302,5	302,5	301,8999939	302,2999878	30
1	-1	4	22.04.2002	304,1000061	304,1000061	303	303	40
1	1	5	23.04.2002	302,8999939	304	302,7999878	304	120
1	-1	5	24.04.2002	305	305,7000122	304,2999878	304,2999878	173
4	3	0	25.04.2002	305,3999939	309,2999878	305,3999939	308,1000061	0
6	3	0	26.04.2002	308,3999939	312,5	306,5	311,6000061	0
0	0	0	29.04.2002	311,2000122	311,2000122	311,2000122	311,2000122	0
0	0	0	30.04.2002	308,8999939	308,8999939	308,8999939	308,8999939	0
0	0	0	01.05.2002	309,1000061	309,1000061	309,1000061	309,1000061	0
0	0	0	02.05.2002	308,2999878	308,2999878	308,2999878	308,2999878	0
0	0	0	03.05.2002	312,2000122	312,2000122	312,2000122	312,2000122	0
0	0	0	06.05.2002	311,2000122	311,2000122	311,2000122	311,2000122	0
0	0	0	07.05.2002	311,6000061	311,6000061	311,6000061	311,6000061	0
0	0	1	08.05.2002	308,2000122	308,2000122	308,2000122	308,2000122	2
2	2	0	09.05.2002	307,5	309,5	307,5	309,5	0
0	0	0	10.05.2002	311	311	311	311	0
0	0	2	13.05.2002	311	311	310,6000061	310,6000061	7
1	0	0	14.05.2002	307,5	307,5	306,7999878	307,2999878	0
0	0	0	15.05.2002	308,7000122	308,7000122	308,7000122	308,7000122	0
0	0	0	16.05.2002	309,7999878	309,7999878	309,7999878	309,7999878	0
0	0	0	17.05.2002	310,6000061	310,6000061	310,6000061	310,6000061	0
0	0	0	20.05.2002	315,7000122	315,7000122	315,7000122	315,7000122	0
0	0	0	21.05.2002	315,7999878	315,7999878	315,7999878	315,7999878	0
0	0	0	22.05.2002	318	318	318	318	0
0	0	0	23.05.2002	322,5	322,5	322,5	322,5	0
0	0	0	24.05.2002	320,3999939	320,3999939	320,3999939	320,3999939	0
0	0	0	28.05.2002	323,8999939	323,8999939	323,8999939	323,8999939	0
0	0	10	29.05.2002	325,3999939	325,3999939	325,3999939	325,3999939	22051
3	0	9	30.05.2002	325,3999939	326,7000122	323,5	325,5	6764
5	2	7	31.05.2002	325	329	324,2000122	326,5	919
4	0	8	03.06.2002	326,6000061	328,5	325	326,7000122	1866
3	1	7	04.06.2002	327	330,2999878	327	327,7999878	996
7	-6	5	05.06.2002	327,2999878	327,2999878	320,1000061	321,2000122	190
5	4	6	06.06.2002	321,1000061	326	321,1000061	324,8999939	422
4	-1	5	07.06.2002	325,5	327,5	323,8999939	324,6000061	237
6	-4	5	10.06.2002	323	323,8999939	318	318,7000122	171
4	0	6	11.06.2002	319,2999878	319,7000122	316	319,7000122	602
4	1	4	12.06.2002	319,6000061	322,2999878	318,7999878	320,2999878	71
3	-2	4	13.06.2002	320,1000061	320,1000061	317	317,7000122	67
2	-2	4	14.06.2002	321,2000122	321,5	319,1000061	319,1000061	43
2	-1	6	17.06.2002	318	318,7999878	317,2999878	317,3999939	329
2	2	3	18.06.2002	317	319,2000122	317	319,2000122	19
1	0	5	19.06.2002	320,2000122	320,6000061	319,7999878	319,7999878	116
3	2	4	20.06.2002	321,2999878	324,5	321,2999878	323,2000122	52
3	2	6	21.06.2002	322,8999939	325,2000122	322,2000122	324,6000061	329
3	-2	6	24.06.2002	326,5	327,2999878	324	324,2999878	294
6	-4	0	25.06.2002	323,7000122	323,7000122	318	320,2000122	0
4	-2	3	26.06.2002	322,1000061	324	320,5	320,5	13
1	-1	0	27.06.2002	320,2999878	320,2999878	319,2000122	319,2000122	0
0	0	0	28.06.2002	313,5	313,5	313,5	313,5	0
0	0	3	01.07.2002	314	314	314	314	20
2	-2	0	02.07.2002	315	315,2999878	312,7999878	312,7999878	0
0	0	1	03.07.2002	311	311	310,8999939	310,8999939	2
1	-1	2	08.07.2002	313,2999878	313,2999878	312,1000061	312,1000061	10
4	3	0	09.07.2002	313,3999939	316,1000061	312,6000061	316,1000061	0
0	0	0	10.07.2002	314,7000122	314,7000122	314,7000122	314,7000122	0
0	0	0	11.07.2002	317,2000122	317,2000122	317,2000122	317,2000122	0
0	0	1	12.07.2002	315,6000061	315,6000061	315,6000061	315,6000061	2
2	-1	3	15.07.2002	320,5	320,5	319	319,6000061	18
1	-1	0	16.07.2002	318,2000122	318,2000122	317,2000122	317,2000122	0
0	0	3	17.07.2002	317,3999939	317,3999939	317,3999939	317,3999939	24
0	0	3	18.07.2002	317	317	317	317	29
0	0	6	19.07.2002	323,8999939	323,8999939	323,8999939	323,8999939	403
0	0	0	22.07.2002	323,6000061	323,6000061	323,6000061	323,6000061	0
0	0	0	23.07.2002	312,7000122	312,7000122	312,7000122	312,7000122	0
0	0	0	24.07.2002	311,5	311,5	311,5	311,5	0
0	0	1	25.07.2002	309,7999878	309,7999878	309,7999878	309,7999878	3
0	0	0	26.07.2002	303,3999939	303,3999939	303,3999939	303,3999939	0
2	0	10	29.07.2002	302,5	302,5	300,7999878	302,5	23830
4	2	8	30.07.2002	301,5	305,2000122	301,5	303,7000122	3224
4	0	7	31.07.2002	303,7000122	305,2999878	301,7999878	303,2000122	965
7	1	5	01.08.2002	303,2000122	304,7999878	298	304	217
4	3	6	02.08.2002	303,6000061	307,8999939	303,6000061	307	392
3	0	5	05.08.2002	307,5	309,6000061	306,5	307,7999878	139
3	-2	4	06.08.2002	307,5	307,5	304,7999878	305,5	52
8	6	5	07.08.2002	308	315,5	307,8999939	314,2999878	177
4	-4	4	08.08.2002	314,6000061	314,6000061	310,2999878	310,3999939	86
5	4	3	09.08.2002	310	315	310	314,2000122	29
4	0	2	12.08.2002	313,7999878	318	313,7999878	314,1000061	8
1	1	4	13.08.2002	313,6000061	315	313,6000061	314,2000122	68
6	-5	5	14.08.2002	317	317	311	311,7999878	152
5	3	5	15.08.2002	311,6000061	316,5	311,1000061	314,2999878	132
3	1	7	16.08.2002	313,1000061	315	312,2000122	313,7000122	725
8	-7	5	19.08.2002	313,1000061	313,1000061	305,5	306	118
2	1	5	20.08.2002	307,3999939	308,7000122	306,2000122	308,7000122	219
2	0	5	21.08.2002	307,5	308	306	307,6000061	105
2	1	6	22.08.2002	305,7999878	306,6000061	304,8999939	306,6000061	378
2	1	4	23.08.2002	305,5	306,7000122	305,2000122	306,7000122	53
1	-1	5	26.08.2002	310,5	310,5	309,3999939	309,3999939	153
4	4	0	27.08.2002	308,5	312,8999939	308,5	312,2999878	0
3	-2	3	28.08.2002	311,8999939	312,5	309,3999939	309,3999939	17
1	1	0	29.08.2002	312	312,8999939	312	312,8999939	0
0	0	4	30.08.2002	312,3999939	312,3999939	312,3999939	312,3999939	36
1	1	0	03.09.2002	312,5	313,3999939	312,5	313,3999939	0
0	0	0	04.09.2002	314,8999939	314,8999939	314,8999939	314,8999939	0
0	0	2	05.09.2002	318,2000122	318,2000122	318,2000122	318,2000122	7
0	0	0	06.09.2002	320	320	319,8999939	319,8999939	0
0	0	0	09.09.2002	321,2999878	321,2999878	321,2999878	321,2999878	0
0	0	0	10.09.2002	317,8999939	317,8999939	317,8999939	317,8999939	0
0	0	0	11.09.2002	316,6000061	316,6000061	316,6000061	316,6000061	0
0	0	0	12.09.2002	318,8999939	318,8999939	318,8999939	318,8999939	0
2	-2	0	13.09.2002	319	319	316,6000061	316,6000061	0
0	0	0	16.09.2002	317,1000061	317,1000061	317,1000061	317,1000061	0
0	0	0	17.09.2002	317	317	317	317	0
0	0	0	18.09.2002	320,6000061	320,6000061	320,6000061	320,6000061	0
0	0	0	19.09.2002	322,6000061	322,6000061	322,6000061	322,6000061	0
0	0	2	20.09.2002	321,8999939	321,8999939	321,8999939	321,8999939	7
0	0	0	23.09.2002	323	323	323	323	0
0	0	0	24.09.2002	325,8999939	325,8999939	325,8999939	325,8999939	0
0	0	0	25.09.2002	322,2000122	322,2000122	322,2000122	322,2000122	0
0	0	8	26.09.2002	320,2999878	320,2999878	320,2999878	320,2999878	3485
2	0	7	27.09.2002	319,6000061	321,2000122	319	319,7000122	858
4	3	4	30.09.2002	320,7000122	324,2000122	320,3999939	323,8999939	43
1	-1	8	01.10.2002	322	322	320,8999939	320,8999939	2837
2	2	4	02.10.2002	319,6000061	321,5	319,6000061	321,5	41
2	0	2	03.10.2002	321	322,8999939	321	321,1000061	9
1	1	5	04.10.2002	321,3999939	322,1000061	321,3999939	322,1000061	117
0	0	3	07.10.2002	322	322,2000122	321,8999939	321,8999939	12
2	-1	2	08.10.2002	319	319,7000122	318,2000122	318,2000122	5
1	1	4	09.10.2002	318,2000122	319,6000061	318,2000122	319,6000061	35
3	-2	2	10.10.2002	319	319,2999878	316,5	316,5	10
1	0	3	11.10.2002	316,7000122	317	316,2999878	316,2999878	18
0	0	2	14.10.2002	318	318	317,7999878	317,7999878	6
3	-3	3	15.10.2002	315,5	315,5	312,6000061	312,6000061	31
0	0	6	16.10.2002	314,5	314,5	314	314	539
2	-2	3	17.10.2002	314	314	311,5	311,6000061	17
1	0	3	18.10.2002	312,2000122	313,2000122	311,7999878	312,7000122	17
2	0	3	21.10.2002	310,8999939	313	310,8999939	310,8999939	12
1	0	3	22.10.2002	313,2999878	313,2999878	312,2999878	313	12
1	-1	4	23.10.2002	313,2999878	313,2999878	312	312	80
2	-1	2	24.10.2002	311,7000122	311,7000122	309,7999878	310,7000122	10
1	-1	3	25.10.2002	314	314	312,7999878	313,3999939	26
1	1	0	28.10.2002	314	315,2000122	314	315,2000122	0
2	0	3	29.10.2002	317,7000122	317,7000122	316	317,7000122	13
0	0	1	30.10.2002	316,5	316,5	316	316,5	2
0	0	0	31.10.2002	318	318	318	318	0
0	0	0	01.11.2002	318,7999878	318,7999878	318,7999878	318,7999878	0
0	0	0	04.11.2002	318,2999878	318,2999878	318,2999878	318,2999878	0
0	0	0	05.11.2002	318,2000122	318,2000122	318,2000122	318,2000122	0
0	0	0	06.11.2002	317,5	317,5	317,5	317,5	0
0	0	1	07.11.2002	320,5	320,5	320,5	320,5	2
0	0	0	08.11.2002	321,5	321,5	321,2999878	321,2999878	0
0	0	0	11.11.2002	321,2000122	321,2000122	321,2000122	321,2000122	0
0	0	2	12.11.2002	324,5	324,5	324,5	324,5	4
1	0	0	13.11.2002	318,7000122	318,7000122	317,5	318,7000122	0
1	-1	0	14.11.2002	318,7999878	318,7999878	317,8999939	317,8999939	0
0	0	0	15.11.2002	320,7000122	320,7000122	320,7000122	320,7000122	0
0	0	0	18.11.2002	319,2000122	319,2000122	319,2000122	319,2000122	0
0	0	0	19.11.2002	318,6000061	318,6000061	318,6000061	318,6000061	0
0	0	0	20.11.2002	317,3999939	317,3999939	317,3999939	317,3999939	0
0	0	1	21.11.2002	317,3999939	317,3999939	317,3999939	317,3999939	2
4	3	2	22.11.2002	317,3999939	320,7000122	317,2000122	320,7000122	4
1	1	11	25.11.2002	316,5	317,7999878	316,5	317,7999878	50896
2	0	0	26.11.2002	318,1000061	318,8999939	317,1000061	317,7000122	0
2	-1	8	27.11.2002	318	318,5	316,7000122	316,7999878	3643
3	0	7	02.12.2002	318,1000061	318,5	315,5	317,6000061	750
4	3	6	03.12.2002	317,3999939	321,2000122	317,1000061	320,2000122	628
3	2	6	04.12.2002	319,7999878	323	319,7999878	322,2000122	395
4	3	7	05.12.2002	321,7000122	324,7999878	321	324,7999878	859
4	2	5	06.12.2002	324,2999878	328	324,2999878	326,2999878	134
2	0	5	09.12.2002	325,7000122	326,6000061	324,7999878	325,7999878	124
3	-2	6	10.12.2002	326	326,2000122	323	323,5	274
2	2	5	11.12.2002	323,2000122	325	323,2000122	324,7999878	224
6	-2	5	12.12.2002	333	333	326,5	331,3999939	234
6	2	4	13.12.2002	331	336	330,2999878	333,2000122	64
4	3	5	16.12.2002	334	337	332,5	337	175
6	0	3	17.12.2002	337,5	342	336,5	337,3999939	27
6	5	4	18.12.2002	337,2999878	342,5	337	342,1000061	84
7	2	4	19.12.2002	344,3999939	349,2000122	342,5	345,8999939	48
6	-6	4	20.12.2002	346	346	340	340,5	57
3	1	5	23.12.2002	344,5	345,1000061	342	345,1000061	227
2	1	4	24.12.2002	346,1000061	347,7000122	346	346,7999878	43
4	3	0	26.12.2002	346	350,3999939	346	348,8999939	0
3	0	5	27.12.2002	348,7999878	350,5	347,2000122	349,2000122	95
7	-7	2	30.12.2002	350,3999939	350,3999939	343,3999939	343,3999939	11
7	4	0	31.12.2002	343,6000061	347,6000061	341	347,6000061	0
0	0	1	02.01.2003	346,1000061	346,1000061	346,1000061	346,1000061	3
6	6	0	03.01.2003	345,2000122	351,2000122	345,2000122	351,2000122	0
1	0	1	06.01.2003	351,7000122	351,7000122	351,1000061	351,7000122	2
2	-2	2	07.01.2003	349,2999878	349,2999878	347,2999878	347,2999878	4
8	7	0	08.01.2003	346,7999878	353,8999939	346,2999878	353,8999939	0
0	0	1	09.01.2003	353,2999878	353,2999878	353,2999878	353,2999878	2
0	0	1	10.01.2003	354,2000122	354,5	354,2000122	354,5	1
3	3	0	13.01.2003	352	354,7000122	352	354,7000122	0
0	0	1	14.01.2003	352	352	352	352	1
1	1	0	15.01.2003	350	350,7000122	350	350,7000122	0
0	0	0	16.01.2003	357,7000122	357,7000122	357,7000122	357,7000122	0
0	0	0	17.01.2003	356,6000061	356,6000061	356,6000061	356,6000061	0
1	0	3	21.01.2003	357,2999878	357,2999878	356,2000122	357,2999878	20
2	-1	0	22.01.2003	360,5	360,5	359	359,7000122	0
0	0	1	23.01.2003	364,5	364,5	364,5	364,5	1
1	0	4	24.01.2003	368,2000122	368,2000122	367	368,2000122	44
3	-2	3	27.01.2003	371	372	369,3999939	369,3999939	28
1	1	0	28.01.2003	369	370	369	370	0
0	0	7	29.01.2003	366,2999878	366,2999878	366,2999878	366,2999878	834
7	3	9	30.01.2003	366	370	362,6000061	368,6000061	6537
4	0	7	31.01.2003	368,7999878	371,5	367	368,2999878	821
4	3	7	03.02.2003	368	372	368	370,7999878	1358
8	8	7	04.02.2003	371,3999939	379,5	371,2000122	379	833
15	-3	7	05.02.2003	379	388,8999939	374	376,3999939	730
9	0	5	06.02.2003	370	377	368,3999939	370,1000061	179
7	-1	6	07.02.2003	370,5	374,5	367,5	369,8999939	572
8	-7	6	10.02.2003	370,3999939	372	363,7000122	363,7000122	611
4	-1	7	11.02.2003	363,2000122	365,3999939	361,7999878	362,5	801
12	-11	5	12.02.2003	363,7999878	364,6000061	352,6000061	352,6000061	221
10	5	5	13.02.2003	352,3999939	359	349	357,3999939	207
8	-3	6	14.02.2003	354,8999939	357,6000061	349,8999939	351,8999939	518
6	-4	6	18.02.2003	347,7999878	348	342	344,2000122	319
6	6	5	19.02.2003	344	350	344	349,8999939	160
5	1	5	20.02.2003	351,7000122	355	350	353,1000061	202
2	-1	4	21.02.2003	352,5	353,7999878	351,7999878	351,7999878	83
5	2	5	24.02.2003	353,8999939	358	353	356,2999878	115
7	-5	0	25.02.2003	357,3999939	359	352	352,2999878	0
4	1	1	26.02.2003	353	356	351,5	354	3
0	0	0	27.02.2003	346,1000061	346,1000061	346,1000061	346,1000061	0
0	0	3	28.02.2003	350,2000122	350,2000122	350,2000122	350,2000122	16
0	0	0	03.03.2003	349,2000122	349,2000122	349,2000122	349,2000122	0
0	0	0	04.03.2003	353,2000122	353,2000122	353,2000122	353,2000122	0
0	0	0	05.03.2003	353,1000061	353,1000061	353,1000061	353,1000061	0
0	0	0	06.03.2003	356,7999878	356,7999878	356,7999878	356,7999878	0
0	0	0	07.03.2003	350,7999878	350,7999878	350,7999878	350,7999878	0
0	0	0	10.03.2003	354,7000122	354,7000122	354,7000122	354,7000122	0
0	0	0	11.03.2003	350,5	350,5	350,5	350,5	0
0	0	1	12.03.2003	346,5	346,5	346,5	346,5	1
7	-7	1	13.03.2003	342,7000122	342,7000122	335,8999939	335,8999939	1
0	0	2	14.03.2003	336,5	336,5	336,5	336,5	4
6	-6	3	17.03.2003	343	343	337,1000061	337,1000061	24
4	2	2	18.03.2003	336	340,1000061	336	337,6000061	5
0	0	0	19.03.2003	336,1000061	336,1000061	336,1000061	336,1000061	0
0	0	0	20.03.2003	332,8999939	332,8999939	332,8999939	332,8999939	0
0	0	0	21.03.2003	326	326	326	326	0
0	0	2	24.03.2003	329,5	329,5	329,5	329,5	5
0	0	3	25.03.2003	328,3999939	328,3999939	328,3999939	328,3999939	13
0	0	0	26.03.2003	330,2999878	330,2999878	330,2999878	330,2999878	0
0	0	0	27.03.2003	328,7000122	328,7000122	328,7000122	328,7000122	0
3	-3	8	28.03.2003	331,5	331,5	328,7000122	328,7000122	4021
5	4	8	31.03.2003	331,6000061	336,3999939	331,6000061	335,8999939	2026
5	-2	6	01.04.2003	336	338,3999939	333,7999878	334,2999878	434
8	-5	6	02.04.2003	334,3999939	335,7000122	327,5	329,6000061	293
6	-5	6	03.04.2003	329,7000122	329,7000122	323,2000122	324,8999939	636
2	1	5	04.04.2003	324,7000122	325,5	323	325,2999878	154
4	0	4	07.04.2003	321	323,5	319,2999878	321,5	55
2	0	7	08.04.2003	322,2999878	323,8999939	321,5	322,2000122	860
5	3	5	09.04.2003	323	327	322	325,6000061	163
3	0	4	10.04.2003	327	327,2999878	324,3999939	326,7000122	45
4	1	5	11.04.2003	326,5	327,8999939	323,3999939	327,8999939	139
2	-1	3	14.04.2003	325,6000061	326	324,2000122	324,2000122	25
3	0	5	15.04.2003	324,5	325,8999939	322,5	324,8999939	149
2	0	0	16.04.2003	325,5	325,7999878	323,5	325,7999878	0
2	1	3	17.04.2003	326	328,2999878	326	327,2000122	16
4	4	0	21.04.2003	329,7000122	333,5	329,5	333,5	0
3	1	3	22.04.2003	333,5	336,5	333,2000122	334,3999939	22
3	-3	4	23.04.2003	334,2999878	334,7000122	331,5	331,5	77
3	2	3	24.04.2003	332,6000061	335,2000122	331,7999878	334,7999878	21
1	0	0	25.04.2003	333,3999939	334,5	333,2999878	333,3999939	0
0	0	1	28.04.2003	335	335	334,5	334,5	1
0	1	1	29.04.2003	333	333	333	333,7000122	1
0	2	2	30.04.2003	337	337	337	339,1000061	6
0	3	1	01.05.2003	339	339	339	342,1000061	1
0	-1	1	02.05.2003	342,1000061	342,2000122	342,2000122	341	1
0	0	1	05.05.2003	342,2999878	342,2999878	342,2999878	342,2999878	1
0	0	2	06.05.2003	342,5	342,5	342,5	342,5	5
0	0	2	07.05.2003	342,1000061	342,1000061	342,1000061	341,8999939	5
0	4	2	08.05.2003	344,6000061	344,6000061	344,6000061	348,3999939	6
0	0	1	09.05.2003	348,2999878	348,2000122	348,2000122	348,6000061	1
0	0	1	12.05.2003	351,6000061	351,6000061	351,6000061	351,6000061	1
0	0	1	13.05.2003	350	350	350	350	1
0	2	1	14.05.2003	350,1000061	350,1000061	350,1000061	352,2999878	1
0	0	1	15.05.2003	352,6000061	352,6000061	352,6000061	352,6000061	1
0	2	1	16.05.2003	352,6000061	352,7000122	352,7000122	354,7000122	1
0	0	1	19.05.2003	364,2000122	364,2000122	364,2000122	364,2000122	1
0	0	1	20.05.2003	366,2999878	366,2999878	366,2999878	366,2999878	1
0	6	1	21.05.2003	366,3999939	366,3999939	366,3999939	372	1
0	0	1	22.05.2003	368,1000061	368,1000061	368,1000061	368,1000061	1
0	0	1	23.05.2003	368,7999878	368,7999878	368,7999878	368,7999878	1
0	0	11	27.05.2003	367,7999878	367,7999878	367,7999878	367,7999878	68840
9	-2	11	28.05.2003	367	367,2999878	358,6000061	365,2000122	57228
10	4	10	29.05.2003	365,1000061	370	360,2000122	369,6000061	33180
9	-4	8	30.05.2003	368,6000061	369,6000061	360,5	364,5	4747
7	6	8	02.06.2003	360	367	360	366	1955
4	0	7	03.06.2003	365	366,8999939	363	365,2000122	987
5	-4	6	04.06.2003	366,1000061	366,1000061	361,5	362,6000061	452
9	7	8	05.06.2003	361,7999878	370	360,8999939	368,6000061	1831
6	-4	7	06.06.2003	368,1000061	368,1000061	362	363,7000122	942
5	-1	6	09.06.2003	362,7999878	366,1000061	361,2000122	361,7999878	453
11	-7	7	10.06.2003	359,5	362,2999878	351,5	352,2000122	1371
4	3	6	11.06.2003	352,2000122	356,1000061	352,2000122	355,5	558
5	-1	5	12.06.2003	354,5	355,6000061	351	353,2999878	114
5	3	4	13.06.2003	353,7000122	357	352,2999878	356,6000061	82
3	0	6	16.06.2003	359,1000061	359,2999878	356,5	359	560
5	3	5	17.06.2003	359,8999939	365	359,8999939	363,2000122	146
4	-4	4	18.06.2003	360,7000122	361	356,7999878	357,2000122	67
7	5	3	19.06.2003	356	363	356	361,2999878	29
6	-6	5	20.06.2003	362,2999878	362,2999878	356	356,2999878	93
6	-3	5	23.06.2003	355,8999939	357,2999878	351,5	353	178
8	-8	4	24.06.2003	354	354	346,2999878	346,2999878	83
2	1	6	25.06.2003	348,1000061	349,8999939	347,7000122	349,2999878	514
2	-3	1	26.06.2003	346,5	345,5	343,3999939	343,8999939	1
0	0	1	27.06.2003	345,2000122	345,2000122	345,2000122	345,2000122	3
0	1	1	30.06.2003	345,2999878	345,2999878	345,2999878	346	3
0	0	1	01.07.2003	351,3999939	351,3999939	351,3999939	351,3999939	3
0	0	1	02.07.2003	351,3999939	351,3999939	351,3999939	351,2999878	3
0	0	1	03.07.2003	351	351	351	351	3
0	-3	1	07.07.2003	351	351	351	348,1000061	3
0	0	1	08.07.2003	344,1000061	344,1000061	344,1000061	344,1000061	3
0	0	1	09.07.2003	343,6000061	343,6000061	343,6000061	343,6000061	3
0	1	1	10.07.2003	343,6000061	343,6000061	343,6000061	344,2999878	3
0	1	1	11.07.2003	344	344	344	344,7999878	1
0	3	5	14.07.2003	344,5	346,8999939	346,8999939	347,7000122	120
0	-6	5	15.07.2003	347,7000122	347,7000122	347,7000122	342,1000061	120
0	1	5	16.07.2003	342,1000061	342,1000061	342,1000061	343,1000061	100
0	1	5	17.07.2003	343,1000061	343,1000061	343,1000061	344,2000122	100
0	4	5	18.07.2003	343,5	344,2999878	344,2999878	347,2000122	100
0	0	5	21.07.2003	350,8999939	350,8999939	350,8999939	350,8999939	100
0	0	5	22.07.2003	350,8999939	350,8999939	350,8999939	350,6000061	100
0	8	5	23.07.2003	350,6000061	350,6000061	350,6000061	358,6000061	100
0	4	5	24.07.2003	358,6000061	358,7000122	358,7000122	362,2000122	100
0	0	5	25.07.2003	362,7000122	362,7000122	362,7000122	362,7000122	100
0	2	5	28.07.2003	362,7000122	362,7000122	362,7000122	364,7999878	100
0	-3	11	29.07.2003	364,7000122	364,7999878	364,7999878	361,7000122	48032
8	-5	10	30.07.2003	361,1000061	362	354,5	356,2000122	34582
4	-1	8	31.07.2003	354,7000122	357,5	353	354	2554
9	-8	8	01.08.2003	354,1000061	355,1000061	346	346,1000061	2275
4	3	7	04.08.2003	346,5	350,7999878	346,2999878	349,2000122	1783
2	0	5	05.08.2003	349,1000061	349,7999878	348,2000122	349,6000061	102
3	-1	6	06.08.2003	352	352,2000122	349	350,7999878	384
3	2	6	07.08.2003	351	353,3999939	350,1000061	352,5	407
6	2	5	08.08.2003	354	357,5	352	356,2999878	151
2	2	4	11.08.2003	359,6000061	361	358,7000122	361,7000122	45
2	-1	3	12.08.2003	359,6000061	359,6000061	358,1000061	358,5	25
7	5	3	13.08.2003	357,2000122	363,7999878	357,2000122	362,1000061	15
3	2	3	14.08.2003	363,7999878	366	363	366	15
2	-3	3	15.08.2003	366	366	363,5	363,2000122	25
2	-2	3	18.08.2003	360	360	358	358,3999939	21
4	5	5	19.08.2003	357	361,2999878	357	361,6000061	91
6	4	4	20.08.2003	361,1000061	367	361,1000061	365,6000061	86
2	-4	4	21.08.2003	364,6000061	364,6000061	362,7000122	360,6000061	49
2	1	4	22.08.2003	362	363,5	362	363,1000061	37
3	-3	3	25.08.2003	364	364	361	361,2999878	26
6	4	5	26.08.2003	361,5	366,5	361	365,7999878	187
4	8	2	27.08.2003	365,8999939	375	370,5	373,5	6
0	2	2	28.08.2003	369	369	369	370,5	7
0	1	2	29.08.2003	375	375	375	375,7000122	6
0	-2	2	02.09.2003	375	375	375	373,2000122	8
0	0	2	03.09.2003	373,8999939	373,8999939	373,8999939	373,8999939	8
0	0	2	04.09.2003	372,8999939	372,8999939	372,8999939	372,8999939	8
0	0	2	05.09.2003	377,6000061	377,6000061	377,6000061	377,6000061	8
0	0	2	08.09.2003	375,1000061	375,1000061	375,1000061	375,1000061	8
0	0	2	09.09.2003	381,7000122	381,7000122	381,7000122	381,7000122	8
0	0	2	10.09.2003	380	380	380	380	8
0	2	1	11.09.2003	378	378	378	379,7000122	1
0	0	1	12.09.2003	375,7999878	375,7999878	375,7999878	375,7999878	1
0	-1	1	15.09.2003	375,3999939	375,3999939	375,3999939	374,5	1
0	0	1	16.09.2003	373,5	373,5	373,5	373,5	1
0	0	1	17.09.2003	376,2000122	376,2000122	376,2000122	376,2000122	1
0	0	1	18.09.2003	376,6000061	376,6000061	376,6000061	376,6000061	1
0	0	1	19.09.2003	381,7999878	381,7999878	381,7999878	381,7999878	1
0	0	1	22.09.2003	387,2000122	387,2000122	387,2000122	387,2000122	1
0	0	1	23.09.2003	385,8999939	385,8999939	385,8999939	385,8999939	1
0	0	1	24.09.2003	387,5	387,5	387,5	387,5	1
0	0	1	25.09.2003	385	385	385	385	1
0	0	9	26.09.2003	380,7999878	380,7999878	380,7999878	380,7999878	7322
5	1	9	29.09.2003	381	385	380,1000061	382,3999939	5080
6	3	8	30.09.2003	382,2999878	388,7000122	382,2999878	385,3999939	3738
3	-1	4	01.10.2003	385,5	386,2999878	383	384,2999878	83
5	-2	5	02.10.2003	385,1000061	385,1000061	380,5	383,1000061	146
16	-14	7	03.10.2003	383	384,5	368	369,3999939	708
3	1	5	06.10.2003	371,5	373,2999878	370,7000122	372,7000122	93
2	3	4	07.10.2003	374,6000061	376,7999878	374,6000061	377,2000122	89
2	-1	4	08.10.2003	376,7000122	377,7999878	376	375,3999939	89
4	-4	7	09.10.2003	373,5	373,5	369	369,2000122	1556
0	3	5	10.10.2003	370,7999878	370,7999878	370,7999878	373,6000061	96
1	4	3	13.10.2003	371,2999878	371,2999878	370	375,2000122	13
2	2	4	14.10.2003	373,5	375,7999878	373,5	375,7000122	35
0	-1	1	15.10.2003	374	374	374	372,6000061	2
0	0	3	16.10.2003	372,7000122	372,7000122	372,7000122	372,7000122	18
0	2	1	17.10.2003	369,5	369,5	369,5	371,7999878	2
2	0	2	20.10.2003	373,5	374,5	373	374	9
4	3	5	21.10.2003	378,7000122	382	377,6000061	381,7000122	98
2	10	5	22.10.2003	376,5	386,6000061	385	386,5	178
3	-1	3	23.10.2003	386	387,7999878	384,6000061	384,7000122	28
10	4	4	24.10.2003	384,7000122	394	384,1000061	388,8999939	62
2	0	4	27.10.2003	387,7999878	389	387	387,8999939	54
2	-2	5	28.10.2003	385	385,5	383	383,2000122	229
6	4	1	29.10.2003	383	387	380,7999878	386,7999878	2
0	-3	1	30.10.2003	387,1000061	387,1000061	387,1000061	384,2999878	2
0	0	1	31.10.2003	384,5	384,5	384,5	384,5	2
0	-6	1	03.11.2003	382,7999878	383	382,7999878	377	3
0	3	1	04.11.2003	377	377	377	379,8999939	3
0	0	1	05.11.2003	382,6000061	382,6000061	382,6000061	382,6000061	3
0	0	1	06.11.2003	380,6000061	380,6000061	380,6000061	380,6000061	3
0	0	1	07.11.2003	383,2999878	383,2999878	383,2999878	383,2999878	3
0	0	1	10.11.2003	386,6000061	386,6000061	386,6000061	386,6000061	3
0	-1	1	11.11.2003	388,7000122	388,7000122	388,7000122	388,1000061	3
0	3	1	12.11.2003	391,7000122	396,5	396	394,8999939	1
0	-2	5	13.11.2003	396	396	396	394,1000061	101
0	0	5	14.11.2003	397,7999878	397,7999878	397,7999878	397,7999878	101
0	-6	5	17.11.2003	397,6000061	398	398	391,5	101
0	0	5	18.11.2003	397,6000061	397,6000061	397,6000061	397,6000061	101
0	-3	5	19.11.2003	397,7000122	397,7000122	397,7000122	394,8999939	101
0	0	5	20.11.2003	393,7000122	393,7000122	393,7000122	393,7000122	101
2	2	1	21.11.2003	394	395,7999878	394	396	2
0	0	11	24.11.2003	391,5	391,5	391,5	391,5	77377
4	0	11	25.11.2003	391,5	393,2000122	389,5	391,1000061	74334
11	6	9	26.11.2003	390,7000122	402	390,6000061	396,7999878	12662
6	6	7	01.12.2003	397,2000122	402,8999939	397	402,7000122	1664
6	2	7	02.12.2003	402	406	399,5	403,7000122	1519
2	1	8	03.12.2003	403,2000122	404	401,5	403,8999939	2672
5	-1	6	04.12.2003	403,8999939	405	400	403,2999878	304
7	4	6	05.12.2003	402,5	406,7999878	400	406,3999939	655
4	-2	5	08.12.2003	409	409,5	405,2999878	406,6000061	221
3	1	7	09.12.2003	407	409,1000061	406,5	408,2000122	1224
6	-1	7	10.12.2003	406,8999939	412	405,7999878	406,2000122	842
4	-1	5	11.12.2003	405,7999878	407	402,7000122	404,6000061	101
4	3	5	12.12.2003	406,1000061	409,8999939	406,1000061	409,3999939	171
9	8	4	15.12.2003	401,6000061	411	401,6000061	409,2000122	86
3	-2	4	16.12.2003	410	410	407	407,7000122	39
3	3	5	17.12.2003	409,1000061	410,7999878	407,7000122	412	185
5	-3	4	18.12.2003	413,2000122	413,2000122	408	410,3999939	85
3	-2	5	19.12.2003	410,7999878	411,2000122	408,1000061	409,2000122	94
2	1	4	22.12.2003	409,6000061	411,5	409,6000061	410,6000061	52
2	1	5	23.12.2003	410,3999939	411,5	409,7999878	411	185
3	1	5	24.12.2003	411,5	413,2000122	410,5	412,2999878	165
3	1	1	29.12.2003	414,1000061	415,7999878	413	414,7999878	1
0	0	1	30.12.2003	416,8999939	416,8999939	416,8999939	416,8999939	1
0	-1	1	31.12.2003	416,8999939	417,2000122	417,2000122	415,7000122	1
0	9	3	05.01.2004	415,7000122	422,5	422,5	424,3999939	20
0	-2	3	06.01.2004	424,3999939	424,2999878	424,2999878	422,7999878	20
0	-1	3	07.01.2004	423	423	423	421,8999939	20
0	2	3	08.01.2004	421,8999939	422	422	424	20
0	2	3	09.01.2004	424	423,8999939	423,8999939	426,3999939	20
2	0	1	12.01.2004	425,7999878	428,2000122	425,7999878	426,2999878	3
3	-2	3	13.01.2004	425,3999939	425,8999939	423	423,7000122	12
0	0	3	14.01.2004	421,7000122	421,7000122	421,7000122	421,7000122	12
0	-13	3	15.01.2004	421,7999878	422	422	408,3999939	12
0	-2	3	16.01.2004	408,2999878	408,2999878	408,2999878	406,7000122	12
0	6	3	20.01.2004	406,7000122	406,7000122	406,7000122	412,7000122	12
0	-2	1	21.01.2004	412,6000061	412,6000061	412,6000061	411,1000061	2
0	-1	1	22.01.2004	411,2999878	411,2999878	411,2999878	410	2
0	0	1	23.01.2004	407,8999939	407,8999939	407,8999939	407,8999939	2
0	0	1	26.01.2004	406,6000061	406,6000061	406,6000061	406,6000061	2
0	0	1	27.01.2004	410	410	410	410	2
0	0	11	28.01.2004	414,5	414,5	414,5	414,5	76523
16	-14	11	29.01.2004	412	412	396,5	398,5	42434
5	4	10	30.01.2004	398	402,6000061	398	402,2000122	13533
9	-4	8	02.02.2004	403	403,2999878	394	398,7000122	2646
4	1	6	03.02.2004	398,5	403	398,5	399,2000122	490
3	1	7	04.02.2004	399,7999878	401,2999878	398,5	401	977
3	-1	5	05.02.2004	399,3999939	400,2999878	397,5	398,1000061	131
10	7	6	06.02.2004	397	407	397	403,6000061	313
4	3	5	09.02.2004	403,7999878	407,5	403,7999878	406,7999878	101
3	-1	4	10.02.2004	407,2999878	410,5	407,2999878	406,3999939	71
6	2	5	11.02.2004	407,7999878	412	406	410,2000122	134
4	2	5	12.02.2004	411,8999939	413,5	410	413,7000122	146
8	-2	5	13.02.2004	412,7000122	416	408	410,2999878	146
2	2	5	17.02.2004	414	415,3999939	413,3999939	416	146
3	-2	5	18.02.2004	414,7999878	415,2999878	412	412,2999878	146
2	-1	4	19.02.2004	411	411,2999878	409	409,7999878	63
14	-12	5	20.02.2004	409	409	395	397,5	109
1	0	5	23.02.2004	399	400,2000122	399	399	162
4	3	4	24.02.2004	401,6000061	403,2000122	399	404,5	77
10	-9	3	25.02.2004	404,7999878	404,7999878	395	395,7999878	31
0	1	4	26.02.2004	395,1000061	395,1000061	395,1000061	395,7999878	40
0	1	1	27.02.2004	395,1000061	395	395	396,3999939	2
0	3	1	01.03.2004	396,3999939	396,3999939	396,3999939	399,2999878	2
5	-4	5	02.03.2004	397,5	398,7999878	393,5	393,5	104
0	1	2	03.03.2004	391,1000061	391,2999878	391,1000061	392,3999939	4
2	-2	4	04.03.2004	394,7999878	394,7999878	393	392,8999939	86
0	0	1	05.03.2004	401	401	401	401,2999878	1
0	1	2	08.03.2004	399,5	399,5	399	400,6000061	11
1	2	2	09.03.2004	401,7000122	402,3999939	401,2000122	404,2000122	5
0	0	1	10.03.2004	400	400	400	400	1
0	2	2	11.03.2004	399,2000122	399,1000061	399,1000061	400,7000122	5
0	0	2	12.03.2004	395,2999878	395,2999878	395,2999878	395,2999878	5
0	0	2	15.03.2004	399,3999939	399,3999939	399,3999939	399,3999939	5
0	0	2	16.03.2004	402	402	402	402,3999939	8
0	4	2	17.03.2004	402,5	404	404	406,8999939	8
0	0	2	18.03.2004	411,1000061	411,1000061	411,1000061	411,1000061	8
0	0	3	19.03.2004	412	412	412	412,5	16
0	0	1	22.03.2004	417,3999939	417,3999939	417,3999939	417,3999939	2
0	2	1	23.03.2004	417,3999939	417,3999939	417,3999939	419,7999878	2
0	0	1	24.03.2004	417,2000122	417,2000122	417,2000122	417,2000122	2
1	1	2	25.03.2004	416	417	416	416,7000122	8
0	0	2	26.03.2004	422	422	422	422,1000061	8
0	-5	11	29.03.2004	422,1000061	422,1000061	422,1000061	417,1000061	64296
8	5	11	30.03.2004	416,5	424,3999939	416,5	421,7000122	36663
7	6	8	31.03.2004	421	428	420,6000061	427,2999878	4496
8	1	7	01.04.2004	427,2000122	432	424,5	427,7999878	1561
12	-5	7	02.04.2004	426,6000061	429	417,5	421,6000061	1455
8	-6	6	05.04.2004	421,6000061	421,6000061	414	415,3999939	572
4	3	5	06.04.2004	415,6000061	419,7999878	415,6000061	418,8999939	202
6	4	6	07.04.2004	418,8999939	423,6000061	417,7999878	422,7999878	381
4	-3	7	08.04.2004	423,2999878	423,2999878	419	419,8999939	790
4	-1	4	12.04.2004	421,1000061	422,1000061	418	420,1000061	39
12	-11	6	13.04.2004	417,7999878	417,7999878	406	407	496
9	-8	5	14.04.2004	407,2999878	407,8999939	399	399,7999878	161
4	-3	6	15.04.2004	401	401	396,5	397,7000122	333
4	1	5	16.04.2004	399,6000061	402,2000122	398,5	401	177
4	-4	4	19.04.2004	404,6000061	404,6000061	400,2000122	400,6000061	76
4	-3	4	20.04.2004	400,2999878	400,2999878	396,7999878	397,7000122	49
5	-3	4	21.04.2004	393,3999939	395	390	390,7999878	63
3	3	4	22.04.2004	390,5	393,5	390,5	393,2999878	50
4	2	4	23.04.2004	393	396,7999878	393	395,1000061	41
0	0	4	26.04.2004	396,5	396,7000122	396,2999878	396	45
3	1	4	27.04.2004	397,7000122	399	395,7999878	398,6000061	61
12	-10	3	28.04.2004	395,5	396	384,1000061	385,3999939	19
6	7	2	29.04.2004	380	386	380	386,6000061	6
0	-2	1	30.04.2004	389	389	389	387	2
0	0	2	03.05.2004	387	387	387	387	4
0	-1	1	04.05.2004	392	392	392	391,3999939	2
0	2	0	05.05.2004	391,3999939	391,3999939	391,3999939	393,3999939	0
0	1	1	06.05.2004	387,2000122	387,2000122	387,2000122	388	1
0	-9	1	07.05.2004	388,1000061	377	377	378,7000122	3
0	0	0	10.05.2004	378,6000061	378,6000061	378,6000061	378,2999878	0
0	0	0	11.05.2004	376,8999939	376,8999939	376,8999939	376,8999939	0
0	0	0	12.05.2004	377,3999939	377,3999939	377,3999939	377,3999939	0
0	-3	3	13.05.2004	377,3999939	377,3999939	377,3999939	374,7999878	20
0	0	2	14.05.2004	377	377	377	377	5
0	0	0	17.05.2004	379,5	379,5	379,5	379,5	0
0	0	0	18.05.2004	375,7999878	375,7999878	375,7999878	375,7999878	0
0	0	0	19.05.2004	382,8999939	382,8999939	382,8999939	382,8999939	0
0	-4	0	20.05.2004	382,7999878	382,7999878	382,7999878	378,3999939	0
0	0	0	21.05.2004	384,7999878	384,7999878	384,7999878	384,7999878	0
0	0	0	24.05.2004	385,6000061	385,6000061	385,6000061	385,6000061	0
0	0	0	25.05.2004	388,2999878	388,2999878	388,2999878	388,2999878	0
0	0	11	26.05.2004	388,2999878	388,2999878	388,2999878	388,2999878	81917
8	7	11	27.05.2004	388,2000122	395,8999939	388,1000061	394,8999939	53047
4	-1	9	28.05.2004	395,2999878	396,2999878	392,6000061	394	9836
6	1	8	01.06.2004	393,8999939	399	393,2999878	394,6000061	1864
8	-4	7	02.06.2004	394,5	397,5	390	390,7000122	937
6	-3	6	03.06.2004	390,7000122	393	387,3999939	388,1000061	601
6	2	5	04.06.2004	388,3999939	391,5	385,5	390,8999939	234
2	1	5	07.06.2004	392,6000061	394	392	393,7999878	130
5	-3	6	08.06.2004	393,7999878	395	390,2999878	391	611
9	-7	6	09.06.2004	391,6000061	391,6000061	383	384,5	543
1	1	4	10.06.2004	385,2999878	385,5	384,5	385,8999939	71
2	0	5	14.06.2004	383,6000061	385,2999878	383	383,6000061	209
6	5	4	15.06.2004	383,1000061	388,5	383	388,1000061	51
3	-2	5	16.06.2004	386,5	386,5	383,5	384,6000061	102
0	4	3	17.06.2004	385,2999878	385,2999878	385,2999878	388,8999939	17
3	3	5	18.06.2004	392	396,3999939	393	395,1000061	108
1	-1	5	21.06.2004	394,6000061	394,6000061	393,2000122	394	133
2	1	4	22.06.2004	394	396,5	394	395	56
3	0	4	23.06.2004	395,5	397,2000122	394,5	395	50
9	8	5	24.06.2004	394,6000061	403,7000122	394,6000061	403,1000061	148
2	1	5	25.06.2004	402,2999878	403,6000061	401,2999878	402,8999939	189
4	-2	1	28.06.2004	403	405	401,2999878	401	2
2	-8	2	29.06.2004	400,2000122	400,2000122	398	392,5	5
1	-3	5	30.06.2004	395,3999939	395,3999939	394,2999878	392,6000061	146
0	0	5	01.07.2004	396	396	396	396	146
0	2	3	02.07.2004	396	397,2000122	397,2000122	398,2999878	20
0	-6	3	06.07.2004	398,2999878	393	393	392,6000061	20
0	4	2	07.07.2004	397,7999878	397,7999878	397,7999878	402,2999878	6
0	0	2	08.07.2004	407,7999878	407,7999878	407,7999878	407,7999878	6
0	0	3	09.07.2004	407,7000122	407,8999939	407,8999939	407,5	15
0	1	3	12.07.2004	407,5	407,5	407,5	408,1000061	15
0	-6	3	13.07.2004	408,1000061	408,1000061	408,1000061	402	15
0	3	3	14.07.2004	402	402	402	405,3999939	15
0	0	3	15.07.2004	404,2000122	404,2000122	404,2000122	404,2000122	15
0	2	3	16.07.2004	404,2000122	404,1000061	404,1000061	406,6000061	15
0	-1	3	19.07.2004	406,6000061	406,6000061	406,6000061	405,6000061	15
0	-4	3	20.07.2004	405,6000061	405,6000061	405,6000061	401,8999939	15
0	-5	3	21.07.2004	401,7999878	401,8999939	401,8999939	397,1000061	15
0	0	3	22.07.2004	395,2000122	395,2000122	395,2000122	395,2000122	15
0	-5	2	23.07.2004	395,2000122	391	391	390,5	4
0	0	1	26.07.2004	389,8999939	389,8999939	389,8999939	390,2999878	1
0	-3	0	27.07.2004	390,2999878	390,2000122	390,2000122	387	0
0	2	11	28.07.2004	387	387	387	389	69175
6	-2	11	29.07.2004	389	391	385	387	42070
5	3	9	30.07.2004	388,2000122	392	387	391	4977
4	-2	7	02.08.2004	394	394,5	391	391,7000122	1102
6	2	8	03.08.2004	392	394,7999878	388,7999878	394	2692
3	-1	5	04.08.2004	393,6000061	393,6000061	390,5	392,2000122	149
2	-1	5	05.08.2004	393	393,5	391	392,2999878	108
10	7	5	06.08.2004	392,5	401,5	391	399,7999878	132
2	2	6	09.08.2004	399,1000061	400,7000122	398,5	400,7000122	318
3	1	5	10.08.2004	399,2999878	401,2999878	398,5	400	92
6	-4	5	11.08.2004	399,5	399,5	393,2999878	395,5	185
2	-1	4	12.08.2004	395,7000122	396	393,5	394,2999878	69
6	5	4	13.08.2004	394,2999878	399,5	393,5	398,8999939	64
4	4	6	16.08.2004	399	403	399	402,8999939	288
4	2	5	17.08.2004	402,5	404	400,2999878	404,3999939	208
2	1	4	18.08.2004	403	404,5	402,7000122	404,2999878	61
4	3	5	19.08.2004	404,2999878	407,8999939	404,2999878	407,1000061	128
6	6	6	20.08.2004	407	412,7999878	407	413,2000122	254
2	-1	3	23.08.2004	411,2999878	411,7999878	409,7000122	410,5	18
3	-8	4	24.08.2004	410,5	407	404	403	33
2	3	5	25.08.2004	405,2999878	407	405,2000122	407,8999939	164
3	-2	3	26.08.2004	409	409	406,2000122	407,3999939	28
5	-4	3	27.08.2004	407,3999939	408	403	403,2999878	19
3	1	5	30.08.2004	407	407,8999939	404,7000122	407,7999878	114
0	0	5	31.08.2004	410,3999939	410,3999939	410,3999939	410,3999939	114
0	2	0	01.09.2004	407,2999878	407,2999878	407,2999878	408,7999878	0
0	-2	4	02.09.2004	407,5	406,3999939	406,3999939	406	34
0	0	4	03.09.2004	400,5	400,5	400,5	400,5	34
0	-1	4	07.09.2004	398	398	398	397,3999939	60
0	3	3	08.09.2004	396,7999878	396,7999878	396,7999878	399,3999939	20
0	0	3	09.09.2004	398,8999939	398,8999939	398,8999939	398,5	20
1	1	5	10.09.2004	401	402	401	401,8999939	120
0	0	5	13.09.2004	404,1000061	404,1000061	404,1000061	404,1000061	120
0	1	4	14.09.2004	405,1000061	405,1000061	405,1000061	405,7000122	43
0	-2	3	15.09.2004	407	404	404	405	24
0	0	3	16.09.2004	404,7000122	404,7000122	404,7000122	404,7000122	24
0	0	3	17.09.2004	405,7999878	405,7999878	405,7999878	405,7999878	24
0	2	4	20.09.2004	403,6000061	403,6000061	403,6000061	405,2999878	44
0	0	4	21.09.2004	408,2999878	408,2999878	408,2999878	408,2999878	44
0	0	4	22.09.2004	407,2000122	407,2000122	407,2000122	407,2000122	44
0	0	4	23.09.2004	410,8999939	410,8999939	410,8999939	410,8999939	44
0	0	4	24.09.2004	408,1000061	408,1000061	408,1000061	408,1000061	44
0	0	4	27.09.2004	409,1000061	409,1000061	409,1000061	409,1000061	44
0	2	9	28.09.2004	410,7999878	410,7999878	410,7999878	412,5	9143
2	1	9	29.09.2004	412	414	411,6000061	413	5052
6	6	7	30.09.2004	412,8999939	418,7999878	412,7000122	418,7000122	1162
2	0	5	01.10.2004	419,1000061	419,1000061	417	419,5	167
4	-5	6	04.10.2004	419	415	411,5	414	327
4	3	5	05.10.2004	415,2999878	419,2999878	415	418,2000122	164
2	1	5	06.10.2004	417,5	419	417	418,3999939	186
2	0	5	07.10.2004	418	419	417,5	418	93
7	4	4	08.10.2004	418,7000122	425	418	423,1000061	75
1	0	3	11.10.2004	422,2000122	422,2000122	421	422	20
6	-4	6	12.10.2004	419,1000061	419,1000061	413,5	415,1000061	299
2	2	4	13.10.2004	411	411,7999878	410,2999878	413,2000122	74
4	2	5	14.10.2004	416	418,7999878	415,2000122	418,1000061	101
2	0	4	15.10.2004	418,2999878	419,7000122	417,7999878	418,7000122	51
2	-3	2	18.10.2004	419	419	417,1000061	416,2000122	6
0	0	1	19.10.2004	420,7000122	420,7000122	420,7000122	420,2999878	3
5	3	2	20.10.2004	420,2999878	425,1000061	420,2999878	423,5	7
2	1	2	21.10.2004	423,5	423,5	422	424,3999939	9
0	0	5	22.10.2004	424,6000061	424,6000061	424,6000061	424,6000061	193
2	0	5	25.10.2004	429	430	428,5	429	128
4	-2	4	26.10.2004	429,1000061	429,1000061	425,3999939	426,7999878	55
6	-5	4	27.10.2004	429,5	429,7000122	423,5	424,7999878	50
0	0	6	28.10.2004	425,1000061	425,1000061	425,1000061	425,1000061	319
0	0	6	29.10.2004	428,5	428,5	428,5	428,5	319
0	0	6	01.11.2004	427,2999878	427,2999878	427,2999878	427,2999878	319
0	-7	6	02.11.2004	427,2000122	427,2000122	427,2000122	420	319
0	0	6	03.11.2004	424,6000061	424,6000061	424,6000061	424,6000061	319
0	0	6	04.11.2004	430,1000061	430,1000061	430,1000061	430,1000061	319
0	0	6	05.11.2004	433,6000061	433,6000061	433,6000061	433,6000061	319
0	0	6	08.11.2004	432,7000122	432,7000122	432,7000122	432,7000122	319
0	2	1	09.11.2004	434	434	434	435,7000122	2
0	0	1	10.11.2004	434,5	434,5	434,5	434	2
0	0	1	11.11.2004	434,8999939	434,8999939	434,8999939	434,8999939	2
0	0	0	12.11.2004	437,8999939	437,8999939	437,8999939	437,8999939	0
0	0	0	15.11.2004	437	437	437	437	0
0	0	0	16.11.2004	440,2000122	440,2000122	440,2000122	440,2000122	0
0	0	0	17.11.2004	444,7999878	444,7999878	444,7999878	444,7999878	0
0	0	1	18.11.2004	442,6000061	442,6000061	442,6000061	442,6000061	1
0	0	0	19.11.2004	446,7999878	446,7999878	446,7999878	446,7999878	0
0	2	0	22.11.2004	446,8999939	446,8999939	446,8999939	448,7999878	0
0	0	0	23.11.2004	447,7999878	447,7999878	447,7999878	447,7999878	0
0	0	11	24.11.2004	449,2999878	449,2999878	449,2999878	449,2999878	88254
6	3	11	29.11.2004	450,7999878	454,7999878	449,2999878	453,7000122	56709
6	-2	10	30.11.2004	453,7999878	454,1000061	448,2999878	451,2999878	14253
6	2	8	01.12.2004	451,6000061	456	450,5	454	2682
10	-4	7	02.12.2004	454	456,5	447	450,3999939	1419
7	6	7	03.12.2004	450,3999939	455,5	448,5	456	1231
5	0	7	06.12.2004	454,3999939	456,1000061	451,5	454,2000122	674
4	-1	6	07.12.2004	453	455,5	451,5	452	550
16	-12	8	08.12.2004	449	450	434	437,2000122	2065
8	-2	7	09.12.2004	437,5	440,6000061	432,6000061	435,7999878	1347
4	-3	5	10.12.2004	436,5	437,1000061	432,6000061	433,8999939	209
4	2	6	13.12.2004	437	439,5	436	438,8999939	628
4	-3	5	14.12.2004	438,8999939	438,8999939	435,3999939	435,8999939	199
6	5	6	15.12.2004	435,7000122	442	435,7000122	440,7999878	356
6	-4	5	16.12.2004	440,7999878	442,6000061	437	436,8999939	232
3	5	5	17.12.2004	436,7999878	440	436,7999878	441,6000061	94
2	0	6	20.12.2004	442,5	444	442	442,3999939	461
2	-1	4	21.12.2004	443	443,2000122	441,1000061	441,7999878	57
4	-2	4	22.12.2004	442,1000061	442,7000122	439	440,2999878	70
2	1	5	23.12.2004	441,2999878	442,6000061	441	441,8999939	98
3	1	6	27.12.2004	444	445,8999939	443	445,2000122	348
2	-1	1	28.12.2004	445,5	445,5	443	444,2999878	2
0	-4	1	29.12.2004	440,5	440,5	440,5	436	3
0	0	1	30.12.2004	437,7000122	439	438,8999939	437,5	3
0	-2	2	03.01.2005	431	431	431	428,7000122	4
0	0	5	04.01.2005	428,5	428,5	428,5	428,5	108
0	1	1	05.01.2005	425,7000122	425,7000122	425,7000122	426,6000061	2
0	0	1	06.01.2005	421	421	421	421	1
5	-5	1	07.01.2005	423,7000122	423,7000122	418,7000122	418,8999939	1
0	0	1	10.01.2005	419,1000061	419,1000061	419,1000061	419,1000061	1
0	0	1	11.01.2005	421,8999939	421,8999939	421,8999939	421,8999939	1
0	2	1	12.01.2005	423,7999878	423,7999878	423,7999878	426,1000061	1
0	0	1	13.01.2005	424,7000122	424,7000122	424,7000122	424,5	1
1	1	3	14.01.2005	422	423,2000122	422	422,7000122	20
0	0	3	18.01.2005	423,2000122	423,2000122	423,2000122	423,2000122	20
0	-4	3	19.01.2005	426,5	426,5	426,5	423	20
0	1	3	20.01.2005	421,7999878	421,7999878	421,7999878	422,3999939	20
0	1	3	21.01.2005	425,8999939	425,8999939	425,8999939	426,7000122	20
0	0	3	24.01.2005	426,8999939	426,8999939	426,8999939	426,8999939	20
0	0	3	25.01.2005	422	422	422	422	20
0	0	3	26.01.2005	426,8999939	426,8999939	426,8999939	426,8999939	20
0	0	11	27.01.2005	426,2999878	426,2999878	426,2999878	426,2999878	66923
4	0	11	28.01.2005	426,1000061	427,5	424	425,7999878	41282
7	-4	9	31.01.2005	426	426,5	419,2999878	421,7999878	6857
3	-1	7	01.02.2005	422,2000122	422,2999878	419,2000122	420,7999878	1461
2	0	6	02.02.2005	420,8999939	422,2999878	419,7999878	421,1000061	426
7	-5	6	03.02.2005	421,2999878	421,2999878	414,7000122	416,6000061	574
4	-2	6	04.02.2005	416,3999939	417,7999878	413,7000122	414	320
4	0	6	07.02.2005	414,1000061	416	412,5	413,6000061	534
4	-1	7	08.02.2005	413,6000061	413,6000061	410,1000061	412,6000061	1432
4	1	7	09.02.2005	412,2000122	413,7999878	410,2999878	412,8999939	1300
6	5	6	10.02.2005	412	418,5	412,5	417,2000122	397
4	4	7	11.02.2005	416,7999878	422	417,6000061	420,5	801
3	6	4	14.02.2005	420	425,6000061	422,2999878	425,7999878	55
2	0	5	15.02.2005	425,8999939	426,2000122	424	425,8999939	113
2	0	5	16.02.2005	426	425	422,7999878	425,5	146
3	2	7	17.02.2005	425,5	428	425,2999878	427,2999878	712
0	0	3	18.02.2005	426,7000122	427,1000061	426,7000122	427,1000061	14
8	8	4	22.02.2005	426,5	435	426,5	434,5	53
2	1	5	23.02.2005	434	435,5	433,2000122	434,8999939	107
4	-2	2	24.02.2005	436	436	432,5	434,5	6
0	0	1	25.02.2005	434,5	436	436	434,8999939	1
0	1	3	28.02.2005	435,5	435,5	435,5	436,5	16
0	-2	1	01.03.2005	435	433	433	432,8999939	1
0	-1	1	02.03.2005	433,3999939	433,3999939	433,3999939	432,7999878	1
0	0	1	03.03.2005	429,8999939	429,8999939	429,8999939	429,8999939	1
0	0	0	04.03.2005	434,2000122	434,2000122	434,2000122	434,2000122	0
0	0	0	07.03.2005	435	435	435	435	0
0	0	0	08.03.2005	440,2999878	440,2999878	440,2999878	440,2999878	0
0	0	0	09.03.2005	442,1000061	442,1000061	442,1000061	442,1000061	0
0	0	1	10.03.2005	442,7999878	442,7999878	442,7999878	442,7999878	1
0	0	0	11.03.2005	446,3999939	446,3999939	446,3999939	446,2000122	0
0	0	0	14.03.2005	441,1000061	441,1000061	441,1000061	441,1000061	0
0	0	0	15.03.2005	440,8999939	440,8999939	440,8999939	440,8999939	0
0	0	0	16.03.2005	443,7000122	443,7000122	443,7000122	443,7000122	0
0	0	0	17.03.2005	438,7000122	438,7000122	438,7000122	438,7000122	0
0	0	0	18.03.2005	439,2999878	439,2999878	439,2999878	439,2999878	0
0	0	5	21.03.2005	431,1000061	431,1000061	431,1000061	431,1000061	100
0	0	3	22.03.2005	431,2999878	431,2999878	431,2999878	431,2999878	16
0	0	0	23.03.2005	425,2000122	425,2000122	425,2000122	425,2000122	0
0	0	0	24.03.2005	424,7000122	424,7000122	424,7000122	424,7000122	0
0	0	0	28.03.2005	425,8999939	425,8999939	425,8999939	425,8999939	0
0	0	0	29.03.2005	426	426	426	426	0
0	0	8	31.03.2005	428,7000122	428,7000122	428,7000122	428,7000122	3051
4	-2	6	01.04.2005	428,2999878	428,5	424,5	425,8999939	552
4	-2	6	04.04.2005	426	426,2999878	422,7000122	423,8999939	486
2	1	6	05.04.2005	423,7999878	425,5	423,6000061	424,5	313
4	2	4	06.04.2005	424,8999939	427,7000122	424,1000061	427,1000061	62
2	0	5	07.04.2005	426,5	428,5	426,5	426,5	181
2	2	4	08.04.2005	425,2000122	427,2999878	424,7999878	426,8999939	49
4	3	3	11.04.2005	426	429,7999878	426	428,6000061	26
4	0	5	12.04.2005	428,1000061	430,2000122	426,5	427,6000061	148
2	1	3	13.04.2005	428	430	427,5	429,2999878	27
6	-6	5	14.04.2005	429,5	429,5	423,5	424	116
2	2	4	15.04.2005	423,2000122	425,6000061	423,2000122	424,8999939	73
4	4	3	18.04.2005	423,6000061	427,5	423,6000061	427,5	29
6	6	5	19.04.2005	426,7999878	433	426,7999878	432,8999939	128
3	2	4	20.04.2005	433,6000061	435,7999878	432,3999939	435,2999878	42
3	-1	4	21.04.2005	434,1000061	435	432,2999878	433	52
2	1	4	22.04.2005	433,5	435,7999878	433,5	434,2999878	88
2	2	3	25.04.2005	432,7000122	434,3999939	432,7000122	434,6000061	19
2	0	5	26.04.2005	438	438,2000122	435,8999939	437,8999939	169
3	-3	3	27.04.2005	436,3999939	437	433,6000061	433	19
0	0	0	29.04.2005	435	435	435	435	0
0	0	0	02.05.2005	429,5	429,5	429,5	429,5	0
0	0	0	03.05.2005	426,7000122	426,7000122	426,7000122	426,7000122	0
0	0	3	04.05.2005	429	429	429	429	17
0	0	0	05.05.2005	429,7999878	429,7999878	429,7999878	429,7999878	0
0	-4	0	06.05.2005	429,7999878	429,7999878	429,7999878	426,1000061	0
0	0	0	09.05.2005	426,2000122	426,2000122	426,2000122	426,2000122	0
0	1	0	10.05.2005	426,2000122	426,2000122	426,2000122	427,2000122	0
0	0	0	11.05.2005	427,2000122	427,2000122	427,2000122	427,2000122	0
0	0	0	12.05.2005	421,6000061	421,6000061	421,6000061	421,6000061	0
0	0	0	13.05.2005	420,2000122	420,2000122	420,2000122	420,2000122	0
0	0	0	16.05.2005	418,8999939	418,8999939	418,8999939	418,8999939	0
0	0	0	17.05.2005	419,3999939	419,3999939	419,3999939	419,3999939	0
0	0	0	18.05.2005	421,5	421,5	421,5	421,5	0
0	-1	0	19.05.2005	421,2000122	421,2000122	421,2000122	420,5	0
0	-3	2	20.05.2005	420,2000122	416,5	416,5	417,3999939	4
0	0	2	23.05.2005	416,6000061	416,6000061	416,6000061	416,6000061	4
0	0	2	24.05.2005	417,5	417,5	417,5	417,5	4
0	0	2	25.05.2005	418,7999878	418,7999878	418,7999878	418,7999878	4
0	-1	11	26.05.2005	418,7999878	418,1000061	418,1000061	418	72619
3	2	11	27.05.2005	417,7999878	420	417,3999939	419,7999878	51363
7	-2	9	31.05.2005	418	420,2000122	413,2000122	416,2999878	7494
3	-1	8	01.06.2005	416,3999939	417,2999878	414	415,2999878	2816
8	7	8	02.06.2005	415,7999878	423,5	415,7999878	422,7000122	1984
4	2	6	03.06.2005	422,2000122	425,5	421,7000122	423,7000122	416
5	3	6	06.06.2005	423,6000061	427,7999878	422,6000061	426,5	558
3	-2	5	07.06.2005	426,7000122	426,7000122	424	424,7999878	232
1	-1	5	08.06.2005	425,6000061	425,8999939	424,5	424,7000122	171
2	0	5	09.06.2005	423,7000122	424	422	424,2000122	101
6	4	4	10.06.2005	423,7999878	428,5	422	427,3999939	65
3	1	4	13.06.2005	428,2999878	431,5	428,2999878	429,2999878	66
2	-1	4	14.06.2005	428,2000122	428,2000122	426,5	427,5	73
1	2	3	15.06.2005	427,5	428,2999878	427,5	429,1000061	20
7	7	5	16.06.2005	429,5	436,7999878	429,5	436,2000122	157
3	2	3	17.06.2005	436,1000061	439,2999878	436,1000061	438,2999878	29
2	-2	3	20.06.2005	440	440,3999939	438	438,3999939	18
0	0	2	21.06.2005	438,3999939	439	439	438,8999939	5
1	-1	5	22.06.2005	438,7999878	438,5	437,5	438,1000061	169
4	3	3	23.06.2005	438,2999878	442,5	438,2999878	441,7000122	29
3	-1	3	24.06.2005	441,5	441,5	438,5	440,5	31
1	0	2	27.06.2005	440,7000122	440,7000122	439,5	440,2999878	10
2	0	0	28.06.2005	436	437,5	436	436,3999939	0
0	0	0	30.06.2005	435,8999939	435,8999939	435,8999939	435,8999939	0
0	0	0	01.07.2005	427,7999878	427,7999878	427,7999878	427,7999878	0
0	0	0	05.07.2005	422,8999939	422,8999939	422,8999939	422,8999939	0
0	0	3	06.07.2005	423,5	423,7999878	423,5	423,5	16
0	0	5	07.07.2005	423,5	423,5	423,5	423,2999878	125
0	0	0	08.07.2005	422,8999939	422,8999939	422,8999939	422,8999939	0
0	0	0	11.07.2005	425,5	425,5	425,5	425,5	0
0	0	0	12.07.2005	426,2999878	426,2999878	426,2999878	426,2999878	0
0	0	4	13.07.2005	423,8999939	423,8999939	423,8999939	423,8999939	70
0	0	4	14.07.2005	419,6000061	419,6000061	419,6000061	419,6000061	70
0	0	0	15.07.2005	420,7000122	420,7000122	420,7000122	420,7000122	0
0	0	0	18.07.2005	420,3999939	420,3999939	420,3999939	420,5	0
0	0	0	19.07.2005	420	420	420	419,7000122	0
0	2	0	20.07.2005	419,7000122	419,7000122	419,7000122	421,7000122	0
0	0	0	21.07.2005	425,3999939	425,3999939	425,3999939	425,3999939	0
0	-1	0	22.07.2005	425,3999939	425,3999939	425,3999939	424,7000122	0
0	0	1	25.07.2005	425,7000122	425,7000122	425,7000122	425,7000122	2
0	0	1	26.07.2005	423,3999939	423,3999939	423,3999939	423,3999939	2
0	0	1	27.07.2005	424,7000122	424,7000122	424,7000122	424,7000122	2
0	3	11	28.07.2005	424,7000122	424,7000122	424,7000122	427,2999878	40680
4	2	8	29.07.2005	427,7000122	430,5	427	429,8999939	3607
3	2	7	01.08.2005	430	432,2999878	429,1000061	431,8999939	776
2	0	5	02.08.2005	431,7000122	433	430,7000122	431,8999939	206
7	5	6	03.08.2005	431,5	437,5	430,7000122	436,8999939	270
3	1	5	04.08.2005	436,5	439	436,1000061	437,8999939	91
2	0	5	05.08.2005	437,7000122	438,5	437	437,2000122	91
3	-2	4	08.08.2005	437	437	434	434,7000122	51
2	2	4	09.08.2005	432,5	434,3999939	432,5	434,2000122	52
2	2	5	10.08.2005	434,8999939	437	434,8999939	436,5	187
9	8	6	11.08.2005	437,2000122	446,5	437,2000122	445,5	306
5	0	5	12.08.2005	445,7999878	449,5	444,5	445,8999939	169
1	1	4	15.08.2005	441,3999939	442,5	441,3999939	442,2000122	61
1	4	5	16.08.2005	441,7000122	442,5	441,7000122	446,1000061	234
4	-3	6	17.08.2005	442,5	443,2999878	439,5	439,8999939	276
2	-1	4	18.08.2005	440,3999939	440,3999939	438,5	439,5	46
2	-2	4	19.08.2005	439,1000061	439,6000061	438	437,2000122	73
2	1	3	22.08.2005	437	439	437	438,1000061	12
0	1	1	23.08.2005	438,7999878	438,7999878	438,5	439,3999939	2
3	-2	3	24.08.2005	439,7000122	439,7000122	437	437,2999878	29
0	0	4	25.08.2005	438,5	438,5	438	438,3999939	54
1	-1	4	26.08.2005	438,3999939	439	438,3999939	437,3999939	52
2	-2	4	29.08.2005	438,5	439,5	437,2999878	437	37
2	-7	0	30.08.2005	438,5	439,5	437,2999878	431,2000122	0
0	3	2	31.08.2005	431,2000122	431,2000122	431,2000122	433,7999878	10
4	4	2	01.09.2005	438,5	442,5	438,5	442,2999878	4
0	0	2	02.09.2005	444,2000122	444,2000122	444,2000122	444,2000122	4
0	0	2	06.09.2005	444,3999939	444,3999939	444,3999939	444,3999939	4
0	0	7	07.09.2005	444,7000122	444,7000122	444,7000122	444,8999939	1006
0	0	2	08.09.2005	446,7000122	446,7000122	446,7000122	446,7000122	6
0	0	2	09.09.2005	449	449	449	449	6
0	0	2	12.09.2005	449,7000122	449,7000122	449,7000122	449,7000122	6
0	0	2	13.09.2005	446,1000061	446,1000061	446,1000061	446,1000061	6
0	0	2	14.09.2005	449,7999878	449,7999878	449,7999878	449,7999878	6
0	0	2	15.09.2005	455,5	455,5	455,5	455,5	6
0	0	2	16.09.2005	459,5	459,5	459,5	459,5	6
0	0	2	19.09.2005	466,7000122	466,7000122	466,7000122	466,7000122	6
0	0	1	20.09.2005	466,2000122	466,2000122	466,2000122	466,2000122	2
0	0	1	21.09.2005	468,8999939	468,8999939	468,8999939	468,8999939	2
0	-1	1	22.09.2005	467,5	467,5	467,5	466,6000061	2
0	-4	1	23.09.2005	467,2000122	466,7999878	466,7999878	463,5	2
0	2	1	26.09.2005	463,8999939	463,8999939	463,8999939	465,8999939	2
0	0	1	27.09.2005	462,6000061	462,6000061	462,6000061	462,6000061	2
0	0	1	28.09.2005	469,7000122	469,7000122	469,7000122	469,7000122	2
0	2	9	29.09.2005	469,7000122	469,7000122	469,7000122	472,2000122	7799
6	-4	8	30.09.2005	472,7000122	474	468,5	469	2926
4	-2	6	03.10.2005	467,7999878	468	464,2000122	466,1000061	493
4	-1	5	04.10.2005	466,7999878	468,7999878	465,2999878	466,1000061	210
2	1	5	05.10.2005	465	465	463,5	466,1000061	226
6	6	5	06.10.2005	465,6000061	471,6000061	465,6000061	471,8999939	243
6	2	5	07.10.2005	473	475,5	470	474,7000122	96
4	0	6	10.10.2005	474,7999878	477,2999878	473,6000061	475,1000061	248
2	2	5	11.10.2005	475,2000122	477,5	475,2000122	477,1000061	99
5	-5	4	12.10.2005	478,5	478,5	473,2999878	473,8999939	49
4	-1	4	13.10.2005	472	472	468,2999878	471,1000061	48
2	0	5	14.10.2005	469,2999878	469,2999878	467	469,2000122	113
2	1	3	17.10.2005	473	475	473	474,1000061	18
0	0	3	18.10.2005	472	472,5	472	472,1000061	13
6	-8	4	19.10.2005	471	471	465	463,5	46
4	-4	2	20.10.2005	465	465	460,5	461	9
0	5	2	21.10.2005	462	462	462	467	9
0	0	1	24.10.2005	465,5	465,5	465,5	465	2
9	8	3	25.10.2005	465	474	465	472,7999878	18
2	-1	5	26.10.2005	472,5	473,5	471,5	471,2000122	159
4	3	1	27.10.2005	471	475,5	471	473,7999878	2
2	0	2	28.10.2005	473,5	473,5	471,6000061	473	4
0	-6	1	31.10.2005	471,1000061	471,1000061	471,1000061	465,1000061	1
3	-4	2	01.11.2005	463	463	460	458,7999878	5
0	0	1	02.11.2005	462,7999878	462,7999878	462,7999878	462,7999878	2
0	0	1	03.11.2005	460,1000061	460,1000061	460,1000061	460,1000061	2
0	1	1	04.11.2005	455,2999878	455,2999878	455,2999878	456,2999878	2
0	0	0	07.11.2005	459	459	459	459	0
0	2	2	08.11.2005	458,5	458,5	458,5	460,8999939	10
0	0	5	09.11.2005	466,2999878	466,2999878	466,2999878	466,2999878	100
0	0	5	10.11.2005	466,6000061	466,6000061	466,6000061	466,6000061	100
0	0	0	11.11.2005	468,2999878	468,2999878	468,2999878	468,2999878	0
0	0	0	14.11.2005	468,2999878	468,2999878	468,2999878	468,2000122	0
0	0	4	15.11.2005	468,1000061	468,1000061	468,1000061	468,1000061	50
0	0	0	16.11.2005	478,2999878	478,2999878	478,2999878	478,2999878	0
0	10	4	17.11.2005	476	486	486	486,2000122	38
0	0	4	18.11.2005	485,6000061	485,6000061	485,6000061	485,6000061	38
0	3	4	21.11.2005	485,6000061	485,6000061	485,6000061	489	38
0	4	0	22.11.2005	489	489	489	492,6000061	0
0	0	0	23.11.2005	492,6000061	492,6000061	492,6000061	492,1000061	0
0	-4	11	28.11.2005	502,2000122	502,2000122	502,2000122	498,2999878	88254
8	0	11	29.11.2005	498,7000122	502,2999878	494,2999878	499,1000061	42519
8	-5	9	30.11.2005	500	500	492,2999878	494,6000061	5688
12	8	8	01.12.2005	494,2000122	503	490,5	502,5	2665
7	0	7	02.12.2005	503	507	500	503,2999878	1610
6	4	6	05.12.2005	504,5	509,7000122	503,5	508,8999939	431
7	1	7	06.12.2005	509,2000122	511,2000122	504,5	510,2000122	720
8	4	7	07.12.2005	510,7000122	517	509,2999878	514,2999878	985
8	5	6	08.12.2005	514,5999756	520	512	519,2999878	337
11	7	6	09.12.2005	520,4000244	531	520	527	472
12	2	7	12.12.2005	526,5	538,5	526,5	528,4000244	995
11	-7	6	13.12.2005	528,4000244	530,7000122	520	521	583
15	-14	7	14.12.2005	521	521	506	506,5	712
8	-2	6	15.12.2005	506	509	501	503,8999939	378
13	0	6	16.12.2005	503,8999939	508	495,2000122	503,3999939	276
5	-6	5	19.12.2005	509,5	509,5	504,5	503,6000061	150
11	-12	5	20.12.2005	506,8999939	506,8999939	496	494,6000061	120
5	-2	4	21.12.2005	495,5	495,5	490,1000061	493	56
9	9	7	22.12.2005	494	503	494	502,7000122	1632
3	1	4	23.12.2005	502,2999878	505,7000122	502,2999878	503	37
3	-1	4	27.12.2005	508,7000122	509	506	508	57
0	7	3	28.12.2005	506,8999939	517,2999878	516,9000244	514,2000122	20
0	0	1	29.12.2005	515,7000122	515,7000122	515,7000122	515,7000122	2
0	1	1	30.12.2005	515,7000122	515,7000122	515,7000122	517,0999756	2
10	12	2	03.01.2006	518,5999756	528,5	518,5999756	530,7000122	7
0	0	2	04.01.2006	533,5999756	533,5999756	533,5	533,9000244	8
3	-3	2	05.01.2006	529	529	526	526,2999878	10
0	0	2	06.01.2006	539,7000122	539,7000122	539,7000122	539,7000122	10
0	9	2	09.01.2006	539,7000122	539,7000122	539,7000122	549,0999756	10
0	0	1	10.01.2006	544,2999878	544,2999878	544,2999878	544,2999878	2
0	0	0	11.01.2006	548,7999878	548,7999878	548,7999878	548,7999878	0
0	0	0	12.01.2006	548,2999878	548,2999878	548,2999878	548,2999878	0
0	9	0	13.01.2006	547,0999756	547,0999756	547,0999756	556,0999756	0
0	0	0	17.01.2006	553,4000244	553,4000244	553,4000244	553,4000244	0
0	0	0	18.01.2006	543,7000122	543,7000122	543,7000122	543,7000122	0
1	15	3	19.01.2006	543,7000122	552	551	558,4000244	22
0	-5	3	20.01.2006	558,4000244	558,4000244	558,4000244	553,5	22
0	3	1	23.01.2006	555	555	555	558,2999878	1
0	3	1	24.01.2006	555	555	555	557,7000122	2
0	0	1	25.01.2006	562,2000122	562,2000122	562,2000122	562,2000122	2
0	0	1	26.01.2006	559,7000122	559,7000122	559,7000122	559,7000122	2
0	0	11	27.01.2006	558,7000122	558,7000122	558,7000122	558,7000122	79958
8	7	10	30.01.2006	559,2000122	566	557,5999756	565,7999878	35179
8	4	9	31.01.2006	566,5	572,7000122	565	570,7999878	6749
9	-1	8	01.02.2006	570,7999878	571,5999756	563	569,4000244	3768
7	3	7	02.02.2006	569,7999878	575,2999878	568	572,5	887
9	-4	7	03.02.2006	571,5	574,2000122	565	567,4000244	686
6	2	6	06.02.2006	568,4000244	574	567,5	570,2000122	649
20	-18	7	07.02.2006	569,5	571	550,5999756	551	1276
8	-1	7	08.02.2006	551	553,2999878	545,5	550,0999756	762
16	15	5	09.02.2006	549,9000244	566	549,9000244	564,5	227
14	-12	5	10.02.2006	561,9000244	561,9000244	548	550,2000122	222
10	-10	6	13.02.2006	548,5	549,5	540	539	645
10	8	5	14.02.2006	538	546	535,5	545,9000244	142
7	-5	5	15.02.2006	544,9000244	545	538	539,7000122	150
9	7	5	16.02.2006	539	546	537,2000122	546	96
6	4	4	17.02.2006	548	552,5	546	551,7999878	55
6	3	4	21.02.2006	550,5	556,5	550,5	553,9000244	86
4	1	6	22.02.2006	552,5999756	554,7999878	551	553,9000244	253
7	-6	5	23.02.2006	554,5	555,5	548,5	548,4000244	174
12	11	3	24.02.2006	547,5	560	547,5	558,7999878	14
4	-1	3	27.02.2006	556,0999756	556,0999756	552,5	554,7000122	24
5	8	4	28.02.2006	553,0999756	558	553,0999756	561,5999756	49
2	1	1	01.03.2006	562,5	564,5	562,5	563,5	1
0	0	1	02.03.2006	568,2000122	568,2000122	568,2000122	568,2000122	1
1	-4	1	03.03.2006	569,7999878	569,7999878	568,7000122	566	2
0	0	1	06.03.2006	554,7999878	554,7999878	554,7999878	554,9000244	2
0	-2	1	07.03.2006	554,5	554,5	554	552,7000122	3
0	2	1	08.03.2006	540	540	540	542,5	3
1	0	3	09.03.2006	545	545,2000122	544,2999878	545,5	25
0	0	1	10.03.2006	539,9000244	539,9000244	539,9000244	539,9000244	3
2	5	2	13.03.2006	541	542,5	541	546,0999756	4
0	0	2	14.03.2006	551,7000122	551,7000122	551,7000122	551,7000122	4
0	0	2	15.03.2006	553,0999756	553,0999756	553,0999756	553,0999756	4
0	0	2	16.03.2006	554,4000244	554,4000244	554,4000244	554,4000244	4
0	0	2	17.03.2006	554,0999756	554,0999756	554,0999756	554,0999756	4
0	0	2	20.03.2006	555,2000122	555,2000122	555,2000122	555,2000122	4
0	0	2	21.03.2006	552,4000244	552,4000244	552,4000244	552,4000244	4
0	0	6	22.03.2006	550,9000244	550,9000244	550,9000244	550,9000244	300
0	0	6	23.03.2006	550,0999756	550,0999756	550,0999756	550,0999756	547
0	0	6	24.03.2006	560	560	560	560	547
0	0	6	27.03.2006	567	567	567	567	547
0	0	6	28.03.2006	566,5999756	566,5999756	566,5999756	566,5999756	547
0	0	11	29.03.2006	573	573	573	573	64190
16	14	10	30.03.2006	572,5999756	587,4000244	571,2999878	586,7000122	25210
11	-4	8	31.03.2006	586	589,5999756	579	581,7999878	2845
10	7	7	03.04.2006	582	592	582	589,4000244	729
5	-2	7	04.04.2006	588	590,5	585,5	586	1293
8	1	7	05.04.2006	587	590,7999878	582,5999756	587,9000244	736
8	7	7	06.04.2006	588	595,5999756	588	595,2000122	855
13	-7	6	07.04.2006	595,5	598,2999878	585,5	588,4000244	450
10	9	6	10.04.2006	589	599	589	597,5999756	316
9	-7	7	11.04.2006	602	604	595	595,2000122	697
3	0	4	12.04.2006	597,2999878	600	597,2999878	597,5	38
6	0	5	13.04.2006	596,5	597,5	592	596,5	107
12	10	7	17.04.2006	605	616,5	605	615,4000244	1125
6	5	6	18.04.2006	614,5999756	620,5	614,5999756	620	502
12	12	5	19.04.2006	620,5	632	620,5	632,5999756	99
31	-20	6	20.04.2006	640	642	611	619,7999878	537
26	17	5	21.04.2006	615	637	611,2000122	632,2000122	222
14	-13	6	24.04.2006	634	634	620	620,5999756	288
11	10	5	25.04.2006	620,5999756	632	620,5999756	631	112
4	4	1	26.04.2006	635	639,5	635	638,7999878	3
0	-3	2	27.04.2006	636,5	636,5	636,5	633,2999878	6
0	0	2	28.04.2006	651,7999878	651,7999878	651,7999878	651,7999878	6
0	0	2	01.05.2006	658	658	658	657,5	9
0	-1	1	02.05.2006	666	666	666	664,7000122	2
0	-3	1	03.05.2006	669,2000122	669,2000122	669,2000122	665,9000244	1
0	0	1	04.05.2006	674,2000122	674,2000122	674,2000122	674,2000122	1
0	0	1	05.05.2006	682,2000122	682,2000122	682,2000122	682,2000122	1
0	-1	1	08.05.2006	679	679	679	677,7999878	2
0	20	2	09.05.2006	679	679	679	699,4000244	8
0	8	2	10.05.2006	695,5	695,5	695,5	703,7000122	4
0	-3	2	11.05.2006	723	723	723	719,7999878	10
8	-4	3	12.05.2006	714	714	706	710,2999878	32
0	-27	3	15.05.2006	710,2999878	710,2999878	710,2999878	683,5999756	32
0	-19	0	16.05.2006	710,2999878	710,2999878	710,2999878	691,5	0
0	0	0	17.05.2006	690,5	690,5	690,5	690,5	0
0	0	0	18.05.2006	679,5999756	679,5999756	679,5999756	679,5999756	0
0	-23	0	19.05.2006	679,5999756	679,5999756	679,5999756	656,7000122	0
0	0	0	22.05.2006	656,5	656,5	656,5	657	0
0	0	0	23.05.2006	673	673	673	673	0
0	0	0	24.05.2006	637	637	637	637	0
0	0	0	25.05.2006	648,2999878	648,2999878	648,2999878	648,4000244	0
0	2	11	26.05.2006	648,4000244	648,4000244	648,4000244	650,9000244	80564
16	3	11	30.05.2006	650,7000122	664,5	648,2000122	653,9000244	51461
20	-8	9	31.05.2006	651	658,5	638	642,5	5034
25	-15	7	01.06.2006	642,7999878	645,0999756	620	627,5999756	1682
15	8	7	02.06.2006	628	637,5	622,5999756	635,5	1151
10	8	6	05.06.2006	635,5	645	635,5	643,2000122	613
18	-14	6	06.06.2006	643,4000244	643,4000244	625	629,4000244	361
12	-2	7	07.06.2006	629,2000122	629,7999878	617,5	627,4000244	793
19	-18	6	08.06.2006	627,5999756	627,5999756	608,5	609,0999756	532
9	-2	4	09.06.2006	610	615,7999878	606,9000244	608,2000122	73
4	1	3	12.06.2006	606	610	606	606,7999878	19
38	-9	5	13.06.2006	571,2000122	605,5999756	568	562,5	207
16	7	5	14.06.2006	555	571	555	562,2999878	243
20	9	5	15.06.2006	557,2999878	577	557,2999878	566,5	135
3	12	2	16.06.2006	566,5	574,7000122	572	578	4
0	0	2	19.06.2006	568,7999878	568,7999878	568,7999878	568,7999878	6
3	6	2	20.06.2006	571	571	568	576,9000244	4
13	16	4	21.06.2006	572	585	572	587,5	60
1	-6	3	22.06.2006	588	588	587	582,2000122	14
10	1	3	23.06.2006	583,9000244	584	574	584,7999878	19
4	2	5	26.06.2006	583	584	580	584,7999878	119
0	-7	4	27.06.2006	589	589	589	581,5999756	39
6	-7	1	28.06.2006	585,5	586	580	578,2999878	1
0	0	5	29.06.2006	586,5	586,5	586,5	586,5	104
6	53	3	30.06.2006	560,9000244	614,5	609	613,5	18
0	7	5	05.07.2006	620,7833957039934	631	631	627,2999878	94
0	10	2	06.07.2006	624	624	624	634,0999756	6
0	-2	2	07.07.2006	634,2999878	634,2999878	634,2999878	632,7999878	6
0	-9	2	10.07.2006	632,7999878	632,7999878	632,7999878	624,0999756	6
0	8	2	11.07.2006	632,7999878	632,7999878	632,7999878	641,2000122	6
0	17	2	12.07.2006	632,7999878	632,7999878	632,7999878	649,4000244	6
0	0	2	13.07.2006	652,9000244	652,9000244	652,9000244	652,9000244	6
0	0	2	14.07.2006	666,5999756	666,5999756	666,5999756	666,5999756	6
2	-24	4	17.07.2006	675,0999756	677	675,0999756	650,5999756	40
0	0	4	18.07.2006	628,2999878	628,2999878	628,2999878	628,2999878	40
0	0	4	19.07.2006	641,5999756	641,5999756	641,5999756	641,5999756	40
0	-10	4	20.07.2006	641,5999756	641,5999756	641,5999756	631,7000122	40
0	-12	6	21.07.2006	631,7000122	631,7000122	631,7000122	619,5999756	600
0	-7	6	24.07.2006	619,5999756	619,5999756	619,5999756	612,7000122	600
0	5	6	25.07.2006	612,7000122	612,7000122	612,7000122	617,5999756	600
0	0	1	26.07.2006	621,5999756	621,5999756	621,5999756	621,5999756	1
0	0	11	27.07.2006	632,4000244	632,4000244	632,4000244	632,4000244	66412
12	2	10	28.07.2006	632,5	636,5999756	625	634,7999878	27652
20	0	8	31.07.2006	634,5	646,5	627	634,2000122	3183
17	11	7	01.08.2006	635,4000244	646,5	629,5	646,2999878	1360
11	6	6	02.08.2006	645,7999878	656	644,7000122	651,5999756	414
13	-6	6	03.08.2006	651	651	638	644,9000244	429
10	-2	5	04.08.2006	646	653,5	643	644	97
6	-3	5	07.08.2006	651,2000122	652	646,5	647,7999878	139
7	-1	4	08.08.2006	646,7999878	646,7999878	640	645,7000122	43
16	6	4	09.08.2006	645	654,5	638,5	650,5	65
17	-15	5	10.08.2006	650,2000122	651,2999878	634	634,9000244	127
16	-4	6	11.08.2006	638	642,2999878	626	633,5	596
10	-1	5	14.08.2006	629,9000244	629,9000244	620	628,5	147
4	-2	5	15.08.2006	625	625,5	622	622,5	124
4	-2	5	16.08.2006	631	631	627	628,7000122	206
13	-12	6	17.08.2006	627,5	628,5	615,5	615,4000244	295
8	-2	5	18.08.2006	614,2000122	617	609	612,0999756	102
13	12	5	21.08.2006	613,5999756	626,5	613,5999756	625,7000122	117
4	-1	3	22.08.2006	626	628	623,5	624,5999756	19
5	-1	3	23.08.2006	624,5999756	628	623,2000122	623,7000122	20
6	-2	4	24.08.2006	621,5999756	624,5	618	619,5	35
2	0	5	25.08.2006	622,5	623,5	621,7999878	622	173
8	-6	4	28.08.2006	621,7000122	621,7000122	614	615,2999878	46
6	-6	1	29.08.2006	616,7999878	616,7999878	610,5	610,7000122	2
6	2	3	30.08.2006	615,5999756	618	611,7999878	617,7000122	26
0	0	3	31.08.2006	625,9000244	625,9000244	625,9000244	625,9000244	26
0	0	3	01.09.2006	624,4000244	624,4000244	624,4000244	624,4000244	26
0	0	3	04.09.2006	624,4000244	624,4000244	624,4000244	624,4000244	26
0	0	3	05.09.2006	638,5	638,5	638,5	638,5	23
0	0	5	06.09.2006	633,5	633,5	633,5	633,5	102
0	0	5	07.09.2006	617	617	617	617	102
0	0	5	08.09.2006	609,5999756	609,5999756	609,5999756	609,5999756	102
0	0	0	11.09.2006	590	590	590	590	0
0	-4	2	12.09.2006	591	591	591	586,9000244	10
0	0	2	13.09.2006	589,0999756	589,0999756	589,0999756	589,0999756	10
0	0	0	14.09.2006	579,2999878	579,2999878	579,2999878	579,2999878	0
0	0	0	15.09.2006	576,4000244	576,4000244	576,4000244	576,4000244	0
0	0	0	18.09.2006	586,2000122	586,2000122	586,2000122	586,2000122	0
0	0	0	19.09.2006	576,7999878	576,7999878	576,7999878	576,7999878	0
0	-4	1	20.09.2006	584	584	584	580	2
0	0	0	21.09.2006	582,2000122	582,2000122	582,2000122	582,2000122	0
0	0	0	22.09.2006	589,4000244	589,4000244	589,4000244	589,4000244	0
0	0	0	25.09.2006	589,9000244	589,9000244	589,9000244	589,9000244	0
0	0	0	26.09.2006	591,2000122	591,2000122	591,2000122	591,2000122	0
0	0	9	27.09.2006	597,2999878	597,2999878	597,2999878	597,2999878	7818
8	7	9	28.09.2006	597,7000122	606,2000122	597,7000122	605	8709
10	-6	6	29.09.2006	605,0999756	605,0999756	595	598,5999756	662
6	-1	5	02.10.2006	598,9000244	604	598	597,7000122	109
12	-15	5	03.10.2006	591	591,9000244	580	576,2999878	160
16	-12	8	04.10.2006	573,9000244	577	561	562	4584
9	5	3	05.10.2006	565,9000244	575	565,9000244	571	22
12	0	3	06.10.2006	572	572,5	560,5	572,4000244	24
0	0	5	09.10.2006	578	578	578	578,4000244	93
6	-3	5	10.10.2006	574,5	574,5	568	571,9000244	136
0	-6	1	11.10.2006	578	578	578	572,2999878	1
0	1	2	12.10.2006	575	575	575	576,2999878	5
0	3	2	13.10.2006	585,5	585,5	585,5	588,7999878	8
1	1	5	16.10.2006	593,5	594,5	593,5	594,7000122	210
10	-9	3	17.10.2006	598,5	598,5	588,5	589,7000122	14
2	-4	3	18.10.2006	592,5	594	591,5	588,9000244	18
0	10	5	19.10.2006	588,9000244	588,9000244	588,7000122	599	103
0	-4	2	20.10.2006	597,5	597,5	597	593	4
0	0	2	23.10.2006	579,7000122	579,7000122	579,7000122	579,7000122	4
0	8	6	24.10.2006	576,5	576,5	576,5	584,4000244	501
0	0	5	25.10.2006	587,5999756	587,5999756	587,5999756	587,5999756	199
0	2	3	26.10.2006	595	595,5	595	596,7999878	26
0	0	2	27.10.2006	598,2000122	598,2000122	598,2000122	598,2000122	5
1	-4	3	30.10.2006	608,5	608,9000244	608	604,7000122	13
0	0	0	31.10.2006	604,0999756	604,0999756	604,0999756	604,0999756	0
0	4	2	01.11.2006	612,5	612,5	612,5	616,5999756	6
0	0	2	02.11.2006	625,4000244	625,4000244	625,4000244	625,4000244	6
0	0	0	03.11.2006	626,9000244	626,9000244	626,9000244	626,9000244	0
0	0	0	06.11.2006	625,7999878	625,7999878	625,7999878	625,7999878	0
0	0	0	07.11.2006	625,7000122	625,7000122	625,7000122	625,7000122	0
0	0	0	08.11.2006	616,4000244	616,4000244	616,4000244	616,4000244	0
0	18	1	09.11.2006	617	617	617	635	2
0	0	1	10.11.2006	628,4000244	628,4000244	628,4000244	628,4000244	2
0	-5	1	13.11.2006	629	629	629	624,2000122	1
0	3	1	14.11.2006	620,5	620,5	620,5	623,7999878	1
0	0	0	15.11.2006	622,5	622,5	622,5	622,5	0
0	0	0	16.11.2006	620,5999756	620,5999756	620,5999756	620,5999756	0
0	4	2	17.11.2006	617,5	617,5	617,5	621,5	10
0	0	0	20.11.2006	621,5	621,5	621,5	621,2000122	0
0	0	0	21.11.2006	628,0999756	628,0999756	628,0999756	628,2000122	0
0	0	0	22.11.2006	628,7000122	628,7000122	628,7000122	628,7000122	0
0	0	0	24.11.2006	628,7000122	628,7000122	628,7000122	628,7000122	0
0	0	11	28.11.2006	637,2000122	637,2000122	637,2000122	637,2000122	82649
6	-3	10	29.11.2006	638,4000244	640,2999878	634,5	635,5	29111
13	12	8	30.11.2006	635	648	635	646,9000244	2327
6	-1	7	01.12.2006	645,7000122	649,7000122	643,5	644,7000122	728
8	-2	6	04.12.2006	647,0999756	648	640,5	645,2000122	562
8	-2	5	05.12.2006	644,2999878	648	640,5	642,2999878	214
10	-10	6	06.12.2006	640,5	640,5	631	630,5	247
8	4	6	07.12.2006	628,2999878	632,5	625	631,9000244	316
10	-7	5	08.12.2006	633,2999878	636,5	626	626,0999756	104
7	7	6	11.12.2006	623	629,7000122	622,4000244	630	467
3	-3	5	12.12.2006	630,2999878	630,5	627,5	627	222
8	-7	4	13.12.2006	634,7999878	632,5	624	627,9000244	81
1	-1	4	14.12.2006	628	628,5	627,5	626,5999756	43
15	-10	5	15.12.2006	625,5	627,7000122	613	615	118
4	0	4	18.12.2006	614	616,5	612	614	57
4	1	4	19.12.2006	620,9000244	620,9000244	616,5	621,5999756	40
3	-1	6	20.12.2006	621,4000244	622,7000122	619,7000122	620,5999756	385
3	-3	3	21.12.2006	620,7999878	620,7999878	618	618,2000122	22
0	0	5	22.12.2006	619	619	618,7000122	619,0999756	122
5	-1	4	26.12.2006	625,0999756	628	623	623,7000122	58
0	0	1	27.12.2006	627,2000122	627,2000122	627,2000122	627,2000122	3
1	7	3	28.12.2006	627,0999756	627,0999756	626	634,0999756	17
0	0	3	29.12.2006	635,2000122	635,2000122	635,2000122	635,2000122	17
0	0	3	02.01.2007	635,2000122	635,2000122	635,2000122	635,2000122	17
12	-13	4	03.01.2007	640,4000244	640,4000244	628,5	627,0999756	38
0	-1	2	04.01.2007	624,5	624,5	624,5	623,9000244	4
6	-19	6	05.01.2007	623,7000122	623,7000122	617,2999878	604,9000244	531
0	0	7	08.01.2007	607,5	607,5	607,5	607,5	1000
0	6	1	09.01.2007	607	607	607	613,0999756	2
0	0	1	10.01.2007	611,5999756	611,5999756	611,5999756	611,5999756	2
0	0	0	11.01.2007	612,4000244	612,4000244	612,4000244	612,4000244	0
0	9	1	12.01.2007	616,2000122	616,2000122	616,2000122	625,5	1
0	1	1	16.01.2007	623,5999756	623,5999756	623,5999756	624,5999756	2
2	2	1	17.01.2007	630,5	632,5999756	630,5	632,0999756	2
0	0	1	18.01.2007	627,0999756	627,0999756	627,0999756	627,0999756	2
0	2	1	19.01.2007	633,5	633,5	633,5	635,5	2
0	0	1	22.01.2007	633,2999878	633,2999878	633,2999878	633,2999878	2
0	3	1	23.01.2007	642,2000122	642,2000122	642,2000122	645,2000122	1
0	7	1	24.01.2007	640,2999878	640,2999878	640,2999878	647,5999756	1
0	0	1	25.01.2007	647,7999878	647,7999878	647,7999878	647,7999878	1
0	0	1	26.01.2007	644,5	644,5	644,5	644,5	2
0	0	11	29.01.2007	643,0999756	643,0999756	643,0999756	643,0999756	71048
7	1	10	30.01.2007	643	647,5	640,7999878	644,2000122	25819
14	6	8	31.01.2007	646,5	655,5	641,7999878	652	3048
9	4	7	01.02.2007	652,9000244	661,5	652,5999756	657,4000244	1198
17	-10	6	02.02.2007	655,7000122	659,2999878	642	646,2000122	449
4	2	5	05.02.2007	649	651	647	650,9000244	196
11	5	5	06.02.2007	648,2000122	659	648,0999756	653,5999756	169
5	-2	5	07.02.2007	654,7999878	655,5	650,4000244	652,2999878	156
10	8	6	08.02.2007	650	659,2999878	649,0999756	658	463
12	8	5	09.02.2007	659,0999756	669,5	658	667,5	127
5	-2	4	12.02.2007	664,2999878	665,9000244	661	662,5999756	65
5	0	4	13.02.2007	664,2999878	669	663,7999878	663,9000244	41
5	1	5	14.02.2007	666,7000122	672	666,7000122	667,4000244	167
6	-1	5	15.02.2007	668,5	668,5	663	667,2999878	93
4	4	5	16.02.2007	664,5	668,4000244	664,5	668,7999878	93
13	-14	3	20.02.2007	671	671	658,2999878	657,0999756	26
25	20	4	21.02.2007	660,4000244	682,2999878	657,5	680,2000122	33
3	3	6	22.02.2007	676,5	679,2999878	676,5	679,4000244	344
11	5	5	23.02.2007	678,2999878	685,2999878	674	683,0999756	146
4	2	4	26.02.2007	684,5999756	687,5999756	683,7999878	686,5	34
19	0	5	27.02.2007	684	687,7000122	668,5	683,9000244	150
12	4	2	28.02.2007	665,5999756	674,5	662	669,4000244	6
0	-11	1	01.03.2007	673	673	673	662,2999878	1
0	0	3	02.03.2007	641,5	641,5	641,5	641,5	24
0	-4	3	05.03.2007	640,2000122	640,2000122	640	636,7000122	17
3	0	3	06.03.2007	643,7000122	644,5	641,2999878	643,7999878	15
0	0	3	07.03.2007	650,5999756	650,5999756	650,5999756	650,5999756	13
0	0	3	08.03.2007	653,4000244	653,4000244	653,4000244	653,4000244	13
0	0	6	09.03.2007	650	650	650	650	320
0	0	2	12.03.2007	648	648	648	648,4000244	8
0	0	3	13.03.2007	647,5999756	647,5999756	647,5999756	647,5999756	20
0	0	2	14.03.2007	640,9000244	640,9000244	640,9000244	640,9000244	8
0	0	2	15.03.2007	645,7000122	645,7000122	645,7000122	645,7000122	8
0	0	3	16.03.2007	652,9000244	652,9000244	652,7000122	652,5999756	15
0	0	3	19.03.2007	653,0999756	653,0999756	653,0999756	653,0999756	15
0	0	0	20.03.2007	657,9000244	657,9000244	657,9000244	657,9000244	0
0	0	0	21.03.2007	659	659	659	659	0
0	0	3	22.03.2007	663,4000244	663,4000244	663,4000244	663,4000244	27
0	0	5	23.03.2007	656,7000122	656,7000122	656,7000122	656,7000122	200
0	0	0	26.03.2007	663,4000244	663,4000244	663,4000244	663,4000244	0
0	0	0	27.03.2007	662,0999756	662,0999756	662,0999756	662,0999756	0
0	0	9	28.03.2007	666,5	666,5	666,5	666,5	10244
12	-4	11	29.03.2007	665,9000244	666,2000122	654,5999756	661,5	37425
9	2	8	30.03.2007	661,2000122	667,7000122	659,0999756	663	4623
9	0	7	02.04.2007	665,5	665,5	656,0999756	665,7000122	1468
5	1	6	03.04.2007	663,0999756	667,2999878	662,2000122	664	291
11	8	7	04.04.2007	664	675	664	672,0999756	1718
4	0	5	05.04.2007	674,2000122	676	671,5	674,2000122	226
6	1	4	09.04.2007	671,0999756	677,5	671,0999756	671,9000244	35
8	3	3	10.04.2007	673,9000244	681,5	673,9000244	676,5	29
6	-2	3	11.04.2007	678,2999878	680,2999878	674,7999878	676,7999878	31
4	-2	4	12.04.2007	677	677,5	673,0999756	675,0999756	63
3	5	3	13.04.2007	680,2000122	683,5999756	680,2000122	685,4000244	25
5	5	4	16.04.2007	685,0999756	690,0999756	685,0999756	690,0999756	55
2	-1	3	17.04.2007	689	689,4000244	687,2000122	688,2000122	29
4	0	3	18.04.2007	689,0999756	690,5999756	687	689,0999756	13
4	2	4	19.04.2007	681,9000244	685,7000122	681,9000244	684,2999878	58
2	2	3	20.04.2007	690,0999756	692,5	690,0999756	692	24
1	2	3	23.04.2007	689	689	688	690,5999756	16
8	-5	5	24.04.2007	689,4000244	691,2999878	683	684,2000122	220
3	-2	3	25.04.2007	686,5	686,5	683,7999878	684,0999756	17
13	-10	4	26.04.2007	684,5	686,7999878	673,5	674,9000244	51
5	6	4	27.04.2007	673	678,2999878	673	678,7000122	55
3	3	3	30.04.2007	677,4000244	680	677,2999878	680,5	12
1	1	2	01.05.2007	673,7000122	673,7000122	673	674,4000244	6
0	0	0	02.05.2007	672,2999878	672,2999878	672,2999878	672,2999878	0
0	0	0	03.05.2007	681,7999878	681,7999878	681,7999878	681,7999878	0
0	0	0	04.05.2007	687,2000122	687,2000122	687,2000122	687,2000122	0
0	0	1	07.05.2007	688	688	688	688	1
0	0	1	08.05.2007	685,0999756	685,0999756	685,0999756	685,0999756	1
0	0	1	09.05.2007	680,2999878	680,2999878	680,2999878	680,2999878	1
0	14	0	10.05.2007	651	651	651	665,0999756	0
0	0	0	11.05.2007	670,5999756	670,5999756	670,5999756	670,5999756	0
0	0	0	14.05.2007	668,5	668,5	668,5	668,5	0
0	0	0	15.05.2007	673	673	673	673	0
0	0	0	16.05.2007	660,2000122	660,2000122	660,2000122	660,2000122	0
0	0	0	17.05.2007	656,2000122	656,2000122	656,2000122	656,2000122	0
0	0	0	18.05.2007	661	661	661	661	0
1	2	2	21.05.2007	660,7000122	661,4000244	660	662,9000244	6
0	0	2	22.05.2007	659,0999756	659,0999756	659,0999756	659,0999756	6
0	0	2	23.05.2007	661,9000244	661,9000244	661,9000244	661,9000244	6
2	-1	2	24.05.2007	654	656	654	653	5
0	-1	2	25.05.2007	655,9000244	655,9000244	655,7000122	655,0999756	5
0	0	11	29.05.2007	657,0999756	657,0999756	657,0999756	657,0999756	88259
7	-3	11	30.05.2007	655,7000122	658,4000244	651,5	653,0999756	49921
10	8	9	31.05.2007	652,5	662	652,5	661	8065
11	10	7	01.06.2007	661,5	672	660,7999878	671,2000122	1496
5	0	6	04.06.2007	671,2000122	673,7000122	668,9000244	670,7000122	612
5	-2	5	05.06.2007	672,0999756	674	669,2999878	669,5999756	242
6	-1	6	06.06.2007	670,4000244	670,9000244	665,4000244	669,2999878	489
13	-11	6	07.06.2007	671,4000244	671,4000244	658,2999878	660,0999756	282
14	-13	6	08.06.2007	658,5	659,5999756	645,2000122	645,5	261
5	5	5	11.06.2007	649,2000122	654,4000244	649,2000122	654,2999878	91
7	-5	4	12.06.2007	653,7999878	653,7999878	646,9000244	648,5	61
7	2	4	13.06.2007	646,5999756	651,5	644,2999878	648,2000122	82
3	-1	3	14.06.2007	652,5999756	652,7999878	650	651,5999756	15
4	4	3	15.06.2007	651	655,2000122	650,7000122	654,5	28
2	-2	4	18.06.2007	657,9000244	658,2000122	655,7000122	655,7999878	57
7	4	4	19.06.2007	656,2000122	660,2000122	653	660,7000122	36
3	-5	2	20.06.2007	660,7999878	660,7999878	658	656,0999756	8
0	2	2	21.06.2007	648,5999756	648,5999756	648,5999756	650,5999756	6
0	4	1	22.06.2007	649,9000244	649,9000244	649,9000244	653,5	3
0	1	3	25.06.2007	650	650,5	650	651,2999878	21
8	-6	4	26.06.2007	647,5999756	647,5999756	640	642,0999756	60
3	1	4	27.06.2007	640,4000244	643,5	640,4000244	641,7000122	43
4	4	4	28.06.2007	643,9000244	648,4000244	643,9000244	647,5	89
2	1	4	29.06.2007	647,5	649,2000122	647,5	648,0999756	45
0	0	1	02.07.2007	656,7999878	656,7999878	656,7999878	656,5	1
0	-3	1	03.07.2007	655,7000122	655,7000122	655,7000122	652,9000244	1
0	0	3	05.07.2007	648,4000244	648,4000244	648,4000244	648,4000244	18
0	0	3	06.07.2007	652,7000122	652,7000122	652,7000122	652,7000122	18
0	0	0	09.07.2007	660,5	660,5	660,5	660,5	0
0	0	0	10.07.2007	662,5	662,5	662,5	662,5	0
0	0	2	11.07.2007	660,2999878	660,2999878	660,2999878	660,2999878	6
0	2	1	12.07.2007	665	665	665	666,7000122	2
0	-1	2	13.07.2007	666,7000122	666,7000122	666,7000122	665,7999878	8
0	-2	1	16.07.2007	667,0999756	667,0999756	667,0999756	665	1
0	0	0	17.07.2007	664,7000122	664,7000122	664,7000122	664,7000122	0
0	0	0	18.07.2007	672,5999756	672,5999756	672,5999756	672,5999756	0
0	0	0	19.07.2007	677,2000122	677,2000122	677,2000122	677,2000122	0
0	0	0	20.07.2007	683,9000244	683,9000244	683,9000244	683,9000244	0
0	0	0	23.07.2007	680,7999878	680,7999878	680,7999878	680,7999878	0
0	0	0	24.07.2007	684,2000122	684,2000122	684,2000122	684,2000122	0
0	0	0	25.07.2007	673,2999878	673,2999878	673,2999878	673,2999878	0
0	0	0	26.07.2007	662,5	662,5	662,5	662,5	0
0	0	11	27.07.2007	660	660	660	660	88254
6	4	11	30.07.2007	659,9000244	665,2000122	659,2999878	664,0999756	36526
6	2	9	31.07.2007	665	668,2999878	662,5999756	666,9000244	5769
8	0	8	01.08.2007	663,2000122	666,2999878	658,5	663,5999756	2026
4	-2	7	02.08.2007	666,7000122	666,7000122	662,7999878	664,5999756	1062
9	7	6	03.08.2007	665,7999878	674,4000244	665,7000122	672,5	575
3	-1	5	06.08.2007	672,0999756	672,0999756	668,7999878	671,5	212
4	1	6	07.08.2007	670	670	666,5	670,5999756	313
2	0	5	08.08.2007	674,7000122	676,2000122	674	674,5	136
6	-6	6	09.08.2007	667,7999878	667,7999878	661,4000244	661,4000244	377
14	11	7	10.08.2007	659,5	673,4000244	659,5	670,2999878	1101
2	0	4	13.08.2007	669,9000244	671	668,5999756	669,7000122	52
6	4	5	14.08.2007	665	670,5	665	668,5999756	106
7	4	7	15.08.2007	665	669,7000122	662,5	668,9000244	845
22	-17	5	16.08.2007	665,2000122	665,2000122	642,9000244	648,2999878	130
9	8	5	17.08.2007	648,4000244	657,7000122	648,4000244	656,9000244	219
1	-2	5	20.08.2007	658,5999756	660	658,5999756	656,7000122	189
1	-1	2	21.08.2007	657,9000244	658,4000244	657,5	656,7000122	9
2	0	6	22.08.2007	658,9000244	661,0999756	658,9000244	659,0999756	303
0	-5	5	23.08.2007	663,5999756	663,7000122	663,2000122	658,9000244	135
7	6	5	24.08.2007	662,0999756	668,7999878	662,0999756	668	208
2	-1	4	27.08.2007	667,9000244	668	666	666,7999878	77
2	-1	3	28.08.2007	665,5	665,9000244	664,2000122	664,4000244	22
1	-1	4	29.08.2007	667	667,7000122	667	666,2999878	78
1	0	5	30.08.2007	665,5	666,5	665,5	665	186
0	0	5	31.08.2007	672,5	672,7999878	672,5	673	186
0	0	0	04.09.2007	682,5	682,5	682,5	682,5	0
0	3	4	05.09.2007	678,5999756	679,0999756	678,5999756	681,7000122	80
0	3	1	06.09.2007	692,2000122	692,4000244	692,2000122	695,5999756	2
0	0	1	07.09.2007	700,7999878	700,7999878	700,7999878	700,7999878	1
3	-1	4	10.09.2007	704,5	705	702	703,2999878	43
1	9	4	11.09.2007	703,5	703,5	702,7999878	712,2000122	55
1	-2	2	12.09.2007	713,9000244	713,9000244	712,5	711,9000244	6
0	3	3	13.09.2007	706,9000244	707,4000244	706,9000244	709,5	19
2	-8	4	14.09.2007	717,2000122	717,2000122	714,9000244	709,5999756	33
0	-3	4	17.09.2007	719,0999756	719,0999756	719,0999756	715,7999878	36
0	0	5	18.09.2007	715,7999878	715,7999878	715,7999878	715,7999878	104
0	-3	3	19.09.2007	724,5999756	724,5999756	724,5999756	722	12
0	0	3	20.09.2007	732,4000244	732,4000244	732,4000244	732,4000244	12
0	0	2	21.09.2007	731,4000244	731,4000244	731,4000244	731,4000244	6
0	0	5	24.09.2007	732,0999756	732,0999756	732,0999756	732,0999756	150
0	0	4	25.09.2007	731,5999756	731,5999756	731,5999756	731,5999756	60
0	0	9	26.09.2007	728,2999878	728,2999878	728,2999878	728,2999878	12901
8	4	9	27.09.2007	728,2000122	735,5	727,4000244	732,7000122	11841
12	9	8	28.09.2007	733,7000122	745,7000122	733,7000122	742,7999878	2004
6	2	6	01.10.2007	745,0999756	747,4000244	741,7999878	747,2000122	644
20	-17	6	02.10.2007	746,5	746,5	726,5	729,7999878	319
6	2	4	03.10.2007	727,5999756	732,5	726,7000122	729,2999878	61
12	13	3	04.10.2007	725,0999756	736,7999878	724,2999878	737,7999878	17
11	10	2	05.10.2007	731	741,7000122	731	741,2999878	6
5	-2	4	08.10.2007	735,2000122	737	732,4000244	732,7999878	88
1	1	4	09.10.2007	736,0999756	736,5	735,5	737,4000244	44
0	0	3	10.10.2007	740,9000244	741	740,7000122	740,4000244	32
4	4	5	11.10.2007	747,4000244	749,7000122	746	751,2999878	180
2	-2	6	12.10.2007	750,4000244	750,4000244	748,7000122	748,7000122	371
2	-1	6	15.10.2007	758	759,5999756	757,9000244	757,0999756	344
6	-5	5	16.10.2007	762,4000244	762,4000244	756,0999756	757	151
3	-2	4	17.10.2007	760	760	757	757,5	45
0	-2	2	18.10.2007	765,7999878	765,7999878	765,7999878	764,0999756	9
2	-1	2	19.10.2007	765,2000122	765,2000122	762,7000122	764	7
15	-11	4	22.10.2007	766,7000122	766,7000122	751,9000244	755,7999878	60
0	3	2	23.10.2007	755,7000122	756	756	759	7
5	3	4	24.10.2007	758,2000122	758,2000122	753,5	761,5999756	55
0	-1	2	25.10.2007	767,9000244	767,9000244	767,9000244	767,2999878	10
12	12	4	26.10.2007	771,4000244	783,4000244	771,4000244	783,9000244	81
6	-5	2	29.10.2007	793,7999878	793,7999878	787,2999878	789,0999756	9
5	-1	5	30.10.2007	785,5	785,5	780,7000122	784,2999878	168
6	3	3	31.10.2007	789,2999878	795,4000244	789,2999878	792	12
6	5	2	01.11.2007	785,2999878	791,2999878	785,2999878	790,7000122	4
12	12	2	02.11.2007	794,0999756	806,5	794,0999756	805,7000122	4
0	4	3	05.11.2007	804,5999756	804,5999756	804,2000122	808,0999756	17
3	-1	2	06.11.2007	821,9000244	825,2999878	821,9000244	820,7999878	4
1	1	1	07.11.2007	830	831,2000122	830	831	3
12	5	2	08.11.2007	829,7999878	841,2999878	829,7999878	835,2000122	8
4	-3	2	09.11.2007	835,7000122	835,7999878	831,7000122	832,5	7
5	2	1	12.11.2007	803,9000244	803,9000244	798,7000122	805,7999878	3
4	-7	2	13.11.2007	804,2999878	804,2999878	800	797,2000122	6
0	-4	2	14.11.2007	816,7000122	817	816,7000122	813	11
1	-9	0	15.11.2007	794,5	794,5	793,7000122	785,9000244	0
0	0	0	16.11.2007	785,7000122	785,7000122	785,7000122	785,7000122	0
0	-1	1	19.11.2007	777,5999756	777,5999756	777,5999756	776,7999878	1
10	-3	2	20.11.2007	792,9000244	802,5	792,9000244	790,2999878	5
0	0	2	21.11.2007	797,5999756	797,5999756	797,5999756	797,5999756	5
0	0	2	23.11.2007	824	824	824	824	6
0	0	2	26.11.2007	826	826	826	826	6
12	-10	3	27.11.2007	823,2000122	824,7999878	812,5	813,7000122	32
0	0	11	28.11.2007	800,0999756	800,0999756	800,0999756	800,0999756	88286
16	-9	11	29.11.2007	804	807,7999878	791,9000244	795,2999878	66669
20	-13	9	30.11.2007	795	798,5999756	778,4000244	782,2000122	7212
18	4	8	03.12.2007	783,9000244	794,5999756	777	788,2999878	3728
18	7	7	04.12.2007	794	805	787,2000122	801,2999878	925
12	-5	6	05.12.2007	802,2000122	803,9000244	791,7000122	797,5	389
18	7	6	06.12.2007	794,4000244	804,7999878	786,5	801,2000122	332
9	-6	5	07.12.2007	800,7000122	801,2000122	792	794,4000244	218
10	8	6	10.12.2007	799,2999878	809,7000122	799,2999878	807,7000122	274
16	3	6	11.12.2007	808,0999756	812	796	811,4000244	347
6	4	6	12.12.2007	809,7000122	815,9000244	809,5999756	813,5	291
18	-11	5	13.12.2007	810,2999878	810,2999878	792,7000122	799	200
14	-7	5	14.12.2007	800,2999878	803,5	789,5999756	793,2999878	196
6	1	5	17.12.2007	793,5	794,5	788,4000244	794,7999878	115
12	10	4	18.12.2007	793	804,7999878	793	803	72
5	2	4	19.12.2007	799,2000122	804	799,0999756	801,0999756	68
6	0	5	20.12.2007	799,5	800	794,2000122	799,2000122	114
12	12	4	21.12.2007	800	812,5	800	811,5999756	64
4	1	4	24.12.2007	811,5	814,0999756	809,7999878	812,7999878	41
11	10	4	26.12.2007	815,7000122	826,9000244	815,7000122	826	36
8	4	5	27.12.2007	824,7999878	832,5	824,7999878	828,5999756	160
14	13	5	28.12.2007	826,5999756	840,2000122	826,5999756	839,5999756	107
0	-8	2	31.12.2007	843,2000122	843,2000122	843,2000122	834,9000244	4
11	8	5	02.01.2008	848,7000122	857,7999878	846,4000244	857	130
9	3	5	03.01.2008	863	865,5	856,2999878	866,4000244	181
5	2	3	04.01.2008	861,4000244	865,5	860,2000122	863,0999756	28
4	-1	2	07.01.2008	860,9000244	860,9000244	857,4000244	859,5999756	4
18	16	3	08.01.2008	861,5999756	879,4000244	861,5999756	878	21
9	-6	4	09.01.2008	885	885	876	879,5	48
10	10	2	10.01.2008	882	891,4000244	881,2000122	891,7000122	6
10	6	5	11.01.2008	889,7999878	899,7000122	889,7000122	896,0999756	183
2	-6	4	14.01.2008	907,2999878	907,2999878	905	901,5999756	89
0	13	5	15.01.2008	887,5999756	887,5999756	887,5999756	901	101
5	0	5	16.01.2008	880,5	885,7999878	880,5	880,5999756	102
11	-9	2	17.01.2008	888,2000122	888,2000122	876,7999878	879,5	11
16	9	3	18.01.2008	871,7999878	886,7999878	871	880,7999878	30
28	11	3	22.01.2008	878,7000122	891	863,2000122	889,5999756	30
16	-2	4	23.01.2008	885	895,7000122	880	882,5	49
16	15	2	24.01.2008	890,9000244	906,5999756	890,9000244	905,5	6
0	0	2	25.01.2008	910,5	910,5	910,5	910,5	6
8	10	3	28.01.2008	916,5999756	922	914,5	927,0999756	25
0	0	11	29.01.2008	925	925	925	925,0999756	88279
21	-4	11	30.01.2008	924,4000244	936,2999878	915,2999878	920,5999756	68820
10	-6	8	31.01.2008	928,2000122	928,5999756	918,2999878	922,7000122	4289
32	-16	8	01.02.2008	924,7999878	936,2000122	903,7000122	908,7000122	2152
20	1	7	04.02.2008	903,7000122	912	892,5	904,9000244	1493
20	-19	6	05.02.2008	905,0999756	905,2000122	884,7000122	885,9000244	476
22	13	6	06.02.2008	887,9000244	910	887,5	900,7000122	430
13	6	6	07.02.2008	900,5999756	909,2999878	896,4000244	906,0999756	463
8	3	6	08.02.2008	915,2999878	920	911,5	918,4000244	339
9	2	5	11.02.2008	920,7000122	926,9000244	917,5	922,9000244	181
21	-14	6	12.02.2008	921	924,7999878	904,2000122	907,4000244	278
12	4	4	13.02.2008	903	909,4000244	897,2000122	906,5	89
7	3	5	14.02.2008	904	911	904	907,4000244	128
15	-7	5	15.02.2008	910,0999756	913,5999756	898,7000122	902,7999878	128
28	22	5	19.02.2008	904,2999878	928,7999878	900,5	926,5999756	174
25	8	4	20.02.2008	926,5	945	919,5999756	934,5999756	73
13	6	5	21.02.2008	940,0999756	953,4000244	940,0999756	946,0999756	138
6	0	4	22.02.2008	944,9000244	948,5	942,5	944,7000122	79
16	-9	6	25.02.2008	946,5	948,9000244	933	937,5999756	312
18	15	5	26.02.2008	931,2999878	949	931,2999878	946,0999756	224
5	-2	5	27.02.2008	960	960	955	958,2000122	215
18	7	5	28.02.2008	957,4000244	972,0999756	954,4000244	964,5	238
10	1	4	29.02.2008	971,4000244	973,0999756	963,5	972,0999756	39
7	-3	3	03.03.2008	984,2000122	986,9000244	979,7000122	981,5	26
21	-18	4	04.03.2008	982,4000244	984,5	963,7999878	963,9000244	41
29	21	4	05.03.2008	965	992,7000122	963,9000244	986,2000122	45
14	-9	4	06.03.2008	984,2999878	987,7000122	973,4000244	975	46
12	-11	5	07.03.2008	982,7999878	984,9000244	972,4000244	972,2000122	96
12	-6	5	10.03.2008	975,5	976,7999878	964,7000122	969,9000244	92
5	-2	3	11.03.2008	975,7000122	976,7000122	971,5	974,2000122	12
6	5	2	12.03.2008	973,5999756	979,2999878	973,5	978,7999878	6
15	9	2	13.03.2008	983,7000122	998,5	983,7000122	992,2999878	10
12	4	3	14.03.2008	993,9000244	1004,599976	993	998,2000122	27
18	-4	4	17.03.2008	1005	1014,599976	996,4000244	1001,400024	82
32	0	3	18.03.2008	1003,599976	1010	978,2000122	1003,200012	30
41	-34	4	19.03.2008	979,2999878	979,2999878	938,4000244	945,4268496235949	84
26	-20	4	20.03.2008	939,9000244	943,2000122	917,7000122	919,5999756	34
7	3	4	24.03.2008	915,5	922	915,2000122	918,2999878	71
7	3	5	25.03.2008	931,5	933,9000244	927,2000122	934,5999756	102
0	-1	1	26.03.2008	949,5999756	949,5999756	949,5999756	949	1
6	1	11	27.03.2008	947,4000244	951,7000122	945,7000122	948,7999878	88255
29	-17	11	28.03.2008	947,5	951,0999756	921,7999878	930,5999756	64013
28	-15	9	31.03.2008	931	940,0999756	912	916,2000122	5980
48	-32	8	01.04.2008	915	919,7999878	871,7999878	882,9000244	3204
25	11	8	02.04.2008	884	906,5	881,2000122	895,2000122	2367
18	4	7	03.04.2008	901,2000122	907,5	889,5999756	905	984
16	4	6	04.04.2008	904,7000122	914,9000244	898,7999878	909	279
15	7	8	07.04.2008	915,2999878	927,2000122	912,2999878	922,7000122	2086
16	-10	6	08.04.2008	924,2000122	925,2999878	909,2999878	914	405
31	18	6	09.04.2008	916	935,5	904,0999756	933,5999756	390
17	-3	6	10.04.2008	931,2999878	939,2000122	922,4000244	928,2999878	409
12	4	5	11.04.2008	919,5999756	931,2000122	919,5999756	923,5999756	141
14	8	5	14.04.2008	917	929,4000244	915,5999756	925,4000244	153
12	4	5	15.04.2008	924,2999878	936	924,2999878	928,7000122	168
22	18	5	16.04.2008	927,2000122	948,7000122	927,2000122	945,0999756	161
9	13	5	17.04.2008	927,2000122	947,9000244	938,7000122	939,7999878	209
29	-24	5	18.04.2008	936	936	907,2000122	912,2000122	145
10	-8	6	21.04.2008	922,5	924,5999756	914,0999756	914,7000122	449
7	2	6	22.04.2008	920,5999756	922,7999878	916,2000122	922,2999878	625
23	-11	5	23.04.2008	916,7999878	921,5	898,7999878	906,2000122	111
20	-16	4	24.04.2008	902,4000244	904,7999878	885,0999756	886,7999878	80
16	9	4	25.04.2008	878,2000122	893,5999756	878,0999756	887,2000122	77
7	6	6	28.04.2008	887	893,7999878	887	892,9000244	339
21	-16	5	29.04.2008	890,5999756	890,5999756	869,5999756	874,2000122	136
12	-6	4	30.04.2008	868,7000122	875,2000122	863	862,7999878	88
24	-6	3	01.05.2008	855	873,5	849,5999756	848,9000244	28
4	3	2	02.05.2008	853,2999878	857,7000122	853,2999878	856,0999756	6
12	11	4	05.05.2008	861,2000122	872,7999878	861,2000122	872,2999878	35
9	4	4	06.05.2008	872,2999878	881,4000244	872,2999878	876	47
5	2	4	07.05.2008	868	869,4000244	864,7999878	869,5999756	43
16	10	4	08.05.2008	871	883,2999878	867,0999756	880,5999756	71
1	1	3	09.05.2008	883,9000244	884,7000122	883,9000244	884,5	25
7	4	4	12.05.2008	879,2000122	886,5	879,2000122	883,7000122	56
8	6	3	13.05.2008	862,9000244	870,4000244	862,9000244	868,5	17
6	3	4	14.05.2008	862,7999878	868,5999756	862,7999878	865,4000244	41
20	13	5	15.05.2008	865,7999878	886,2999878	865,7999878	879	121
12	7	4	16.05.2008	892	904,2000122	892	899	85
0	0	1	19.05.2008	905	905	905	905	2
0	0	1	20.05.2008	919,5	919,5	919,5	919,5	2
1	4	1	21.05.2008	923,5	924	923,2000122	928	3
0	0	1	22.05.2008	917,5999756	917,5999756	917,5999756	917,9000244	1
10	9	1	23.05.2008	916,9000244	925,5999756	916	925,5999756	1
6	-4	3	27.05.2008	912	912	906,5	907,7000122	25
0	0	11	28.05.2008	900,5	900,5	900,5	900,5	88279
31	-26	11	29.05.2008	903	903,2000122	872,0999756	877,2000122	64624
20	7	9	30.05.2008	880,2000122	888,5	868,5999756	887,2999878	6671
16	6	8	02.06.2008	887,2999878	898	881,7999878	892,9000244	2132
22	-8	8	03.06.2008	889,7999878	896,0999756	874,5999756	881,5999756	2079
10	0	6	04.06.2008	879,5	886,0999756	876	879,9000244	612
13	-4	6	05.06.2008	876,0999756	878,7999878	865,4000244	871,7999878	340
23	17	5	06.06.2008	878,5	901	877,7000122	895,4000244	230
18	-6	8	09.06.2008	900,7000122	908,9000244	890,5	894,7000122	1930
21	-19	6	10.06.2008	886,5999756	886,5999756	866	867,9000244	457
12	10	5	11.06.2008	869,5	882	869,5	879,7000122	146
15	-4	5	12.06.2008	873,5999756	873,5999756	858,2000122	869,2000122	135
10	0	6	13.06.2008	870,2999878	870,2999878	860,5	870,2999878	361
22	11	4	16.06.2008	872,5	893	871,2999878	883,5999756	70
11	1	4	17.06.2008	883,4000244	887	876,2999878	884,2999878	62
7	3	5	18.06.2008	888	891,9000244	885,0999756	890,9000244	135
18	13	4	19.06.2008	888,5999756	906,5	888,5999756	901,7000122	44
6	-2	3	20.06.2008	903,7999878	907,2999878	901	901,2999878	21
24	-19	4	23.06.2008	903,4000244	903,4000244	879,2000122	884,7999878	54
6	0	4	24.06.2008	889,5999756	891,2000122	885,5	889,2000122	64
7	-4	5	25.06.2008	883,5999756	883,7999878	876,4000244	880	97
3	4	5	26.06.2008	909,5999756	912,5999756	909,5999756	913,0999756	182
17	16	5	27.06.2008	913,0999756	927,5999756	910,7000122	929,2999878	167
11	-2	5	30.06.2008	927,7000122	933,7000122	922,2999878	926,2000122	144
8	-1	3	01.07.2008	943,5999756	945,7999878	938	942,5	32
12	6	4	02.07.2008	938,7999878	944,7999878	933,0999756	944,7999878	58
17	-13	4	03.07.2008	944,7999878	944,7999878	928	931,9000244	58
16	-4	5	07.07.2008	931,4000244	931,4000244	915,4000244	927,2999878	141
4	-1	4	08.07.2008	922,7999878	922,7999878	919,2000122	921,9000244	37
8	8	3	09.07.2008	919,7999878	928,2000122	919,7999878	927,2999878	31
14	13	3	10.07.2008	928,0999756	942,0999756	928,0999756	940,9000244	18
18	11	4	11.07.2008	948,2000122	965,7000122	948,2000122	959,5	58
20	8	4	14.07.2008	964,7000122	974,5999756	955	972,7000122	55
10	-6	3	15.07.2008	983,5	986,2000122	976	977,7000122	12
0	2	1	16.07.2008	960	960	960	961,7999878	1
19	13	4	17.07.2008	957,2999878	976,2000122	957,2999878	970	37
0	0	1	18.07.2008	956,7999878	957	956,7999878	957,2999878	2
1	-1	1	21.07.2008	964,5	964,5	963,5	963,0999756	2
2	-25	1	22.07.2008	973	974,9000244	973	948	3
11	-13	5	23.07.2008	935	935	924,2000122	922,4000244	203
6	1	4	24.07.2008	920,9000244	926,4000244	920,9000244	922	47
8	-2	4	25.07.2008	928,4000244	929,2000122	921,2000122	926,5999756	35
4	-1	3	28.07.2008	928,7999878	931,0999756	927	927,5999756	28
2	0	11	29.07.2008	916,2000122	917,7000122	916,2000122	916,4000244	88282
26	-15	11	30.07.2008	917,9000244	919,0999756	893,2999878	902,9000244	93759
20	7	9	31.07.2008	906,9000244	925,5999756	906,0999756	913,9000244	8550
14	4	8	01.08.2008	904,9000244	916,0999756	902,0999756	909	1834
21	-13	8	04.08.2008	912,7000122	915,2999878	894,4000244	900,0999756	2415
22	-17	7	05.08.2008	895,4000244	895,4000244	873,2999878	878,5999756	790
11	-5	7	06.08.2008	880,7000122	885,5999756	875	875,5999756	1330
14	-12	6	07.08.2008	882,2000122	883,7999878	870,2999878	870,7000122	335
18	-11	6	08.08.2008	868,7999878	869,5	851,0999756	857,7999878	303
45	-37	6	11.08.2008	858,2999878	863,4000244	818	821,5	286
23	-18	5	12.08.2008	826,4000244	826,4000244	803,5999756	808,2000122	99
18	14	5	13.08.2008	810,9000244	829,0999756	810,9000244	825	155
27	-23	4	14.08.2008	831,4000244	831,9000244	805	808,2000122	67
18	-11	5	15.08.2008	796,9000244	799,2000122	780,9000244	786	134
10	8	3	18.08.2008	792	801,7000122	792	799,7000122	22
25	22	4	19.08.2008	789,5999756	814,5	789,5999756	811,0999756	48
10	-5	4	20.08.2008	814,9000244	814,9000244	804,7000122	810,2999878	87
10	7	5	21.08.2008	825,7999878	835,5999756	825,7999878	833	99
14	-5	3	22.08.2008	832,2999878	836,5999756	823,0999756	827,4000244	21
0	0	4	25.08.2008	819,7999878	819,7999878	819,7999878	819,7999878	44
0	-4	5	26.08.2008	826	826	826	822,2000122	142
5	-2	6	27.08.2008	830,2999878	830,2999878	825,2999878	828,0999756	423
18	3	6	28.08.2008	828	842,5999756	824,5	830,9000244	503
1	-2	5	29.08.2008	831,7000122	833	831,7000122	829,2999878	116
50	-25	5	02.09.2008	829,9000244	840,7000122	790,7999878	805	185
14	-3	3	03.09.2008	805,5999756	805,5999756	791,5999756	802,7000122	28
14	-4	4	04.09.2008	801,4000244	809,0999756	794,9000244	797,9000244	76
15	3	4	05.09.2008	794,7000122	809	794	797,5999756	85
17	-14	4	08.09.2008	811	813,2000122	796,4000244	797,5	88
22	-15	3	09.09.2008	802	802	780	787,0999756	29
28	-19	4	10.09.2008	776,5999756	781	752,7999878	757,9000244	56
18	-15	3	11.09.2008	756,5999756	756,5999756	739	741,2999878	25
6	10	3	12.09.2008	750,5	756	750,5	760,2999878	12
15	5	3	15.09.2008	778,0999756	778,5999756	764	783,0999756	19
1	-1	1	16.09.2008	777,7000122	777,7000122	777	776,5	2
25	53	3	17.09.2008	782,9000244	808	782,9000244	835,8684733520538	26
26	50	4	18.09.2008	842,7833957039934	862,3767783395718	836	892,7000122	59
0	0	5	19.09.2008	860,5999756	860,5999756	860,5999756	860,5999756	112
19	15	3	22.09.2008	888,7999878	908,0999756	888,7999878	903,9000244	20
13	-7	5	23.09.2008	892,4000244	898,9000244	886	885,5	184
12	10	5	24.09.2008	879,5	891,2999878	879,5	889	185
7	-14	5	25.09.2008	891,5	891,5	884,5	877,7000122	92
6	-1	10	26.09.2008	884,2000122	890,2000122	884,2000122	882,9000244	13695
53	17	8	29.09.2008	871,2999878	919	866,4000244	888,2000122	2943
58	-31	7	30.09.2008	904,7999878	912,5	855	874,2000122	879
20	3	6	01.10.2008	878	889,0999756	869,2000122	880,7000122	304
41	-31	6	02.10.2008	870,4000244	870,4000244	829,2999878	839	462
21	-4	5	03.10.2008	832,5	844,2999878	823	828,9000244	228
43	34	6	06.10.2008	828,7999878	868,7999878	826	862,7000122	510
25	16	4	07.10.2008	862,0999756	883	858,2000122	878,4000244	41
38	23	6	08.10.2008	879,7000122	915,5	877,7000122	903,0999756	310
37	-20	4	09.10.2008	902,7000122	919,7000122	883	883,0999756	76
83	-70	5	10.10.2008	925,7000122	925,7000122	843	855,4000244	104
43	-28	5	13.10.2008	867,3989479297984	872,9238278588964	830,2999878	838,9000244	186
15	-12	4	14.10.2008	848,0999756	848,0999756	833,5	836,2999878	48
17	-4	5	15.10.2008	839,5	848,7000122	831,5999756	835,5	120
56	-44	4	16.10.2008	846	846	790	801,5	34
33	-13	4	17.10.2008	798	807	773,7999878	785,0999756	55
16	-16	3	20.10.2008	803,7999878	803,7999878	787,5	787,5999756	19
26	-28	4	21.10.2008	793,7000122	793,7000122	767,7000122	766,0999756	83
51	-38	6	22.10.2008	771,7000122	771,7000122	721	733,2999878	244
15	0	4	23.10.2008	713,3989479297984	719,7999878	705	713,2999878	37
53	14	5	24.10.2008	715,2999878	734,2000122	681	729,0999756	99
32	-1	6	27.10.2008	742,7999878	744,5	712	741,7000122	268
18	8	2	28.10.2008	731	748,7999878	730,5999756	739,2999878	6
0	2	5	29.10.2008	750,7999878	750,7999878	750,7999878	752,7999878	90
35	-23	3	30.10.2008	760,5	774	739,0999756	737,2000122	24
18	-15	3	31.10.2008	731,4000244	736	718,4000244	716,7999878	17
3	-3	3	03.11.2008	728,7999878	731,5	728,7000122	725,4000244	16
34	30	3	04.11.2008	726	760	726	756	30
18	-16	3	05.11.2008	757,4000244	757,4000244	739	741,2999878	22
27	-12	3	06.11.2008	743,4000244	759	731,9000244	731,2000122	30
16	2	3	07.11.2008	731,5	743	727,2000122	733,2000122	17
6	-3	4	10.11.2008	749	753,5999756	747,9000244	745,5999756	42
6	-2	4	11.11.2008	734,2000122	735,5999756	729,7999878	732	39
12	-13	4	12.11.2008	730,4000244	734,7000122	722,5	717,7000122	71
8	-9	7	13.11.2008	714,2999878	715,5	707	704,9000244	922
21	16	2	14.11.2008	726,5	747,0999756	726,5	742,4000244	9
0	0	2	17.11.2008	741,9000244	741,9000244	741,9000244	741,9000244	9
11	-5	3	18.11.2008	738	744,9000244	734	732,5999756	13
24	0	4	19.11.2008	736	758,7999878	735	735,9000244	55
10	8	4	20.11.2008	740,5	750	739,5	748,5999756	62
13	20	3	21.11.2008	771,2999878	784,0999756	771,2000122	791,7000122	20
4	0	1	24.11.2008	819,9000244	824	819,9000244	819,4000244	3
0	0	11	25.11.2008	818,4000244	818,4000244	818,4000244	818,4000244	88257
15	-11	12	26.11.2008	819,0999756	822	806,7999878	808,5	158862
11	5	11	28.11.2008	811,0999756	819	808,2000122	816,2000122	70615
51	-43	8	01.12.2008	817,2000122	817,2999878	766	774,5999756	2791
26	16	7	02.12.2008	765,2999878	786	759,7000122	781,2999878	1393
19	-11	6	03.12.2008	780	781,9000244	762,9000244	768,7999878	439
19	-6	6	04.12.2008	770	780,4000244	761,7000122	763,7999878	606
30	-14	7	05.12.2008	764,5	769,5999756	740	750,5	888
26	12	6	08.12.2008	755	780,2000122	754,2000122	767,4000244	573
14	-3	5	09.12.2008	775	776,5	762,2999878	772,4000244	101
28	23	5	10.12.2008	784,0999756	811	783,0999756	807,0999756	235
31	22	6	11.12.2008	803,4000244	832,0999756	801	824,9000244	260
13	-3	5	12.12.2008	821,5	827	813,7999878	818,9000244	182
18	7	6	15.12.2008	828	842	824	835,4000244	470
27	3	4	16.12.2008	839	859	831,5999756	841,7000122	73
32	13	5	17.12.2008	854,4000244	880,7999878	849,2999878	867,5	122
21	-3	5	18.12.2008	862,4000244	873	852	859,5999756	242
19	-10	5	19.12.2008	846,5999756	852,0999756	833,2999878	836,4000244	106
7	-2	5	22.12.2008	848,5	851	844	846,2000122	235
13	-11	5	23.12.2008	848	848	835	837,2000122	176
10	8	3	24.12.2008	838,9000244	848,9000244	838,5	847,0999756	19
27	23	4	26.12.2008	847	872,4000244	845,7999878	870,4000244	88
8	-8	6	29.12.2008	882,9000244	882,9000244	875	874,5999756	426
12	-9	5	30.12.2008	878,0999756	878,0999756	866,5	869,2999878	139
25	24	4	31.12.2008	860	883,5999756	858,4000244	883,5999756	35
13	-3	4	02.01.2009	881,5	881,5	868,9000244	878,7999878	46
36	-25	4	05.01.2009	882	883,5	847	857,2000122	35
28	10	5	06.01.2009	855,0999756	867,5999756	840	865,4000244	113
29	-21	5	07.01.2009	862	867	837,7000122	841,0999756	101
23	16	6	08.01.2009	837,9000244	861	837,9000244	853,9000244	255
6	-2	5	09.01.2009	855,9000244	862,0999756	855,9000244	854,2999878	123
29	-24	4	12.01.2009	844,4000244	844,4000244	815,4000244	820,2999878	72
10	-6	3	13.01.2009	825,5999756	825,5999756	815,7000122	820,0999756	20
13	-18	2	14.01.2009	825,9000244	827,0999756	814	808,2000122	5
3	1	3	15.01.2009	805,5999756	808,7999878	805,5999756	806,7000122	16
8	5	4	16.01.2009	834	842,5	834	839,2999878	64
39	16	3	20.01.2009	838,7000122	862,7000122	824	854,5999756	20
9	-1	4	21.01.2009	850,5	852,5999756	843,7999878	849,5999756	37
15	1	4	22.01.2009	856,7999878	860,9000244	846,2000122	858,2000122	57
24	20	4	23.01.2009	875	899,0999756	875	895,2999878	52
10	1	3	26.01.2009	907,2999878	911,5999756	901,2000122	908,5	18
8	-4	4	27.01.2009	902,7999878	903	895,2000122	899,2000122	48
11	2	11	28.01.2009	886,0999756	894,5999756	883,7000122	888,0999756	88302
36	17	11	29.01.2009	888,0999756	909,7000122	874,2000122	905,0999756	66607
28	18	9	30.01.2009	909,7999878	930,2999878	902	927,2999878	10460
27	-18	8	02.02.2009	924,2999878	928,7999878	902,2000122	906,7000122	3220
24	-11	7	03.02.2009	903,2000122	913,2999878	889,7999878	892	1451
12	2	6	04.02.2009	900,0999756	909,2000122	897	901,5999756	465
20	7	7	05.02.2009	906,2999878	924,4000244	904,4000244	913,5999756	770
9	-1	6	06.02.2009	914,5	918,5	909,5	913,9000244	334
19	-18	7	09.02.2009	910	911	891,7999878	892,4000244	984
26	16	6	10.02.2009	898	917,5	892	913,7000122	252
35	30	7	11.02.2009	913,7000122	947,2000122	912,2000122	943,7999878	892
16	10	6	12.02.2009	938,7999878	952,7999878	936,4000244	948,5	335
13	-6	5	13.02.2009	947,2999878	947,2999878	934,2000122	941,5	137
36	28	7	17.02.2009	939,5	973,7999878	937,2999878	967	1639
26	9	6	18.02.2009	968,4000244	988	962,2000122	977,7000122	422
14	-7	5	19.02.2009	982,7000122	986,2000122	972	976,0999756	202
33	28	5	20.02.2009	974	1004,900024	971,5999756	1001,799988	219
16	-1	5	23.02.2009	995,5999756	996,5	980	994,5999756	215
28	-19	5	24.02.2009	988	991,5999756	963,2000122	969,0999756	243
24	2	7	25.02.2009	963,2999878	977,5	953,0999756	965,7000122	1019
23	-11	7	26.02.2009	953	956	933	941,7999878	687
35	-2	7	27.02.2009	943,4000244	963,2000122	928,0999756	941,5	730
39	-6	6	02.03.2009	945	963,2000122	924,5	939	474
25	-14	6	03.03.2009	927	931,7999878	906,4000244	912,9000244	362
23	-9	5	04.03.2009	914,9000244	923,2000122	900,0999756	906	155
24	15	5	05.03.2009	912	932,5999756	908,9000244	927	141
13	9	6	06.03.2009	933,5	944,5	931,7999878	942,0999756	308
26	-23	7	09.03.2009	940,5	940,5	914,5	917,7000122	838
30	-26	5	10.03.2009	921,5999756	921,7999878	892,0999756	895,5999756	120
18	16	5	11.03.2009	894,7000122	912,4000244	894,0999756	910,4000244	221
20	14	5	12.03.2009	909,2000122	927,5	908	923,7000122	118
13	5	4	13.03.2009	924,4000244	937	924,4000244	929,7999878	69
13	-5	5	16.03.2009	926,4000244	929,5999756	916,7000122	921,5999756	139
12	-7	4	17.03.2009	923,2000122	924,4000244	912,4000244	916,4000244	48
59	-27	5	18.03.2009	915,4000244	944	885	888,7000122	120
27	10	6	19.03.2009	938	960,7999878	933,7999878	948,0684855520537	360
7	-5	3	20.03.2009	960,5999756	960,5999756	954	955,7999878	23
15	1	3	23.03.2009	950,7000122	952,5999756	937,9000244	952,0999756	30
0	0	7	24.03.2009	923,2999878	923,2999878	923,2999878	923,2999878	1494
16	14	5	25.03.2009	921,2000122	936,5	920,7999878	935,4000244	97
5	0	4	26.03.2009	939,5999756	943	937,5999756	939,5999756	66
0	0	11	27.03.2009	923	923	923	923	88320
24	-9	11	30.03.2009	924,5999756	932,5	908,5999756	915,5	58837
13	5	9	31.03.2009	918	924,5	911,5999756	922,5999756	7403
16	8	8	01.04.2009	918,5999756	932,5	916,9000244	926,0999756	3659
35	-20	8	02.04.2009	926,9000244	930,2999878	894,9000244	907,4000244	3389
19	-9	7	03.04.2009	904,5999756	910,2999878	891,2999878	895,5999756	1616
30	-24	7	06.04.2009	895	895	865,0999756	871,5	1078
12	10	6	07.04.2009	872,2000122	884,7000122	872,2000122	882,2000122	395
10	1	5	08.04.2009	884	889,0999756	879	884,7999878	119
11	0	6	09.04.2009	882,4000244	886,0999756	874,7000122	882,2000122	360
17	12	6	13.04.2009	882,5	899,4000244	882,5	894,7000122	418
10	-5	6	14.04.2009	896,0999756	897,7999878	887,4000244	890,9000244	362
6	3	7	15.04.2009	890	895,2999878	888,9000244	892,7999878	665
21	-12	6	16.04.2009	890,9000244	893,4000244	872,7999878	879,2999878	632
11	-7	5	17.04.2009	874	875,7000122	865	867,4000244	212
23	18	6	20.04.2009	868,7999878	889	866,0999756	887	655
14	-5	5	21.04.2009	886,9000244	895,0999756	880,7000122	882,0999756	230
10	9	6	22.04.2009	883,0999756	893	883	891,7999878	330
16	12	5	23.04.2009	893,5999756	909	892,5999756	905,9000244	234
7	2	6	24.04.2009	911,2000122	913,5999756	906,7000122	913,5999756	438
12	-11	7	27.04.2009	918	918	906,2999878	907,4000244	1179
10	-7	6	28.04.2009	899,7000122	899,7000122	890,0999756	892,7999878	308
15	10	7	29.04.2009	890,0999756	902,5	887,7999878	899,7999878	809
18	-8	5	30.04.2009	898,2000122	898,9000244	881,2999878	890,7000122	212
8	4	6	01.05.2009	884	889,2000122	881,5	887,5999756	506
22	16	4	04.05.2009	885,7999878	907,5	885,7999878	901,5999756	83
10	0	4	05.05.2009	903,5	912,2999878	902	903,7000122	69
10	9	3	06.05.2009	901,2999878	911,0999756	901,2999878	910,5	30
14	-7	4	07.05.2009	922,4000244	924	910,4000244	915	64
5	4	5	08.05.2009	910,0999756	915,2999878	910,0999756	914,4000244	156
1	0	1	11.05.2009	913,0999756	914,4000244	913,0999756	913	2
7	5	3	12.05.2009	918,5	923,5	916,0999756	923,5	24
8	4	4	13.05.2009	922	929,7000122	921,2000122	925,5	71
0	5	1	14.05.2009	922,5999756	922,5999756	922,5999756	928	1
6	6	4	15.05.2009	925,2000122	931,5999756	925,2000122	930,9000244	45
14	-8	4	18.05.2009	929,5999756	932,9000244	918,7000122	921,2999878	71
0	0	4	19.05.2009	926,2999878	926,2999878	926,2999878	926,2999878	71
10	4	4	20.05.2009	933	940,5	931	937	67
6	12	4	21.05.2009	939,0999756	943,9000244	937,4000244	950,7999878	71
2	2	3	22.05.2009	956,9000244	958,7000122	956,9000244	958,5	12
10	0	3	26.05.2009	953	953,5	944	953,0999756	20
9	6	11	27.05.2009	947,2000122	956	947,2000122	953,2000122	88274
21	13	11	28.05.2009	948,5999756	964,9000244	944	961,5	74257
21	20	9	29.05.2009	959,2000122	980,4000244	959	978,7999878	7607
15	0	8	01.06.2009	978,7999878	988,0999756	973	978,5999756	2883
17	8	8	02.06.2009	974,7000122	986,5	969,7999878	983,2000122	2345
29	-17	7	03.06.2009	981,7000122	990,2999878	961	964,5	1187
21	18	6	04.06.2009	963,5999756	982	960,9000244	981,2000122	600
29	-20	7	05.06.2009	981,4000244	983	954	961,7000122	714
16	-6	6	08.06.2009	958	960,0999756	944,4000244	951,7000122	580
15	0	7	09.06.2009	953,5	963,7000122	948,4000244	954	684
17	-2	7	10.06.2009	956	966	949,2000122	954	698
19	7	6	11.06.2009	954,2999878	961,9000244	943,0999756	961,2999878	583
21	-16	5	12.06.2009	955,9000244	956,5	935,7999878	940,0999756	166
12	-12	6	15.06.2009	938,5	938,5	926,9000244	926,9000244	258
8	1	5	16.06.2009	930,9000244	938,5999756	930,9000244	931,5999756	149
7	4	3	17.06.2009	931,5	937,7999878	930,4000244	935,4000244	29
11	-8	5	18.06.2009	942	942	931	934	91
4	4	4	19.06.2009	932	936,5	932	935,5999756	73
7	-4	5	22.06.2009	925	926,2000122	919	920,5999756	134
9	2	5	23.06.2009	921,9000244	926,5	917,2999878	923,9000244	181
20	9	6	24.06.2009	925,4000244	942,7000122	922,9000244	934,0999756	588
7	7	4	25.06.2009	932,2999878	939,0999756	932,2999878	939,0999756	72
6	-5	5	26.06.2009	945,2999878	946	939,5999756	940,7000122	185
8	0	6	29.06.2009	940,2000122	942,5	934,7999878	940,4000244	445
19	-14	5	30.06.2009	941,4000244	943,9000244	925,2999878	927,0999756	128
16	12	4	01.07.2009	929,2999878	944,2000122	928	941	88
15	-11	4	02.07.2009	941,4000244	941,5	926,5999756	930,7000122	67
13	-10	5	06.07.2009	933,5	933,5	920,2000122	924	108
10	5	4	07.07.2009	924,2000122	931,7000122	921,2000122	928,7999878	57
14	-11	4	08.07.2009	919,5999756	919,5999756	905,5999756	909	41
10	9	4	09.07.2009	907,2000122	917,4000244	907,2000122	915,9000244	74
5	2	4	10.07.2009	910,7000122	913,5	908,5	912,2000122	40
14	11	3	13.07.2009	911,5	922,2000122	908,4000244	922,2000122	30
6	2	4	14.07.2009	920,2000122	926,2000122	920,2000122	922,5	64
13	10	4	15.07.2009	928,9000244	941	928,2999878	939,0999756	67
4	-3	4	16.07.2009	938,4000244	938,4000244	934,7999878	935,0999756	63
6	0	4	17.07.2009	936,9000244	937,7999878	931,7999878	937,2000122	34
4	-6	2	20.07.2009	954,0999756	954,5	950,9000244	948,5	5
3	-2	3	21.07.2009	948,5999756	948,5999756	945,7999878	946,5999756	15
7	4	4	22.07.2009	949,2000122	953	946,4000244	953	71
4	0	4	23.07.2009	954,2000122	954,2000122	949,7999878	954,5	47
2	2	4	24.07.2009	950,2999878	952,7999878	950,2999878	952,7999878	77
4	-2	2	27.07.2009	955,0999756	957,0999756	953,2999878	953,2999878	5
12	-10	2	28.07.2009	949,5	949,5	937,5	939	10
0	0	11	29.07.2009	927,2000122	927,2000122	927,2000122	927,2000122	88264
9	6	11	30.07.2009	929,2000122	937	928,4000244	934,9000244	36620
26	19	9	31.07.2009	934,4000244	958,0999756	932	953,7000122	10747
12	4	8	03.08.2009	952,5999756	964	952,4000244	956,5999756	2602
19	11	6	04.08.2009	956,5999756	969,5	950,7999878	967,5	565
8	-3	7	05.08.2009	967,5999756	968,0999756	959,7999878	964,2000122	742
15	-3	6	06.08.2009	964,0999756	971,0999756	956,5	960,7000122	543
10	-7	6	07.08.2009	964,2999878	964,2999878	954,5999756	957,2999878	641
13	-10	6	10.08.2009	955	956,0999756	943,5	945	395
7	-1	5	11.08.2009	947,2000122	949,7000122	943,0999756	945,7999878	106
8	3	5	12.08.2009	947,5	951,5	943	950,7000122	102
8	2	5	13.08.2009	952,5999756	960,0999756	952,2999878	954,7000122	104
15	-10	5	14.08.2009	957,4000244	957,4000244	942,0999756	947	141
16	-13	5	17.08.2009	947,4000244	947,4000244	931,5	934,2999878	128
3	-1	6	18.08.2009	938,5999756	938,5999756	935,5	937,7000122	276
12	2	5	19.08.2009	941,7999878	944,9000244	933,4000244	943,2999878	194
6	-3	4	20.08.2009	942,9000244	945,7000122	940,0999756	940,2999878	35
5	-4	4	21.08.2009	957	957,5999756	952,5999756	953,2000122	53
16	-11	5	24.08.2009	953,5	957	941,2999878	942,2999878	198
11	-2	5	25.08.2009	946,2999878	954,5	943,5	944,5	143
8	-3	5	26.08.2009	947,5	948,2000122	940,2999878	944,2999878	128
6	1	5	27.08.2009	944,2000122	949,4000244	942,9000244	945,5	193
14	8	5	28.08.2009	949,2999878	962,2000122	948,0999756	957	182
15	-8	3	31.08.2009	959,5	959,5	944,7999878	951,7000122	21
8	0	3	01.09.2009	954,2000122	956,5	948,7000122	954,7000122	17
25	23	4	02.09.2009	954	978,7999878	954	976,5999756	65
18	18	4	03.09.2009	978,0999756	995,7999878	978,0999756	995,7999878	55
10	2	4	04.09.2009	992,5999756	995	985,5	994,9000244	75
14	4	5	08.09.2009	993,5	1006,900024	993,2000122	997,9000244	90
14	-7	4	09.09.2009	1002	1002,799988	988,7999878	995,2999878	84
10	-1	4	10.09.2009	996,2000122	997,2000122	987,2999878	995,4000244	51
12	5	5	11.09.2009	999,7000122	1011,900024	999,7000122	1004,900024	198
5	-3	5	14.09.2009	1002,900024	1003,799988	998,5	999,9000244	91
13	7	5	15.09.2009	998	1008	994,9000244	1005	118
5	4	5	16.09.2009	1014,700012	1019,799988	1014,700012	1018,900024	92
8	-5	4	17.09.2009	1017,200012	1019,5	1011,599976	1012,299988	48
8	-5	3	18.09.2009	1013,900024	1017,599976	1009,200012	1009,200012	26
6	0	3	21.09.2009	1003,700012	1003,700012	998	1003,700012	26
8	3	4	22.09.2009	1011,5	1019,400024	1011,5	1014,200012	67
7	-1	5	23.09.2009	1014,400024	1015,200012	1008,200012	1013	212
21	-18	5	24.09.2009	1015	1015	993,9000244	997,5	123
11	-7	4	25.09.2009	997,2999878	997,4000244	986,7000122	990,2000122	70
2	-1	9	28.09.2009	993,2000122	993,2000122	991,4000244	992,5	6999
11	3	9	29.09.2009	990,5	995,7000122	984,7000122	993,0999756	5742
16	16	7	30.09.2009	992,5	1009	992,5	1008	1393
11	-8	5	01.10.2009	1007,400024	1008,799988	998	999,5	213
21	4	6	02.10.2009	998,7999878	1007,299988	986,7999878	1003,200012	247
15	13	5	05.10.2009	1004,099976	1017,599976	1003	1016,700012	180
26	19	5	06.10.2009	1019,5	1043,800049	1018,299988	1038,599976	180
10	5	5	07.10.2009	1038,300049	1048,199951	1038,300049	1043,300049	180
15	10	5	08.10.2009	1045,800049	1060,400024	1045,099976	1055,400024	160
8	-2	5	09.10.2009	1049,300049	1051,5	1044	1047,800049	175
9	8	5	12.10.2009	1049	1058,400024	1049	1056,699951	209
12	0	5	13.10.2009	1064	1068,400024	1056,5	1064,199951	183
13	0	5	14.10.2009	1064	1070,199951	1057,599976	1063,900024	140
14	-12	5	15.10.2009	1062,199951	1062,199951	1048	1049,800049	179
12	-1	4	16.10.2009	1051,5	1056,199951	1043,699951	1050,699951	76
12	4	5	19.10.2009	1053,599976	1061,199951	1049,199951	1057,300049	157
12	-8	5	20.10.2009	1065,5	1066,199951	1054	1057,800049	231
16	10	4	21.10.2009	1053,699951	1064	1047,5	1063,699951	35
10	-3	5	22.10.2009	1061,199951	1061,199951	1051,5	1057,800049	173
16	-8	5	23.10.2009	1063,800049	1065,900024	1050,199951	1055,599976	116
16	-14	4	26.10.2009	1055,599976	1055,599976	1039,900024	1042,099976	76
7	-5	5	27.10.2009	1039,5	1042,099976	1034,699951	1034,699951	100
14	-12	6	28.10.2009	1042,099976	1042,099976	1028	1029,900024	307
15	11	5	29.10.2009	1035,199951	1047,300049	1032,400024	1046,400024	234
10	-6	5	30.10.2009	1045,5	1045,800049	1035,599976	1039,699951	148
18	0	4	02.11.2009	1053,400024	1061,800049	1043,5	1053,400024	41
30	0	5	03.11.2009	1084,300049	1087	1056,800049	1084,300049	196
15	0	5	04.11.2009	1086,699951	1097,400024	1082,199951	1086,699951	114
6	0	4	05.11.2009	1088,699951	1092,300049	1086	1088,699951	63
10	0	5	06.11.2009	1095,099976	1100	1090,199951	1095,099976	102
11	2	5	09.11.2009	1098,599976	1109,300049	1098,599976	1100,800049	102
10	1	5	10.11.2009	1100,900024	1108,599976	1098,199951	1101,900024	92
11	0	5	11.11.2009	1114	1117,599976	1106,300049	1114	104
17	0	4	12.11.2009	1106	1121,300049	1104,300049	1106	68
13	0	4	13.11.2009	1116,099976	1118,199951	1105	1116,099976	56
13	0	4	16.11.2009	1138,599976	1140,5	1127,199951	1138,599976	64
9	0	4	17.11.2009	1138,800049	1140,400024	1131,300049	1138,800049	67
13	0	4	18.11.2009	1140,699951	1149,400024	1136,5	1140,699951	77
9	0	3	19.11.2009	1141,400024	1144,800049	1135,5	1141,400024	20
11	0	3	20.11.2009	1146,400024	1147,900024	1137,300049	1146,400024	18
-1	0	1	23.11.2009	1164,300049	1163	1164,300049	1164,300049	3
2	0	3	24.11.2009	1165,5	1169,800049	1167,5	1165,5	26
0	0	11	25.11.2009	1186,900024	1186,900024	1186,900024	1186,900024	88280
63	-17	12	27.11.2009	1190,800049	1195	1132,2973266663673	1174,199951	112015
20	1	10	30.11.2009	1179,900024	1183,699951	1163,699951	1181,099976	23768
27	18	8	01.12.2009	1181	1202,699951	1176	1199,099976	3787
21	16	8	02.12.2009	1196,400024	1217,300049	1196,300049	1212	2145
22	-1	7	03.12.2009	1218	1226,400024	1204,599976	1217,400024	1530
61	-39	8	04.12.2009	1207,800049	1211,199951	1149,9972786663673	1168,800049	4288
29	6	8	07.12.2009	1157,599976	1165,5	1136,300049	1163,400024	3669
44	-17	7	08.12.2009	1159,5	1169,300049	1125,300049	1142,800049	784
30	-10	8	09.12.2009	1130,300049	1147	1116,5	1120,400024	2256
13	0	6	10.12.2009	1125,699951	1134,800049	1122,199951	1125,699951	344
31	-13	7	11.12.2009	1132,699951	1141,400024	1110,800049	1119,400024	912
13	0	5	14.12.2009	1123,300049	1127,5	1114,5	1123,300049	230
17	-6	5	15.12.2009	1127,900024	1128,599976	1111,900024	1122,400024	242
18	10	5	16.12.2009	1125,699951	1140	1122,400024	1135,5	205
46	-35	6	17.12.2009	1141,5	1141,5	1095,699951	1106,800049	422
17	0	6	18.12.2009	1110,800049	1115,199951	1097,800049	1110,800049	404
28	0	6	21.12.2009	1095,400024	1119,199951	1090,800049	1095,400024	248
22	-9	6	22.12.2009	1095,300049	1097,400024	1075	1086	480
15	0	5	23.12.2009	1093,300049	1094,599976	1080	1093,300049	168
13	12	5	24.12.2009	1092	1105,300049	1092	1104,099976	127
9	0	6	28.12.2009	1107,199951	1111,900024	1102,800049	1107,199951	350
8	0	7	29.12.2009	1097	1105,199951	1097	1097	1038
11	0	6	30.12.2009	1091,5	1097,099976	1086	1091,5	399
12	0	5	31.12.2009	1095,199951	1106,099976	1094	1095,199951	149
25	0	5	04.01.2010	1117,699951	1122,300049	1097,099976	1117,699951	184
12	0	4	05.01.2010	1118,099976	1126,5	1115	1118,099976	53
18	0	6	06.01.2010	1135,900024	1139,199951	1120,699951	1135,900024	363
4	0	4	07.01.2010	1133,099976	1133,099976	1129,199951	1133,099976	56
16	0	4	08.01.2010	1138,199951	1138,199951	1122,699951	1138,199951	54
18	0	5	11.01.2010	1150,699951	1161,199951	1143	1150,699951	177
30	0	4	12.01.2010	1128,900024	1157,199951	1127,199951	1128,900024	51
15	0	4	13.01.2010	1136,400024	1136,400024	1121	1136,400024	58
13	6	4	14.01.2010	1137	1145,900024	1132,800049	1142,599976	81
6	-3	4	15.01.2010	1132,800049	1133,400024	1127,199951	1130,099976	50
9	0	3	19.01.2010	1139,699951	1139,699951	1130,5	1139,699951	22
23	-11	3	20.01.2010	1123,300049	1133	1109,800049	1112,300049	28
17	0	5	21.01.2010	1102,699951	1107,5	1090,199951	1102,699951	99
12	0	4	22.01.2010	1089,199951	1095,400024	1083	1089,199951	58
0	0	2	25.01.2010	1095,199951	1095,199951	1095,199951	1095,199951	8
0	0	2	26.01.2010	1097,900024	1097,900024	1097,900024	1097,900024	4
0	0	11	27.01.2010	1084,400024	1084,400024	1084,400024	1084,400024	88258
22	-4	12	28.01.2010	1087,800049	1095,699951	1073,199951	1083,599976	101168
16	-2	9	29.01.2010	1085	1090,800049	1074,5	1083	12921
30	23	8	01.02.2010	1081	1107,300049	1076,800049	1104,300049	2452
18	0	8	02.02.2010	1117,400024	1118,5	1100,199951	1117,400024	3326
16	-4	7	03.02.2010	1115,800049	1124,900024	1108,599976	1111,400024	853
52	-48	7	04.02.2010	1110	1110,699951	1059	1062,400024	1426
23	0	8	05.02.2010	1052,199951	1068,5	1045,199951	1052,199951	1956
12	0	6	08.02.2010	1065,699951	1073,400024	1061,599976	1065,699951	549
19	0	6	09.02.2010	1076,699951	1082	1063,099976	1076,699951	387
18	0	6	10.02.2010	1075,800049	1081,099976	1063,300049	1075,800049	640
22	17	7	11.02.2010	1076,800049	1097,099976	1075,599976	1094,199951	1491
12	0	5	12.02.2010	1089,5	1092	1079,800049	1089,5	197
28	0	7	16.02.2010	1119,300049	1120,400024	1092,400024	1119,300049	928
18	0	7	17.02.2010	1119,5	1127	1108,5	1119,5	1083
23	0	7	18.02.2010	1118	1123,699951	1100,800049	1118	989
26	0	5	19.02.2010	1121,300049	1126,199951	1099,699951	1121,300049	137
17	0	5	22.02.2010	1112,599976	1127,400024	1110	1112,599976	124
16	-14	5	23.02.2010	1116,400024	1118,300049	1102,599976	1102,699951	152
0	0	7	24.02.2010	1096,5	1096,5	1096,5	1096,5	751
20	0	6	25.02.2010	1107,800049	1108,199951	1088,699951	1107,800049	386
12	12	6	26.02.2010	1106,800049	1118,300049	1106,800049	1118,300049	382
8	-2	5	01.03.2010	1119,300049	1121,900024	1113,599976	1117,800049	184
22	0	5	02.03.2010	1136,900024	1137,400024	1115,699951	1136,900024	155
11	0	5	03.03.2010	1142,699951	1145	1133,699951	1142,699951	170
10	0	5	04.03.2010	1132,599976	1139	1128,599976	1132,599976	118
0	0	5	05.03.2010	1134,800049	1134,800049	1134,800049	1134,800049	129
0	0	3	08.03.2010	1123,599976	1123,599976	1123,599976	1123,599976	17
11	0	3	09.03.2010	1122	1124	1113,099976	1122	27
20	0	3	10.03.2010	1107,800049	1127,099976	1106,900024	1107,800049	21
0	0	4	11.03.2010	1108	1108	1108	1108	46
18	0	5	12.03.2010	1101,5	1117,400024	1099,900024	1101,5	135
6	0	3	15.03.2010	1105,099976	1107,099976	1101,400024	1105,099976	21
12	0	4	16.03.2010	1122,199951	1127	1114,5	1122,199951	66
13	0	3	17.03.2010	1124	1131,400024	1118	1124	29
7	0	4	18.03.2010	1127,400024	1127,800049	1121,099976	1127,400024	86
0	0	4	19.03.2010	1107,400024	1107,400024	1107,400024	1107,400024	54
0	0	4	22.03.2010	1099,300049	1099,300049	1099,300049	1099,300049	71
0	0	3	23.03.2010	1103,5	1103,5	1103,5	1103,5	16
7	0	2	24.03.2010	1088,599976	1092,400024	1085,5	1088,599976	9
6	0	2	25.03.2010	1092,699951	1092,699951	1086,699951	1092,699951	8
0	0	2	26.03.2010	1104,199951	1104,199951	1104,199951	1104,199951	5
0	0	11	29.03.2010	1110,300049	1110,300049	1110,300049	1110,300049	88259
12	-5	11	30.03.2010	1109,699951	1112,900024	1101,099976	1104,5	56533
17	10	9	31.03.2010	1103,099976	1118,699951	1102	1113,300049	5950
16	0	8	01.04.2010	1125,099976	1127,699951	1111,300049	1125,099976	2696
13	11	6	05.04.2010	1122,300049	1133,300049	1119,900024	1132,900024	567
16	4	8	06.04.2010	1130,800049	1138,5	1122,699951	1135,099976	2490
20	0	7	07.04.2010	1152,300049	1153	1132,599976	1152,300049	1342
8	0	6	08.04.2010	1152,199951	1152,300049	1144	1152,199951	254
14	0	6	09.04.2010	1161,099976	1164,800049	1150,5	1161,099976	505
14	0	6	12.04.2010	1161,599976	1169	1154,599976	1161,599976	483
12	0	6	13.04.2010	1152,800049	1157	1145	1152,800049	278
9	0	5	14.04.2010	1159	1160,599976	1151,199951	1159	162
9	2	5	15.04.2010	1157,5	1159,800049	1151	1159,699951	179
30	0	6	16.04.2010	1136,300049	1160	1130,400024	1136,300049	483
13	0	5	19.04.2010	1135,199951	1137,099976	1124	1135,199951	145
10	0	4	20.04.2010	1138,599976	1145,800049	1136	1138,599976	80
12	0	4	21.04.2010	1148,199951	1150	1138,400024	1148,199951	68
10	0	5	22.04.2010	1142,300049	1144	1133,599976	1142,300049	213
0	0	4	23.04.2010	1153,099976	1153,099976	1153,099976	1153,099976	40
9	-7	5	26.04.2010	1160,099976	1160,099976	1151,400024	1153,5	108
22	9	5	27.04.2010	1152,800049	1170,699951	1148,599976	1161,699951	213
0	0	6	28.04.2010	1171,300049	1171,300049	1171,300049	1171,300049	299
7	0	5	29.04.2010	1168,400024	1171,199951	1164	1168,400024	166
11	0	5	30.04.2010	1180,099976	1181,300049	1170	1180,099976	146
10	4	5	03.05.2010	1178,599976	1187,5	1177,300049	1182,699951	90
24	0	5	04.05.2010	1168,599976	1191,800049	1168,300049	1168,599976	94
18	0	5	05.05.2010	1174,599976	1177,199951	1159,199951	1174,599976	98
35	0	4	06.05.2010	1196,900024	1210,599976	1175,900024	1196,900024	79
16	0	5	07.05.2010	1210	1210,800049	1194,599976	1210	112
15	0	5	10.05.2010	1200,400024	1203,800049	1189,199951	1200,400024	118
32	0	5	11.05.2010	1219,900024	1233,5	1201,5	1219,900024	201
19	0	5	12.05.2010	1242,699951	1246,5	1227,099976	1242,699951	213
11	-6	4	13.05.2010	1235,300049	1240	1228,699951	1228,800049	37
0	0	5	14.05.2010	1227,400024	1227,400024	1227,400024	1227,400024	99
11	-6	4	17.05.2010	1233,300049	1235,900024	1225,199951	1227,699951	49
8	0	4	18.05.2010	1214,300049	1216,099976	1208,199951	1214,300049	73
0	0	4	19.05.2010	1192,599976	1192,599976	1192,599976	1192,599976	75
12	0	6	20.05.2010	1187,800049	1191,800049	1179,400024	1187,800049	297
0	0	5	21.05.2010	1175,699951	1175,699951	1175,699951	1175,699951	177
0	0	3	24.05.2010	1193,800049	1193,800049	1193,800049	1193,800049	14
4	0	2	25.05.2010	1197,800049	1200	1195,599976	1197,800049	9
0	0	11	26.05.2010	1213,300049	1213,300049	1213,300049	1213,300049	88263
13	0	12	27.05.2010	1211,699951	1218,5	1205,400024	1211,900024	109434
14	2	10	28.05.2010	1210,400024	1214,800049	1201,099976	1212,199951	21187
19	0	8	01.06.2010	1224,800049	1228,199951	1209,300049	1224,800049	4547
13	0	8	02.06.2010	1220,599976	1225,800049	1213,199951	1220,599976	2799
23	0	7	03.06.2010	1208,300049	1224	1201	1208,300049	1552
24	9	7	04.06.2010	1207,599976	1220,400024	1196,900024	1216,199951	1070
34	0	7	07.06.2010	1239,300049	1244,699951	1211	1239,300049	859
18	2	7	08.06.2010	1241,5	1252,099976	1234,099976	1244	763
16	-8	6	09.06.2010	1237	1238,199951	1222	1228,5	446
18	-12	6	10.06.2010	1232,800049	1233,5	1215,099976	1220,800049	488
12	0	6	11.06.2010	1228,900024	1229,599976	1218	1228,900024	481
15	0	7	14.06.2010	1223,199951	1232,699951	1217,699951	1223,300049	989
14	11	6	15.06.2010	1222,599976	1236	1222,400024	1233,199951	251
0	0	6	16.06.2010	1229,300049	1229,300049	1229,300049	1229,300049	318
17	14	6	17.06.2010	1233,900024	1251,099976	1233,900024	1247,5	266
19	10	5	18.06.2010	1247,699951	1261,5	1242,900024	1257,199951	130
33	-18	5	21.06.2010	1257,400024	1264,800049	1232	1239,699951	219
11	0	5	22.06.2010	1239,900024	1242,800049	1232,099976	1239,900024	172
18	0	5	23.06.2010	1233,900024	1245,099976	1226,900024	1234,099976	100
17	9	6	24.06.2010	1236,400024	1248,099976	1230,699951	1245,5	253
13	9	5	25.06.2010	1246,699951	1256,900024	1243,699951	1255,800049	159
0	0	6	28.06.2010	1238,199951	1238,199951	1238,199951	1238,199951	351
16	0	6	29.06.2010	1242	1245	1228,5	1242	417
10	0	4	30.06.2010	1245,5	1246,199951	1236,699951	1245,5	73
38	0	4	01.07.2010	1206,300049	1242,400024	1204,5	1206,300049	50
11	6	5	02.07.2010	1201,400024	1211,599976	1200,800049	1207,400024	169
21	-12	4	06.07.2010	1207,300049	1211,800049	1190,5	1194,800049	52
0	0	3	07.07.2010	1198,599976	1198,599976	1198,599976	1198,599976	18
14	0	5	08.07.2010	1195,800049	1203,300049	1189,300049	1195,800049	93
18	0	3	09.07.2010	1209,599976	1213	1195	1209,599976	22
0	0	4	12.07.2010	1198,5	1198,5	1198,5	1198,5	45
12	0	4	13.07.2010	1213,300049	1217,400024	1205,199951	1213,300049	53
11	-5	4	14.07.2010	1212	1213,800049	1202,400024	1206,800049	54
0	0	3	15.07.2010	1208,099976	1208,099976	1208,099976	1208,099976	32
0	0	4	16.07.2010	1188	1188	1188	1188	46
2	0	2	19.07.2010	1181,699951	1182,199951	1180	1181,699951	4
0	0	2	20.07.2010	1191,5	1191,5	1191,5	1191,5	8
10	0	3	21.07.2010	1191,599976	1194,5	1184,099976	1191,599976	24
2	0	4	22.07.2010	1195,5	1196	1194,400024	1195,5	79
11	0	3	23.07.2010	1187,699951	1198,599976	1187,699951	1187,699951	32
0	0	4	26.07.2010	1183	1183	1183	1183	37
0	0	3	27.07.2010	1158	1158	1158	1158	29
0	0	11	28.07.2010	1160,400024	1160,400024	1160,400024	1160,400024	88283
10	5	11	29.07.2010	1163,800049	1169,199951	1158,699951	1168,400024	54384
17	14	9	30.07.2010	1168,199951	1183,099976	1166	1181,699951	5466
17	0	8	02.08.2010	1183,400024	1191,800049	1174,699951	1183,400024	2504
10	0	6	03.08.2010	1185,199951	1190,5	1180	1185,199951	598
17	7	7	04.08.2010	1186,300049	1203	1186,300049	1193,699951	1068
9	0	5	05.08.2010	1197,199951	1199,300049	1190	1197,199951	214
16	0	6	06.08.2010	1203,300049	1211	1195,300049	1203,400024	347
10	-5	6	09.08.2010	1205,800049	1209,5	1199,800049	1200,699951	658
16	0	7	10.08.2010	1196,199951	1206,5	1191	1196,199951	713
15	0	6	11.08.2010	1197,5	1208	1193	1197,5	351
16	0	6	12.08.2010	1214,800049	1215,5	1199	1214,800049	289
0	0	5	13.08.2010	1214,900024	1214,900024	1214,900024	1214,900024	138
7	0	6	16.08.2010	1224,5	1225,400024	1218	1224,5	252
3	0	4	17.08.2010	1226,599976	1227,400024	1224	1226,599976	84
14	0	5	18.08.2010	1229,699951	1231,599976	1218	1229,699951	169
9	0	4	19.08.2010	1233,800049	1237,599976	1228,800049	1233,800049	46
10	0	5	20.08.2010	1227,199951	1232,800049	1223	1227,199951	236
6	0	4	23.08.2010	1226,900024	1228,900024	1222,900024	1226,900024	56
22	0	6	24.08.2010	1231,800049	1234	1211,5	1231,800049	300
10	0	6	25.08.2010	1239,5	1240,699951	1230,699951	1239,5	298
8	0	5	26.08.2010	1235,400024	1243,300049	1235	1235,400024	104
0	0	6	27.08.2010	1236	1236	1236	1236	573
4	0	5	30.08.2010	1237,099976	1237,900024	1234	1237,099976	128
16	0	5	31.08.2010	1248,300049	1249,400024	1233	1248,300049	124
11	0	4	01.09.2010	1246,300049	1254,300049	1243,599976	1246,300049	41
6	0	5	02.09.2010	1251,5	1252,5	1246,900024	1251,5	100
9	0	1	03.09.2010	1249,199951	1249,199951	1240	1249,199951	3
2	0	2	07.09.2010	1257,300049	1258	1255,5	1257,300049	7
6	0	3	08.09.2010	1255,599976	1260,199951	1254,699951	1255,599976	27
12	0	2	09.09.2010	1248,900024	1256	1244,099976	1248,900024	9
0	0	3	10.09.2010	1244,5	1244,5	1244,5	1244,5	20
0	0	3	13.09.2010	1245,099976	1245,099976	1245,099976	1245,099976	18
19	0	4	14.09.2010	1269,699951	1272,400024	1253,400024	1269,699951	87
6	0	4	15.09.2010	1266,599976	1269,800049	1263,5	1266,699951	34
6	0	4	16.09.2010	1271,900024	1275,199951	1268,699951	1271,900024	37
6	0	4	17.09.2010	1275,599976	1279,599976	1273,800049	1275,599976	54
3	0	3	20.09.2010	1279	1282	1279	1279	27
18	0	4	21.09.2010	1272,400024	1289,800049	1271,800049	1272,400024	56
0	0	3	22.09.2010	1290,199951	1290,199951	1290,199951	1290,199951	17
5	0	4	23.09.2010	1294,300049	1294,300049	1289,400024	1294,300049	45
3	0	4	24.09.2010	1296	1297,400024	1294,199951	1296	37
0	0	4	27.09.2010	1296,699951	1296,699951	1296,699951	1296,699951	67
21	19	10	28.09.2010	1287,5	1308,599976	1287,5	1306,599976	25190
8	-1	9	29.09.2010	1309,400024	1312,5	1305	1308,5	6745
20	1	6	30.09.2010	1307,199951	1315,199951	1295,699951	1307,800049	579
11	7	5	01.10.2010	1309	1320	1309	1316,099976	153
7	-3	5	04.10.2010	1318,300049	1319,099976	1312	1315,400024	95
28	26	5	05.10.2010	1312,900024	1341,099976	1312,900024	1338,900024	197
10	7	5	06.10.2010	1339,099976	1349	1339	1346,400024	215
37	-14	6	07.10.2010	1347,900024	1363	1325,699951	1333,900024	261
23	11	4	08.10.2010	1333,5	1348,400024	1325	1344,199951	80
10	7	4	11.10.2010	1346,699951	1353,699951	1344	1353,300049	79
9	-1	5	12.10.2010	1346,900024	1352,199951	1343,599976	1345,699951	112
19	13	6	13.10.2010	1356,400024	1374	1355,099976	1369,5	251
13	4	5	14.10.2010	1372,800049	1383,900024	1371,300049	1376,699951	106
18	-8	5	15.10.2010	1379,199951	1382,400024	1364,699951	1371,099976	170
15	13	4	18.10.2010	1358	1372,599976	1358	1371,199951	46
42	-32	6	19.10.2010	1366,800049	1370,5	1328,5	1335,099976	301
12	7	5	20.10.2010	1336	1345,800049	1334,199951	1343,300049	148
29	-20	5	21.10.2010	1344,199951	1346,199951	1317,5	1324,699951	102
9	-2	5	22.10.2010	1326,699951	1328,099976	1319	1324,400024	113
16	5	5	25.10.2010	1333,599976	1349,099976	1333,099976	1338,300049	194
13	-3	5	26.10.2010	1341,199951	1341,199951	1328,300049	1338	195
20	-19	5	27.10.2010	1341	1341	1321,099976	1322,199951	106
18	14	5	28.10.2010	1327,900024	1343,599976	1325,900024	1342,099976	192
22	17	4	29.10.2010	1340,199951	1358,699951	1336,800049	1357,099976	74
10	-10	4	01.11.2010	1360,300049	1360,300049	1350,699951	1350,199951	40
1	0	3	02.11.2010	1356,800049	1356,800049	1355,5	1356,400024	17
32	-14	5	03.11.2010	1351,400024	1359,199951	1327,5	1337,099976	135
24	14	5	04.11.2010	1368,599976	1392,5	1368,599976	1382,699951	109
20	7	5	05.11.2010	1390,699951	1398	1378,199951	1397,300049	109
22	12	5	08.11.2010	1390,5	1409,199951	1387,099976	1402,800049	112
40	5	4	09.11.2010	1405,199951	1423,199951	1382,900024	1409,800049	84
24	4	3	10.11.2010	1395,199951	1408,099976	1384	1399,099976	29
16	2	3	11.11.2010	1400,699951	1413,5	1397,300049	1403,099976	26
48	-42	5	12.11.2010	1407,900024	1407,900024	1360,099976	1365,400024	182
17	5	4	15.11.2010	1363,699951	1372,599976	1355,300049	1368,400024	46
29	-18	4	16.11.2010	1356,5	1358,199951	1329,5	1338,300049	67
10	0	4	17.11.2010	1336,900024	1341,800049	1331,300049	1336,800049	50
6	3	3	18.11.2010	1349,5	1353,199951	1347,699951	1352,900024	17
8	2	2	19.11.2010	1350,699951	1352	1344,5	1352,199951	7
0	0	2	22.11.2010	1357,699951	1357,699951	1357,699951	1357,699951	7
13	8	3	23.11.2010	1369,400024	1377,5	1364,5	1377,5	15
0	-5	1	24.11.2010	1377,800049	1377,800049	1377,800049	1372,900024	3
0	-10	11	26.11.2010	1372,099976	1372,099976	1372,099976	1362,300049	88257
17	2	11	29.11.2010	1364	1369,300049	1352,599976	1366	94486
27	18	9	30.11.2010	1366,699951	1390,099976	1362,800049	1385	11370
14	0	8	01.12.2010	1386,800049	1396,599976	1382,300049	1387,300049	4759
15	1	7	02.12.2010	1387,599976	1398,599976	1383,300049	1388,5	1550
30	20	8	03.12.2010	1385,099976	1415,099976	1385,099976	1405,400024	2341
18	1	7	06.12.2010	1414	1428,400024	1410	1415,300049	833
33	-16	7	07.12.2010	1424,5	1431,099976	1398	1408,300049	866
32	-20	7	08.12.2010	1402,5	1403,800049	1372	1382,5	1675
14	12	7	09.12.2010	1380,599976	1394,199951	1380,5	1392,099976	971
19	-5	6	10.12.2010	1388,900024	1392	1373,099976	1384,300049	457
15	13	5	13.12.2010	1384,5	1399,199951	1384,5	1397,300049	193
16	2	6	14.12.2010	1401,900024	1407,300049	1391,800049	1403,599976	431
14	-8	5	15.12.2010	1394	1394	1379,5	1385,5	215
22	-10	5	16.12.2010	1380,900024	1385	1362,5	1370,400024	228
13	2	5	17.12.2010	1376,400024	1378,599976	1365,900024	1378,599976	102
10	2	5	20.12.2010	1383,199951	1386,699951	1376,5	1385,5	125
8	2	5	21.12.2010	1385,800049	1389,5	1381,5	1388,199951	113
4	-1	4	22.12.2010	1388	1389,5	1385	1386,800049	58
15	-8	5	23.12.2010	1388,400024	1388,400024	1373,699951	1380	101
11	9	6	27.12.2010	1373,5	1384,199951	1373,5	1382,400024	322
17	15	6	28.12.2010	1389,800049	1406,699951	1389,800049	1405,199951	519
9	10	6	29.12.2010	1403,400024	1412,199951	1402,900024	1413,099976	413
11	-8	5	30.12.2010	1413,800049	1413,800049	1403,099976	1405,599976	185
15	15	4	31.12.2010	1405,699951	1421,099976	1405,699951	1421,099976	54
10	7	3	03.01.2011	1415,599976	1423,900024	1413,699951	1422,599976	28
35	-31	5	04.01.2011	1409,599976	1410,900024	1375,800049	1378,5	122
20	-10	5	05.01.2011	1383,400024	1384	1364,199951	1373,400024	175
8	-3	5	06.01.2011	1374,800049	1376,5	1368,900024	1371,400024	158
22	-4	5	07.01.2011	1372,699951	1377,199951	1355,5	1368,5	225
8	5	5	10.01.2011	1369	1374	1365,699951	1373,699951	181
11	9	3	11.01.2011	1375,400024	1384,5	1373,900024	1384	13
8	3	5	12.01.2011	1382,599976	1385,5	1378	1385,699951	204
21	1	4	13.01.2011	1386,099976	1392,5	1371,400024	1386,900024	66
19	-15	6	14.01.2011	1375	1376	1356,699951	1360,400024	252
12	3	5	18.01.2011	1365,099976	1371	1359,199951	1368,099976	106
9	-2	4	19.01.2011	1371,900024	1376,199951	1367	1370,199951	40
23	-21	2	20.01.2011	1367,699951	1367,699951	1345	1346,5	10
7	-1	3	21.01.2011	1341,699951	1345,599976	1338,599976	1341	20
10	-8	1	24.01.2011	1352,300049	1352,300049	1341,800049	1344,5	2
8	2	6	25.01.2011	1330,400024	1331,5	1323,599976	1332,300049	394
9	0	2	26.01.2011	1333	1341,699951	1333	1333	4
24	-24	11	27.01.2011	1342	1342	1318,400024	1318,400024	88258
39	27	11	28.01.2011	1314	1346,599976	1307,699951	1340,699951	73023
23	-5	10	31.01.2011	1339	1345,900024	1323,300049	1333,800049	13657
18	6	8	01.02.2011	1333,099976	1342,900024	1325,300049	1339,599976	3180
17	-12	7	02.02.2011	1344	1344	1327	1331,5	1363
31	17	8	03.02.2011	1335,599976	1355,800049	1324,900024	1352,300049	1865
15	-6	6	04.02.2011	1354,800049	1360	1345	1348,300049	591
10	2	7	07.02.2011	1345,800049	1353,800049	1343,800049	1347,599976	1004
17	12	8	08.02.2011	1351,199951	1367	1350	1363,400024	2536
7	2	5	09.02.2011	1362,800049	1366,5	1359,599976	1364,800049	146
13	-2	6	10.02.2011	1364,300049	1364,5	1351,699951	1361,900024	312
14	-4	6	11.02.2011	1364	1368,800049	1355,199951	1359,900024	488
9	7	5	14.02.2011	1357,800049	1365,599976	1356,599976	1364,599976	181
14	12	6	15.02.2011	1361,599976	1376	1361,599976	1373,599976	321
12	1	5	16.02.2011	1373,599976	1382	1370,5	1374,699951	156
8	7	5	17.02.2011	1377,699951	1384,699951	1377	1384,699951	113
10	4	5	18.02.2011	1384,099976	1391,800049	1381,800049	1388,199951	98
14	5	6	22.02.2011	1395,099976	1408,699951	1395,099976	1400,5	430
16	16	6	23.02.2011	1397,800049	1413,800049	1397,800049	1413,400024	318
7	0	7	24.02.2011	1415,099976	1415,300049	1408,300049	1415,300049	809
10	7	6	25.02.2011	1401,699951	1411	1401	1408,699951	352
8	-1	5	28.02.2011	1410,699951	1415,699951	1407,699951	1409,300049	205
19	15	5	01.03.2011	1415,300049	1434,400024	1415,300049	1430,699951	116
12	5	7	02.03.2011	1432,5	1440,5	1428,800049	1437,199951	1600
16	-16	6	03.03.2011	1432,300049	1432,300049	1415,900024	1416	244
13	9	4	04.03.2011	1418,900024	1429,800049	1416,800049	1428,199951	60
16	0	6	07.03.2011	1434,5	1445	1429,5	1434,099976	613
8	-5	5	08.03.2011	1431,599976	1432,599976	1424,300049	1426,900024	198
10	-1	5	09.03.2011	1430	1435,699951	1426,099976	1429,300049	98
26	-17	3	10.03.2011	1429,5	1429,800049	1403,800049	1412,199951	23
18	8	3	11.03.2011	1413,699951	1422,599976	1404,900024	1421,5	23
8	5	4	14.03.2011	1420	1427,699951	1420	1424,599976	58
28	-21	3	15.03.2011	1413,300049	1413,300049	1385,5	1392,599976	20
10	-2	4	16.03.2011	1398	1404,199951	1394,300049	1396	38
6	16	3	17.03.2011	1387,699951	1393,599976	1387,699951	1404	27
13	10	2	18.03.2011	1406,400024	1419,300049	1406,400024	1415,900024	6
3	-7	4	21.03.2011	1433,5	1433,5	1430,800049	1426,199951	43
0	-3	4	22.03.2011	1430,400024	1430,400024	1430,400024	1427,5	85
8	6	3	23.03.2011	1432,199951	1439,699951	1432,199951	1437,900024	19
9	-3	3	24.03.2011	1437,699951	1446,900024	1437,5	1434,800049	27
0	-10	1	25.03.2011	1436	1436	1436	1426,099976	1
2	7	2	28.03.2011	1413,199951	1415,599976	1413,199951	1419,800049	6
0	0	11	29.03.2011	1416	1416	1416	1416	88260
18	5	11	30.03.2011	1418,699951	1430,300049	1412	1423,800049	47011
19	16	9	31.03.2011	1423,300049	1440	1420,699951	1438,900024	8230
24	-5	9	01.04.2011	1433,400024	1436,5	1413	1428,099976	5318
10	3	7	04.04.2011	1429,099976	1439,099976	1428,800049	1432,199951	683
27	14	8	05.04.2011	1437,900024	1457,599976	1430,300049	1451,800049	2609
10	1	7	06.04.2011	1456,900024	1462,300049	1452	1457,699951	901
9	-1	5	07.04.2011	1459,699951	1462,5	1453,900024	1458,5	229
18	16	7	08.04.2011	1457,599976	1475,5	1457,5	1473,400024	1407
16	-9	6	11.04.2011	1476	1476	1459,699951	1467,400024	378
23	-9	6	12.04.2011	1461,800049	1467,199951	1444,400024	1452,900024	345
8	0	5	13.04.2011	1455	1462	1454	1454,900024	197
23	15	6	14.04.2011	1456,800049	1476	1452,699951	1471,699951	535
14	8	6	15.04.2011	1477,599976	1487,5	1473,199951	1485,300049	293
20	6	6	18.04.2011	1486,300049	1497,300049	1477,5	1492,300049	650
10	1	5	19.04.2011	1493,300049	1499,5	1489	1494,5	168
11	4	6	20.04.2011	1494	1505,300049	1494	1498,300049	386
7	0	5	21.04.2011	1503,699951	1508,300049	1501,699951	1503,199951	237
15	-5	5	25.04.2011	1513,300049	1518	1502,800049	1508,599976	233
11	2	5	26.04.2011	1501,5	1506,300049	1495	1503	223
8	10	6	27.04.2011	1507,099976	1512,800049	1505,199951	1516,699951	460
9	2	6	28.04.2011	1528,599976	1536	1526,599976	1530,800049	425
31	17	5	29.04.2011	1538,699951	1568,699951	1537,300049	1556	124
34	-16	5	02.05.2011	1572,900024	1576,599976	1543,099976	1556,699951	200
20	-2	6	03.05.2011	1542,5	1547	1527,5	1540,099976	246
33	-20	6	04.05.2011	1535	1539	1506,199951	1514,900024	272
50	-34	5	05.05.2011	1514,699951	1520,699951	1471	1480,900024	133
22	18	5	06.05.2011	1473,199951	1494,800049	1472,300049	1491,199951	144
12	1	4	09.05.2011	1501,5	1512,800049	1501,300049	1502,900024	44
8	8	3	10.05.2011	1508,400024	1516,900024	1508,400024	1516,599976	13
29	-23	3	11.05.2011	1524	1524,099976	1495,199951	1501,099976	30
14	14	2	12.05.2011	1492,099976	1498,5	1484,800049	1506,599976	11
21	-10	3	13.05.2011	1503,5	1511,300049	1490,199951	1493,400024	16
6	1	2	16.05.2011	1489,300049	1494,900024	1489,300049	1490,400024	10
19	-10	4	17.05.2011	1489,800049	1491,800049	1473	1479,800049	41
1	-1	4	18.05.2011	1496,400024	1497	1496,300049	1495,599976	82
0	1	1	19.05.2011	1491,5	1491,5	1491,5	1492,199951	1
24	10	5	20.05.2011	1499	1512,699951	1488,699951	1508,800049	93
5	5	4	23.05.2011	1510,5	1512,300049	1507	1515,300049	42
5	-4	2	24.05.2011	1527,099976	1527,099976	1521,900024	1523,199951	4
1	0	2	25.05.2011	1526,400024	1527,5	1526,099976	1526,599976	10
2	2	11	26.05.2011	1521,199951	1521,199951	1519,5	1522,800049	88264
20	17	11	27.05.2011	1519,400024	1538,5	1518,400024	1536,300049	76719
9	-1	9	31.05.2011	1536,699951	1541,099976	1532,400024	1535,900024	6152
21	7	8	01.06.2011	1535,699951	1550,599976	1529,699951	1542,400024	2845
24	-9	7	02.06.2011	1541,300049	1544,5	1520	1532	1651
21	7	7	03.06.2011	1534,699951	1546,300049	1525	1541,699951	1745
12	4	7	06.06.2011	1542,900024	1553,900024	1542	1546,5	691
13	-2	8	07.06.2011	1545	1549,900024	1537,199951	1543,300049	2530
13	-6	6	08.06.2011	1544,199951	1544,199951	1531,300049	1538,099976	489
14	6	6	09.06.2011	1536,099976	1548,800049	1534,400024	1542,099976	288
18	-15	6	10.06.2011	1543,699951	1543,900024	1526,400024	1528,599976	632
22	-13	7	13.06.2011	1528,099976	1533	1511,300049	1515	851
13	7	6	14.06.2011	1517,199951	1526,199951	1513,099976	1523,800049	306
18	1	6	15.06.2011	1525	1533,400024	1515	1525,599976	648
9	3	5	16.06.2011	1526	1531,199951	1522	1529,300049	164
19	16	4	17.06.2011	1523	1541,599976	1523	1538,599976	72
10	6	5	20.06.2011	1536	1545,699951	1535,199951	1541,5	99
8	6	5	21.06.2011	1540,099976	1547,5	1540	1546	125
14	6	5	22.06.2011	1547,199951	1558,5	1544,400024	1552,900024	222
32	-27	6	23.06.2011	1547,199951	1547,199951	1514,699951	1520,099976	300
26	-24	6	24.06.2011	1524,699951	1525	1498,5	1500,5	257
13	-8	5	27.06.2011	1503,5	1503,5	1490,699951	1496	140
9	0	6	28.06.2011	1499,900024	1505	1496,099976	1499,699951	508
8	6	6	29.06.2011	1504,099976	1512,199951	1504,099976	1509,900024	395
15	-9	4	30.06.2011	1511,5	1514	1498,800049	1502,300049	69
22	-20	4	01.07.2011	1502,199951	1502,199951	1480	1482,300049	66
25	22	5	05.07.2011	1490,400024	1515	1490,300049	1512,300049	199
21	15	4	06.07.2011	1513,699951	1531,5	1510,300049	1528,699951	71
10	1	4	07.07.2011	1529,099976	1533,099976	1522,699951	1530,199951	55
16	14	1	08.07.2011	1527	1542,599976	1526,599976	1541,199951	3
12	-1	3	11.07.2011	1550	1555,199951	1543,099976	1548,800049	14
23	14	2	12.07.2011	1548,199951	1565	1542	1561,900024	8
15	11	3	13.07.2011	1574	1585,599976	1570,800049	1585,199951	29
9	3	3	14.07.2011	1586,300049	1592,800049	1583,599976	1589	19
10	8	2	15.07.2011	1582,300049	1592,199951	1582,300049	1589,800049	8
12	9	3	18.07.2011	1592,800049	1605	1592,800049	1602,099976	13
26	-7	4	19.07.2011	1608,099976	1608,800049	1583,300049	1600,900024	63
14	12	2	20.07.2011	1584,300049	1596,699951	1582,400024	1596,699951	9
15	-11	3	21.07.2011	1598	1601,599976	1586,599976	1586,800049	24
18	13	3	22.07.2011	1588,5	1606,5	1588,5	1601,300049	12
9	2	4	25.07.2011	1610	1619,400024	1610	1612	67
9	7	3	26.07.2011	1609,800049	1618,5	1609,800049	1616,599976	28
3	-5	11	27.07.2011	1619,699951	1619,699951	1617	1615	88282
18	-1	11	28.07.2011	1614,199951	1620,599976	1602,800049	1613,400024	70263
24	11	9	29.07.2011	1617,099976	1634,900024	1610,599976	1628,300049	6761
25	-4	8	01.08.2011	1623	1631,800049	1607	1619	2889
44	23	8	02.08.2011	1619,300049	1660,599976	1616,800049	1641,900024	2440
21	4	8	03.08.2011	1659,900024	1672,300049	1651,599976	1663,400024	2024
42	-4	8	04.08.2011	1660,5	1681,800049	1640	1656,199951	1952
23	1	7	05.08.2011	1647,5	1666,099976	1642,699951	1648,800049	825
42	29	8	08.08.2011	1679,099976	1720	1678,099976	1708,1685223520537	1885
54	18	8	09.08.2011	1722,5	1774,3767783395717	1720,099976	1740	1861
54	37	7	10.08.2011	1744	1795,599976	1741,300049	1781,300049	969
80	-46	7	11.08.2011	1795,099976	1813,5	1733,300049	1748,800049	1503
40	-20	7	12.08.2011	1760,599976	1764,199951	1723,800049	1740,199951	1166
35	21	7	15.08.2011	1734,900024	1765,199951	1730,5	1755,5	976
26	13	6	16.08.2011	1769	1787,300049	1761,599976	1782,400024	278
12	6	5	17.08.2011	1784,800049	1794,300049	1782	1791,199951	231
43	32	7	18.08.2011	1786,5	1828,5	1785,5	1818,900024	868
51	25	6	19.08.2011	1823,699951	1874,400024	1823,699951	1848,900024	328
37	20	7	22.08.2011	1868,599976	1895	1858,400024	1888,699951	1106
85	-51	6	23.08.2011	1909	1909,300049	1824,599976	1858,300049	458
87	-50	7	24.08.2011	1850,6989357297984	1856,5238646588964	1769,9972786663673	1800,5268866235947	992
88	-33	7	25.08.2011	1792,397871459597	1803,7476803177929	1715,3945813327346	1759,800049	864
61	26	6	26.08.2011	1768,5	1829,300049	1768,5	1794,099976	270
31	-30	7	29.08.2011	1817,900024	1817,900024	1786,699951	1788,400024	828
56	40	6	30.08.2011	1787,199951	1839,599976	1783,099976	1826,699951	598
26	-2	6	31.08.2011	1830,599976	1837,900024	1811,400024	1828,5	336
15	0	6	01.09.2011	1825,800049	1829,5	1814,400024	1826	263
55	45	6	02.09.2011	1828,599976	1883,8767783395717	1828,599976	1873,699951	442
48	-16	6	06.09.2011	1886,300049	1911,599976	1864	1869,900024	536
64	-55	6	07.09.2011	1868,900024	1873,699951	1809,3973026663673	1814,199951	470
35	15	5	08.09.2011	1839,300049	1870	1835	1854,400024	142
51	-2	5	09.09.2011	1858,099976	1881,300049	1830	1856,400024	188
46	-42	6	12.09.2011	1852,400024	1852,400024	1806	1809,900024	245
27	9	4	13.09.2011	1817,800049	1835,300049	1808,099976	1826,800049	52
34	-20	5	14.09.2011	1843	1843	1809	1823,5	156
40	-38	4	15.09.2011	1816,300049	1816,300049	1775,800049	1778,5	80
51	44	5	16.09.2011	1768,5	1819,099976	1768,5	1812,099976	111
31	-38	3	19.09.2011	1814,699951	1818,900024	1788	1776,400024	13
32	28	4	20.09.2011	1778,800049	1807,800049	1776	1806,599976	86
29	-2	3	21.09.2011	1808	1811,699951	1782,800049	1805,5	22
42	-25	3	22.09.2011	1773,199951	1773,199951	1730,900024	1747,7268376235947	23
61	-47	4	23.09.2011	1737,300049	1737,300049	1676,2973266663673	1689,9536752471895	81
63	-47	5	26.09.2011	1678,9989847297984	1684,5238646588964	1621,6946293327346	1632,1805128707842	151
12	-3	4	27.09.2011	1653,800049	1665,400024	1653,699951	1650,599976	47
0	-34	10	28.09.2011	1650	1650	1650	1616,300049	21275
38	12	9	29.09.2011	1604	1633,800049	1595,3973026663673	1615,5	7181
30	0	6	30.09.2011	1620,800049	1639,400024	1609,400024	1620,400024	284
33	28	5	03.10.2011	1627,800049	1660,800049	1627,599976	1656	101
82	-46	5	04.10.2011	1661	1678,099976	1596,599976	1614,699951	159
41	11	5	05.10.2011	1629,300049	1640,300049	1599,599976	1640,300049	114
17	9	4	06.10.2011	1642,599976	1654,699951	1637,599976	1651,900024	38
39	-22	4	07.10.2011	1657	1665	1626,199951	1634,5	66
31	24	4	10.10.2011	1645,599976	1676,800049	1645,599976	1669,599976	61
27	-25	5	11.10.2011	1685	1685	1657,599976	1659,699951	151
24	14	4	12.10.2011	1667,099976	1691	1667,099976	1681,300049	37
23	-9	5	13.10.2011	1676,099976	1678,800049	1656,199951	1667,300049	148
18	16	4	14.10.2011	1665,800049	1683,300049	1665,800049	1681,800049	51
26	-8	4	17.10.2011	1683,599976	1693,5	1667,300049	1675,5	41
38	-14	4	18.10.2011	1666	1666	1627,5	1651,699951	85
18	-13	3	19.10.2011	1659,300049	1659,300049	1641,300049	1646	22
34	-31	5	20.10.2011	1643,199951	1643,199951	1608,699951	1611,900024	92
21	9	3	21.10.2011	1626,099976	1647,400024	1626,099976	1635,099976	32
12	5	6	24.10.2011	1646,199951	1657,800049	1646,199951	1651,5	313
62	55	6	25.10.2011	1645	1706,800049	1645	1699,599976	355
22	18	5	26.10.2011	1704,8833713039933	1723,599976	1701,184754197684	1722,699951	135
18	29	6	27.10.2011	1717,800049	1735,5	1717,800049	1746,699951	494
19	-6	5	28.10.2011	1752	1752	1733	1746,199951	158
25	-18	4	31.10.2011	1741,900024	1741,900024	1717	1724,199951	62
38	4	6	01.11.2011	1706,699951	1720,099976	1682,5	1711	246
18	4	6	02.11.2011	1724,300049	1741,400024	1723,199951	1728,699951	294
39	24	6	03.11.2011	1740,5	1766	1726,599976	1764,199951	290
6	-2	4	04.11.2011	1757	1761,199951	1754,900024	1755,300049	47
42	35	4	07.11.2011	1755,300049	1797	1755,300049	1790,300049	35
13	0	3	08.11.2011	1798,400024	1798,400024	1785,699951	1798,400024	14
19	-2	2	09.11.2011	1793	1793	1774,199951	1790,900024	6
12	-8	3	10.11.2011	1766,800049	1766,800049	1754,800049	1758,900024	16
12	10	3	11.11.2011	1777	1789,099976	1777	1787,5	28
0	-1	3	14.11.2011	1779	1779	1779	1777,800049	24
22	2	3	15.11.2011	1779,199951	1783,099976	1761,300049	1781,699951	18
20	-4	4	16.11.2011	1777,5	1777,5	1757,699951	1773,800049	65
41	-36	4	17.11.2011	1755,300049	1755,300049	1714	1719,800049	54
17	0	3	18.11.2011	1725	1736	1719	1724,699951	14
30	-26	2	21.11.2011	1704,599976	1704,599976	1674,400024	1678,300049	9
27	27	3	22.11.2011	1675,400024	1702,199951	1675,400024	1702,199951	13
18	4	4	23.11.2011	1691,199951	1700	1681,599976	1695,699951	34
18	-5	3	25.11.2011	1690,099976	1693,5	1675,300049	1685,5	28
0	0	11	28.11.2011	1710,800049	1710,800049	1710,800049	1710,800049	88282
14	2	11	29.11.2011	1711,300049	1718,400024	1704	1713,400024	64786
49	32	10	30.11.2011	1714	1749,199951	1699,900024	1745,5	15463
19	-12	7	01.12.2011	1747	1753,300049	1734,5	1735,300049	1350
21	2	7	02.12.2011	1744,800049	1762,900024	1741,599976	1747	1067
34	-18	7	05.12.2011	1748,900024	1752,599976	1718,699951	1730,699951	756
29	6	6	06.12.2011	1722,099976	1731,800049	1703	1727,900024	648
22	10	6	07.12.2011	1730,599976	1741,900024	1720	1740,900024	300
47	-32	7	08.12.2011	1742	1752,300049	1705,400024	1709,800049	942
15	0	6	09.12.2011	1713,300049	1720,699951	1705,699951	1712,800049	568
50	-43	7	12.12.2011	1707,5	1708,199951	1658,5	1664,199951	894
44	5	6	13.12.2011	1654,699951	1671,800049	1628	1659,900024	274
66	-34	7	14.12.2011	1636,5	1639,5	1573,3973026663673	1602,1268616235948	890
27	-4	6	15.12.2011	1578,1989357297984	1592,800049	1565,599976	1574,599976	589
10	8	4	16.12.2011	1587,400024	1595,900024	1586	1595,599976	57
14	-2	5	19.12.2011	1596,400024	1603,400024	1589,699951	1594,400024	92
21	19	5	20.12.2011	1596,400024	1617	1596,400024	1615,599976	215
27	-4	4	21.12.2011	1615,599976	1635	1608,300049	1611,900024	38
8	0	6	22.12.2011	1608,800049	1610	1601,900024	1608,900024	599
8	-7	4	23.12.2011	1612	1612,800049	1604,699951	1604,699951	62
6	-5	4	27.12.2011	1599	1599	1592,599976	1594,199951	52
27	-22	7	28.12.2011	1584,900024	1588,599976	1561,300049	1562,900024	763
34	-19	7	29.12.2011	1559,300049	1559,300049	1525	1539,900024	866
32	16	6	30.12.2011	1549,400024	1579,5	1547,900024	1565,800049	289
38	31	5	03.01.2012	1568,900024	1604,300049	1566	1599,699951	229
24	15	5	04.01.2012	1596,599976	1618,599976	1594,5	1611,900024	172
26	9	6	05.01.2012	1610,800049	1624,099976	1597,800049	1619,400024	362
12	-6	3	06.01.2012	1622,5	1627,800049	1616,099976	1616,099976	20
13	-7	2	09.01.2012	1614,300049	1620,099976	1607,5	1607,5	8
18	11	4	10.01.2012	1619,900024	1638	1619,900024	1631	47
12	4	4	11.01.2012	1634,800049	1645,400024	1633,800049	1639,199951	65
11	2	4	12.01.2012	1645,199951	1656,099976	1645,199951	1647,300049	84
13	-8	6	13.01.2012	1638,900024	1643,400024	1630,400024	1630,400024	368
16	12	3	17.01.2012	1643,699951	1657,800049	1642,099976	1655,199951	16
6	6	2	18.01.2012	1654	1660,300049	1654	1659,5	11
11	-9	4	19.01.2012	1663	1664,400024	1653,5	1654,099976	58
12	11	2	20.01.2012	1652,800049	1664,300049	1652,800049	1663,699951	8
10	1	2	23.01.2012	1676,900024	1680	1669,900024	1678	10
4	-3	2	24.01.2012	1666,900024	1668,199951	1664,199951	1664,199951	5
34	27	5	25.01.2012	1673	1706,199951	1672	1699,800049	239
8	-3	3	26.01.2012	1729	1729	1721	1726,300049	16
7	5	11	27.01.2012	1727	1734,099976	1727	1731,800049	88270
24	-6	11	30.01.2012	1737,199951	1739,900024	1715,699951	1731	53427
23	6	9	31.01.2012	1731,699951	1747,699951	1725	1737,800049	7540
17	9	8	01.02.2012	1738,199951	1751,099976	1734	1747,099976	2027
18	12	8	02.02.2012	1745,099976	1761,099976	1742,900024	1756,800049	2062
37	-21	6	03.02.2012	1758,699951	1761,300049	1724,5	1737,900024	543
25	-5	7	06.02.2012	1728	1738,300049	1713,300049	1722,800049	726
35	24	6	07.02.2012	1722	1748	1713,199951	1746,400024	272
23	-15	7	08.02.2012	1744	1751,5	1728,199951	1729,300049	955
24	8	5	09.02.2012	1731,400024	1749,699951	1726,099976	1739	119
28	-9	6	10.02.2012	1732,699951	1734,400024	1706,400024	1723,300049	248
15	-2	5	13.02.2012	1725	1733	1718,400024	1723	104
10	-4	5	14.02.2012	1720	1724,900024	1715	1715,900024	94
13	3	5	15.02.2012	1723,599976	1737	1723,599976	1726,300049	110
21	8	4	16.02.2012	1718,400024	1728,400024	1707	1726,800049	38
16	-9	4	17.02.2012	1733,599976	1735,099976	1718,800049	1724,5	80
26	21	5	21.02.2012	1736,099976	1760	1733,599976	1757,099976	115
32	11	5	22.02.2012	1758,699951	1781,900024	1750	1770	161
13	11	6	23.02.2012	1774	1786	1773	1784,900024	298
9	-3	5	24.02.2012	1778,5	1780,699951	1771,300049	1775,099976	129
8	0	7	27.02.2012	1773,599976	1775,599976	1768,099976	1773,599976	841
22	19	6	28.02.2012	1767,900024	1789,400024	1767,900024	1787	306
77	-61	6	29.02.2012	1789,900024	1790,400024	1713,2973266663673	1729,2268376235947	359
39	-10	5	01.03.2012	1731,5989597297985	1737,6238396588965	1698,599976	1721,099976	214
18	-14	5	02.03.2012	1723	1723	1705,199951	1708,800049	135
14	-2	6	05.03.2012	1705,5	1709,5	1695,400024	1703	421
43	-37	5	06.03.2012	1708,699951	1708,699951	1666	1671,400024	176
11	7	4	07.03.2012	1676	1684	1673,099976	1683,300049	39
16	12	6	08.03.2012	1686,400024	1702,400024	1686,400024	1698,099976	301
30	12	4	09.03.2012	1698,800049	1710,900024	1680,699951	1710,900024	73
13	-9	5	12.03.2012	1708,099976	1708,099976	1694,900024	1699,199951	98
13	-5	4	13.03.2012	1698,400024	1698,400024	1685,099976	1693,699951	47
44	-34	5	14.03.2012	1676,900024	1681	1637,400024	1642,5	201
20	13	6	15.03.2012	1646,300049	1660,199951	1640	1659,099976	405
20	-4	6	16.03.2012	1660	1661,400024	1641,300049	1655,5	317
16	6	6	19.03.2012	1661,199951	1668	1652,099976	1666,900024	462
10	-1	6	20.03.2012	1648,099976	1652,300049	1642	1646,699951	250
14	-8	6	21.03.2012	1657,800049	1660	1646,099976	1650	546
16	-6	6	22.03.2012	1648	1649,400024	1633,800049	1642,300049	321
19	10	4	23.03.2012	1652,5	1665,099976	1646,300049	1662,300049	76
35	20	4	26.03.2012	1665	1692,900024	1657,800049	1685,5	84
6	-3	5	27.03.2012	1687,800049	1690,800049	1684,400024	1684,800049	100
12	-12	11	28.03.2012	1670,099976	1670,099976	1657,900024	1657,900024	88354
20	-10	11	29.03.2012	1661,800049	1664,5	1644,300049	1652,199951	47342
11	9	9	30.03.2012	1660,599976	1670	1659	1669,300049	9825
21	7	8	02.04.2012	1670,400024	1682,800049	1662	1677,5	2531
41	-8	7	03.04.2012	1677,599976	1679,5	1638,699951	1670	1165
35	-34	7	04.04.2012	1646,5	1647	1612,300049	1612,300049	1122
13	8	6	05.04.2012	1620,800049	1633,199951	1620,400024	1628,5	289
10	-3	5	09.04.2012	1645,300049	1646,400024	1636,5	1642,5	158
26	10	6	10.04.2012	1649	1661,699951	1636,199951	1659,5	350
5	4	6	11.04.2012	1654,800049	1659,699951	1654,699951	1659	426
30	20	7	12.04.2012	1660	1680,099976	1650	1679,5	1309
25	-14	5	13.04.2012	1673,300049	1674,800049	1650	1659,099976	220
16	-2	7	16.04.2012	1650,800049	1656,800049	1641,199951	1648,699951	717
16	-2	4	17.04.2012	1652	1652,900024	1637	1650,300049	69
15	-14	6	18.04.2012	1653,199951	1653,300049	1638,099976	1638,800049	273
21	-2	4	19.04.2012	1642,099976	1653,099976	1632	1640,599976	77
5	0	4	20.04.2012	1641,699951	1645,599976	1640,900024	1642,099976	54
17	-10	5	23.04.2012	1642,400024	1642,400024	1625,099976	1631,900024	226
14	9	5	24.04.2012	1634,400024	1648,599976	1634,400024	1643	123
17	0	4	25.04.2012	1641,300049	1643,800049	1626,900024	1641,400024	82
1	1	6	26.04.2012	1658,300049	1659,599976	1658,300049	1659,599976	280
13	10	5	27.04.2012	1654,5	1666,900024	1654	1664	236
13	0	4	30.04.2012	1663	1665,699951	1653	1663,400024	36
9	-3	3	01.05.2012	1665	1670,5	1661,699951	1661,699951	25
11	-6	4	02.05.2012	1659,199951	1659,199951	1648,300049	1653,400024	50
21	-17	4	03.05.2012	1651,199951	1652,199951	1631,300049	1634,199951	78
16	9	4	04.05.2012	1635,699951	1645,599976	1629,400024	1644,699951	68
7	1	3	07.05.2012	1637,900024	1640	1632,599976	1638,599976	21
41	-33	5	08.05.2012	1636,699951	1636,699951	1596	1604	154
9	-2	3	09.05.2012	1595,300049	1595,300049	1586,300049	1593,699951	30
3	1	2	10.05.2012	1594,199951	1595,099976	1592,400024	1595,099976	6
6	-2	2	11.05.2012	1586,099976	1589,599976	1583,599976	1583,599976	6
8	-2	2	14.05.2012	1563	1563,099976	1555,5	1560,599976	5
16	1	3	15.05.2012	1555,400024	1558,300049	1542,400024	1556,800049	28
13	-5	3	16.05.2012	1541,400024	1541,400024	1528,5	1536,199951	26
32	28	4	17.05.2012	1546,900024	1579	1546,900024	1574,5	51
23	18	3	18.05.2012	1573,699951	1591,599976	1568,199951	1591,599976	26
6	-4	3	21.05.2012	1591,900024	1594,099976	1588,400024	1588,400024	32
10	1	3	22.05.2012	1575,699951	1578,099976	1568,400024	1576,300049	27
14	10	2	23.05.2012	1538,199951	1548,099976	1534,400024	1548,099976	6
18	-2	3	24.05.2012	1559	1569,400024	1551,5	1557,300049	23
12	11	2	25.05.2012	1558,199951	1568,800049	1557,300049	1568,800049	7
34	-26	11	29.05.2012	1574,699951	1582,5	1548,599976	1548,599976	88261
39	10	11	30.05.2012	1553,900024	1569	1530,400024	1563,400024	79887
21	0	9	31.05.2012	1562,699951	1572,599976	1551,800049	1562,599976	5901
81	60	8	01.06.2012	1560	1626,9767543395717	1545,5	1620,5	2820
26	-8	8	04.06.2012	1619,8833713039933	1627,900024	1601,684754197684	1612,199951	2134
10	-4	6	05.06.2012	1619,300049	1622,699951	1612,900024	1615,199951	604
23	13	6	06.06.2012	1619,699951	1639,699951	1616,5	1632,800049	419
45	-36	7	07.06.2012	1622,599976	1627,199951	1581,900024	1586,599976	1200
27	0	5	08.06.2012	1589,900024	1593,900024	1566,5	1590,099976	157
25	-12	5	11.06.2012	1608	1608	1583	1595,5	129
24	19	6	12.06.2012	1594,099976	1612,800049	1588,5	1612,699951	523
14	10	6	13.06.2012	1608,199951	1622,400024	1608,199951	1618,099976	655
16	-3	6	14.06.2012	1621,199951	1626,400024	1610,099976	1618,400024	493
8	3	7	15.06.2012	1624,300049	1630	1621,5	1627	1015
13	3	6	18.06.2012	1622,599976	1627,599976	1615	1625,699951	246
9	-8	3	19.06.2012	1629,800049	1630,699951	1622	1622,199951	32
17	-4	5	20.06.2012	1618,300049	1618,300049	1601,300049	1614,800049	140
39	-39	3	21.06.2012	1603,199951	1603,300049	1564,5	1564,5	29
8	0	3	22.06.2012	1565,5	1568,400024	1560	1566	16
16	13	3	25.06.2012	1574,900024	1587,5	1571	1587,5	32
16	-10	5	26.06.2012	1583,5	1583,5	1567,699951	1574	104
14	10	5	27.06.2012	1567	1577,5	1563	1577,5	220
25	-24	5	28.06.2012	1573,699951	1573,699951	1548,400024	1549,699951	133
42	41	4	29.06.2012	1562,599976	1603,5	1561,900024	1603,5	61
9	0	4	02.07.2012	1597,099976	1598,300049	1589,699951	1597,199951	35
20	18	4	03.07.2012	1603,800049	1624	1603,800049	1621,300049	44
21	-10	3	05.07.2012	1618,5	1619,199951	1598	1608,900024	27
15	-14	3	06.07.2012	1592,300049	1593,800049	1578,400024	1578,400024	15
8	6	2	09.07.2012	1582,099976	1588,599976	1580,900024	1588,599976	5
32	-20	3	10.07.2012	1599,199951	1599,800049	1567,599976	1579,300049	12
4	-2	3	11.07.2012	1577,400024	1579,5	1575,199951	1575,199951	12
18	-4	4	12.07.2012	1569,300049	1574,699951	1557,199951	1564,900024	44
26	24	3	13.07.2012	1567,800049	1594,099976	1567,800049	1591,599976	26
5	5	2	16.07.2012	1586,199951	1591,199951	1585,800049	1591,199951	7
20	-7	3	17.07.2012	1596	1596	1576,300049	1589,099976	27
14	-11	3	18.07.2012	1581,199951	1583,699951	1569,900024	1570,400024	30
8	0	4	19.07.2012	1580	1586,900024	1578,400024	1580,099976	60
8	-1	2	20.07.2012	1583,900024	1584,400024	1576,099976	1582,5	5
7	5	2	23.07.2012	1571,699951	1577,099976	1569,800049	1577,099976	4
8	2	2	24.07.2012	1574	1581,900024	1574	1576	9
25	24	3	25.07.2012	1583,699951	1608	1583,300049	1608	12
1	0	2	26.07.2012	1614,900024	1615	1614,099976	1615	7
4	4	11	27.07.2012	1613,400024	1617,900024	1613,400024	1617,900024	88261
13	-3	11	30.07.2012	1622,900024	1625,800049	1613,099976	1619,699951	52890
18	-11	9	31.07.2012	1621,099976	1627,5	1610	1610,5	6281
25	-10	8	01.08.2012	1613,400024	1617,199951	1592	1603,699951	3530
32	-13	7	02.08.2012	1600	1615	1583,099976	1587,400024	933
21	17	7	03.08.2012	1589,300049	1606	1585,099976	1606	676
11	8	6	06.08.2012	1604,699951	1614,099976	1603,199951	1612,900024	662
6	-1	6	07.08.2012	1610,800049	1615,699951	1609,300049	1609,699951	449
12	3	6	08.08.2012	1610,199951	1614,800049	1603	1612,900024	341
7	4	6	09.08.2012	1612,800049	1617,199951	1610,099976	1617,099976	433
19	4	7	10.08.2012	1615,800049	1624,099976	1605	1619,699951	1219
16	-12	6	13.08.2012	1622	1623,699951	1607,300049	1609,599976	402
24	-13	7	14.08.2012	1612,800049	1615,599976	1591,199951	1599,400024	910
13	10	6	15.08.2012	1593,800049	1604,599976	1592	1603,699951	280
16	16	5	16.08.2012	1600,199951	1616,099976	1600,199951	1616,099976	199
6	-2	6	17.08.2012	1617,800049	1617,800049	1611,400024	1616,300049	249
10	6	4	20.08.2012	1614	1621,400024	1611,599976	1620,099976	68
20	20	6	21.08.2012	1620	1639,900024	1620	1639,900024	258
18	-1	4	22.08.2012	1638,400024	1653,099976	1635	1637,400024	37
15	10	5	23.08.2012	1659,900024	1672,699951	1658	1669,599976	141
8	4	3	24.08.2012	1665,800049	1669,800049	1662,199951	1669,800049	24
11	-2	4	27.08.2012	1674,900024	1674,900024	1663,900024	1672,400024	42
12	7	4	28.08.2012	1659,900024	1671	1659,199951	1666,5	51
8	-7	6	29.08.2012	1667,199951	1667,300049	1659,800049	1659,800049	403
11	-2	6	30.08.2012	1655,400024	1662	1650,699951	1653,5	418
44	26	4	31.08.2012	1658,599976	1690	1646,199951	1684,599976	58
10	4	4	04.09.2012	1689,099976	1698	1687,699951	1692,900024	43
3	0	4	05.09.2012	1690,400024	1693,300049	1690,400024	1690,800049	82
16	6	4	06.09.2012	1696,400024	1712,400024	1696,400024	1702,599976	39
42	41	5	07.09.2012	1696,699951	1738,199951	1696,699951	1737,5	109
6	-4	3	10.09.2012	1733,099976	1733,5	1727,199951	1728,699951	14
4	-4	1	11.09.2012	1736	1736	1731,800049	1731,800049	2
12	-12	3	12.09.2012	1742,199951	1742,300049	1730,5	1730,599976	15
40	40	4	13.09.2012	1728,699951	1769,099976	1728,699951	1769,099976	33
8	-1	3	14.09.2012	1771	1774,5	1766	1769,800049	25
21	-7	4	17.09.2012	1774,800049	1774,800049	1753,800049	1767,699951	54
2	2	3	18.09.2012	1766,300049	1768,400024	1766,300049	1768,400024	13
10	-7	3	19.09.2012	1776	1778,5	1768	1769	27
11	-1	3	20.09.2012	1769,099976	1771,300049	1760,599976	1767,699951	17
13	-10	2	21.09.2012	1785,300049	1785,300049	1772,300049	1775,5	10
0	0	2	24.09.2012	1762,099976	1762,099976	1762,099976	1762,099976	4
9	-9	2	25.09.2012	1772,599976	1772,699951	1763,800049	1763,800049	5
21	-12	10	26.09.2012	1762,800049	1764,199951	1743	1750,599976	15237
30	25	9	27.09.2012	1752,599976	1780,199951	1750,699951	1777,599976	6989
15	-6	8	28.09.2012	1776,800049	1782,199951	1767,5	1771,099976	2839
28	14	7	01.10.2012	1766	1791	1763,300049	1780,5	816
7	-5	5	02.10.2012	1777,900024	1779,300049	1772,699951	1772,699951	94
8	5	5	03.10.2012	1772,199951	1779,900024	1771,900024	1777,300049	134
11	11	5	04.10.2012	1783,5	1794,800049	1783,5	1794,099976	199
16	-14	6	05.10.2012	1792,199951	1792,199951	1776,599976	1778,599976	257
11	-4	4	08.10.2012	1778	1778	1766,800049	1773,5	33
14	-14	3	09.10.2012	1776,699951	1776,699951	1762,300049	1763	24
6	1	3	10.10.2012	1762,400024	1764,199951	1758,099976	1763,199951	29
9	7	3	11.10.2012	1761,599976	1771	1761,599976	1768,800049	30
16	-12	4	12.10.2012	1769,5	1769,5	1753,599976	1758	84
20	-14	5	15.10.2012	1750	1750	1729,900024	1736	108
8	8	3	16.10.2012	1736,699951	1744,699951	1736,599976	1744,699951	15
6	2	4	17.10.2012	1749,400024	1751,5	1746	1751,5	36
9	-6	3	18.10.2012	1749,099976	1749,099976	1740,5	1743,300049	27
20	-18	4	19.10.2012	1741,099976	1741,099976	1721	1722,800049	70
13	10	3	22.10.2012	1715	1728,300049	1715	1725,099976	12
18	-18	4	23.10.2012	1726,599976	1726,599976	1708,300049	1708,300049	75
10	-8	3	24.10.2012	1708,400024	1708,5	1698,599976	1700,5	27
5	0	4	25.10.2012	1711,699951	1716,699951	1711,699951	1712	33
10	5	4	26.10.2012	1706,099976	1716,199951	1706,099976	1710,900024	77
10	3	4	31.10.2012	1714,400024	1724,5	1714,400024	1717,5	64
11	-8	3	01.11.2012	1722,300049	1725,099976	1714,099976	1714,099976	24
37	-37	4	02.11.2012	1711,300049	1711,300049	1674,099976	1674,099976	50
9	-1	2	05.11.2012	1682,800049	1683,099976	1674,300049	1682,199951	7
28	24	4	06.11.2012	1690,099976	1718	1690,099976	1714,099976	47
23	6	4	07.11.2012	1707,699951	1726,5	1703,699951	1713,199951	42
11	10	4	08.11.2012	1715,900024	1725,400024	1714,199951	1725,400024	34
6	-3	2	09.11.2012	1733,699951	1734,099976	1727,599976	1730,300049	6
3	-3	2	12.11.2012	1733,199951	1733,400024	1730,300049	1730,300049	6
10	3	3	13.11.2012	1721,599976	1728,199951	1718,5	1724,199951	12
8	8	2	14.11.2012	1722	1729,5	1722	1729,5	11
19	-12	2	15.11.2012	1724,900024	1724,900024	1706,300049	1713,300049	10
7	4	3	16.11.2012	1710	1714,300049	1706,900024	1714,300049	16
12	12	2	19.11.2012	1721,800049	1734	1721,800049	1734	4
9	-7	3	20.11.2012	1730,599976	1731,099976	1722,5	1723,199951	21
2	2	3	21.11.2012	1725,800049	1727,900024	1725,800049	1727,900024	23
16	16	2	23.11.2012	1735	1751,300049	1735	1751,300049	8
1	-1	3	26.11.2012	1750,300049	1750,5	1749,400024	1749,5	24
4	-4	2	27.11.2012	1746,400024	1746,400024	1742,199951	1742,199951	7
23	-23	11	28.11.2012	1739,800049	1739,800049	1716,5	1716,5	88261
11	8	11	29.11.2012	1719,599976	1729	1717,699951	1727,199951	65599
23	-14	8	30.11.2012	1725,199951	1731,199951	1708,400024	1710,900024	3690
7	5	7	03.12.2012	1714,900024	1721,900024	1714,5	1719,599976	1238
25	-22	7	04.12.2012	1716,300049	1716,800049	1691,599976	1694,400024	1428
21	-5	7	05.12.2012	1697,099976	1706	1685	1692,400024	1262
16	6	6	06.12.2012	1694,300049	1702,099976	1686,400024	1700,300049	525
20	3	5	07.12.2012	1701,199951	1704,5	1684	1704	169
13	9	4	10.12.2012	1704,199951	1717	1704,199951	1713	88
8	-2	4	11.12.2012	1710	1714,099976	1705,900024	1708,199951	88
14	6	5	12.12.2012	1710,099976	1722,300049	1708	1716,599976	195
17	-12	5	13.12.2012	1707,199951	1707,199951	1689,900024	1695,599976	240
5	-2	4	14.12.2012	1698,300049	1699,199951	1694,400024	1695,800049	72
9	6	4	17.12.2012	1690,5	1698,5	1689,5	1697	65
42	-32	6	18.12.2012	1701,400024	1702,800049	1661	1669,5	501
11	-9	4	19.12.2012	1675,300049	1676	1664,599976	1666,5	76
33	-23	5	20.12.2012	1667,900024	1671	1637,599976	1644,900024	158
23	11	4	21.12.2012	1648	1659,099976	1635,800049	1659,099976	78
9	1	4	24.12.2012	1657,699951	1663,800049	1654,900024	1658,599976	73
12	5	4	26.12.2012	1654,5	1666,699951	1654,5	1659,800049	73
6	6	6	27.12.2012	1656,199951	1662,599976	1656,199951	1662,599976	446
10	-9	5	28.12.2012	1664	1664	1653,699951	1654,900024	197
22	19	4	31.12.2012	1655,400024	1677,099976	1655,400024	1674,800049	89
24	15	4	02.01.2013	1672,800049	1693,800049	1670	1687,900024	35
25	-12	5	03.01.2013	1686,099976	1686,800049	1662	1673,699951	140
33	1	5	04.01.2013	1647	1658,300049	1625,699951	1648,099976	199
16	-11	4	07.01.2013	1656,5	1659,900024	1643,800049	1645,5	49
14	14	3	08.01.2013	1647,699951	1661,5	1647,699951	1661,5	17
10	-4	2	09.01.2013	1658,599976	1662,099976	1651,900024	1654,800049	9
5	5	2	10.01.2013	1672,5	1677,300049	1672,5	1677,300049	9
19	-13	5	11.01.2013	1673,099976	1673,099976	1654,199951	1660	147
10	4	2	14.01.2013	1665,400024	1673,800049	1664,099976	1668,900024	10
13	12	3	15.01.2013	1671,599976	1684,300049	1671,599976	1683,400024	20
8	8	2	16.01.2013	1674,400024	1682,699951	1674,400024	1682,699951	11
24	14	4	17.01.2013	1676,400024	1694,599976	1671	1690,400024	81
5	-1	3	18.01.2013	1687,400024	1692	1686,599976	1686,599976	14
7	2	3	22.01.2013	1690,300049	1694,699951	1687,800049	1692,800049	15
8	-5	3	23.01.2013	1691,300049	1693,699951	1685,199951	1686,300049	28
14	-11	3	24.01.2013	1680,800049	1681,699951	1668	1669,5	13
7	-7	4	25.01.2013	1663	1663	1656,400024	1656,400024	44
4	1	4	28.01.2013	1651,599976	1655,5	1651,599976	1652,400024	82
1	0	11	29.01.2013	1661,199951	1661,5	1660,699951	1660,699951	88336
21	18	11	30.01.2013	1662,400024	1683	1661,800049	1679,900024	44893
23	-15	9	31.01.2013	1675,400024	1680	1657,400024	1660,599976	6044
21	6	8	01.02.2013	1663,900024	1681,199951	1659,900024	1669,400024	3250
15	7	6	04.02.2013	1668	1676,5	1661,599976	1675,300049	450
17	-2	6	05.02.2013	1674,199951	1683,400024	1666,5	1672,400024	353
10	6	6	06.02.2013	1672,199951	1678,5	1668	1677,699951	376
19	-7	6	07.02.2013	1677	1682,099976	1663,099976	1670,400024	475
8	-6	6	08.02.2013	1671,5	1672,5	1664,800049	1666	289
24	-18	7	11.02.2013	1666,5	1668	1643,699951	1648,199951	868
8	5	4	12.02.2013	1643,800049	1650,400024	1642,400024	1648,699951	85
12	-8	5	13.02.2013	1652,199951	1652,300049	1640,199951	1644,199951	236
14	-6	5	14.02.2013	1641,099976	1646,900024	1632,699951	1634,699951	219
34	-24	6	15.02.2013	1633,199951	1633,900024	1599,5	1608,800049	460
17	-6	6	19.02.2013	1610	1617	1599,699951	1603,599976	272
45	-27	6	20.02.2013	1604,699951	1606,900024	1561,800049	1577,599976	278
26	10	8	21.02.2013	1568,5	1581,199951	1555,199951	1578,199951	2019
13	-8	4	22.02.2013	1580	1585,400024	1572,400024	1572,400024	76
18	7	5	25.02.2013	1579,400024	1596	1577,699951	1586,199951	118
26	22	7	26.02.2013	1593,300049	1615,199951	1589	1615,199951	1158
21	-18	7	27.02.2013	1612,800049	1612,800049	1591,800049	1595,199951	700
26	-18	5	28.02.2013	1596	1601,599976	1575,099976	1577,699951	102
20	-8	4	01.03.2013	1579,599976	1585,599976	1566	1571,900024	68
11	-9	4	04.03.2013	1580,800049	1580,800049	1569,699951	1572,099976	64
14	-3	4	05.03.2013	1577,599976	1585,5	1571,400024	1574,599976	65
16	-3	5	06.03.2013	1577,599976	1582,599976	1566,800049	1574,599976	106
10	-5	4	07.03.2013	1580	1583,5	1573,900024	1574,800049	52
19	-2	4	08.03.2013	1578,599976	1581,199951	1561,800049	1576,599976	68
4	2	7	11.03.2013	1576	1579,699951	1576	1577,800049	1115
16	12	5	12.03.2013	1579,800049	1595,599976	1579,800049	1591,5	159
11	-4	6	13.03.2013	1592,300049	1596	1585	1588,300049	396
15	5	5	14.03.2013	1585,699951	1590,599976	1575,699951	1590,599976	137
4	2	2	15.03.2013	1590,5	1594,400024	1590,199951	1592,5	11
6	-1	6	18.03.2013	1605,900024	1607,699951	1601,599976	1604,599976	613
2	-2	5	19.03.2013	1613,099976	1613,099976	1611,300049	1611,300049	202
6	-2	2	20.03.2013	1610	1612,5	1606,199951	1607,5	5
2	1	2	21.03.2013	1612,800049	1613,800049	1611,900024	1613,800049	7
7	-5	5	22.03.2013	1611	1611	1604,099976	1606,199951	101
12	-2	3	25.03.2013	1607,099976	1607,800049	1596,099976	1604,599976	27
0	0	11	26.03.2013	1595,800049	1595,800049	1595,800049	1595,800049	88281
18	8	11	27.03.2013	1598,5	1608,099976	1590,300049	1606,199951	50450
13	-10	8	28.03.2013	1604,699951	1606,599976	1593,599976	1594,800049	4717
6	3	7	01.04.2013	1596,800049	1600,5	1594,800049	1600	688
28	-24	8	02.04.2013	1599,199951	1602,599976	1574,099976	1575,099976	2289
27	-23	8	03.04.2013	1575,699951	1576,400024	1549,199951	1552,800049	2171
18	-6	7	04.04.2013	1557,300049	1557,300049	1539,099976	1551,800049	829
30	22	7	05.04.2013	1553,199951	1580,599976	1550,099976	1575,400024	1184
10	-4	5	08.04.2013	1575,800049	1577,800049	1567,800049	1572	101
19	15	5	09.04.2013	1571,599976	1589,300049	1570	1586,199951	215
29	-26	6	10.04.2013	1584,400024	1586	1557	1558,300049	359
12	7	7	11.04.2013	1557,099976	1566,699951	1554,800049	1564,300049	1070
61	-54	7	12.04.2013	1560,800049	1560,800049	1500,1973516663672	1506,5268866235947	881
62	-54	7	15.04.2013	1502,4989847297984	1508,0238646588964	1445,5946543327345	1448,7537242471894	1309
64	-53	6	16.04.2013	1444,1979204595968	1455,2476803177929	1390,9919569991018	1390,9805618707842	619
32	-4	5	17.04.2013	1385,8968561893953	1402,4714959766893	1370,199951	1382,199951	92
49	44	4	18.04.2013	1347,5	1396,400024	1347,5	1392	57
25	-12	5	19.04.2013	1407,3833713039933	1420,300049	1395,099976	1395,300049	241
28	14	4	22.04.2013	1406,800049	1434,900024	1406,800049	1421	70
24	-21	6	23.04.2013	1429,5	1429,5	1405,800049	1408,599976	334
10	0	5	24.04.2013	1423,199951	1430,099976	1420,400024	1423,400024	138
29	29	5	25.04.2013	1433	1461,800049	1433	1461,800049	222
25	-14	7	26.04.2013	1467,400024	1476,199951	1451,400024	1453,599976	976
13	5	6	29.04.2013	1462,699951	1475,5	1462,300049	1467,400024	269
16	1	6	30.04.2013	1471,099976	1476,599976	1461	1472,199951	534
37	-30	5	01.05.2013	1475,800049	1477,099976	1440	1446,300049	131
18	9	6	02.05.2013	1459	1471,199951	1453,5	1467,699951	244
26	-1	4	03.05.2013	1465,5	1487,099976	1461,400024	1464,300049	68
10	0	4	06.05.2013	1468,099976	1477,199951	1466,800049	1468,099976	33
25	-13	5	07.05.2013	1462	1466,199951	1441,199951	1449	91
24	18	4	08.05.2013	1455,5	1474,699951	1450,699951	1473,900024	81
20	-2	3	09.05.2013	1471,199951	1473,400024	1453	1468,800049	27
36	-19	6	10.05.2013	1455,599976	1459,300049	1423	1436,800049	569
13	-6	6	13.05.2013	1440	1440,599976	1427,800049	1434,5	344
22	-5	4	14.05.2013	1430,099976	1444,400024	1422	1424,699951	72
36	-29	6	15.05.2013	1425,699951	1425,699951	1390,099976	1396,5	364
24	-3	4	16.05.2013	1390,400024	1395,099976	1370,599976	1387,099976	38
32	-22	4	17.05.2013	1386,699951	1391,099976	1359,099976	1364,900024	50
45	41	3	20.05.2013	1342,900024	1387,5	1342,900024	1384,300049	21
34	-9	4	21.05.2013	1386,5	1392,300049	1358,5	1377,800049	51
31	-20	3	22.05.2013	1387,199951	1395,699951	1364,5	1367,599976	14
17	11	4	23.05.2013	1380,599976	1394,800049	1377,800049	1392	58
0	0	1	24.05.2013	1386,800049	1386,800049	1386,800049	1386,800049	2
11	-2	4	28.05.2013	1380,800049	1390,400024	1379,099976	1379,099976	55
0	0	11	29.05.2013	1391,300049	1391,300049	1391,300049	1391,300049	88309
29	19	11	30.05.2013	1392,099976	1417,5	1388,300049	1411,5	45133
37	-20	9	31.05.2013	1412,400024	1421,099976	1384,199951	1392,599976	5997
28	23	7	03.06.2013	1389,099976	1416,300049	1388,300049	1411,699951	1420
25	-14	7	04.06.2013	1410,900024	1413,699951	1389	1397,099976	930
14	1	7	05.06.2013	1397,5	1410	1395,599976	1398,400024	1687
31	14	7	06.06.2013	1401,699951	1422,699951	1391,599976	1415,699951	782
38	-28	7	07.06.2013	1411,5	1416,099976	1377,900024	1383	1163
11	7	6	10.06.2013	1378,800049	1386,900024	1375,599976	1386,199951	367
18	-7	6	11.06.2013	1384,199951	1384,400024	1366	1377	482
20	17	6	12.06.2013	1375	1393,5	1373,699951	1391,800049	514
18	-9	6	13.06.2013	1386,800049	1390,900024	1373,400024	1377,599976	458
12	3	5	14.06.2013	1383,900024	1389,599976	1377,800049	1387,300049	90
10	-8	5	17.06.2013	1390,300049	1390,5	1380	1382,800049	114
20	-16	6	18.06.2013	1383,099976	1383,5	1363	1366,599976	346
26	6	5	19.06.2013	1368,099976	1373,599976	1348,099976	1373,599976	198
55	-32	7	20.06.2013	1348,099976	1348,099976	1293,4972786663673	1315,8268136235947	712
31	2	6	21.06.2013	1289,7989117297984	1300	1268,900024	1291,599976	456
22	-20	6	24.06.2013	1297,300049	1297,300049	1275,699951	1276,800049	321
13	-6	7	25.06.2013	1281,300049	1286	1273,199951	1274,800049	953
45	-44	7	26.06.2013	1273,900024	1273,900024	1228,800049	1229,599976	981
43	-13	6	27.06.2013	1224,699951	1241,400024	1198,300049	1211,400024	533
49	23	5	28.06.2013	1200,900024	1232,300049	1183,199951	1223,800049	232
27	21	5	01.07.2013	1234,699951	1261	1234,199951	1255,900024	150
25	-10	5	02.07.2013	1254,099976	1266,300049	1241,199951	1243,599976	107
18	8	3	03.07.2013	1243,800049	1258,199951	1240,300049	1252,099976	19
45	-40	4	05.07.2013	1252,699951	1254,099976	1208,900024	1212,900024	72
20	16	4	08.07.2013	1218,800049	1235,199951	1215,400024	1234,900024	58
20	11	4	09.07.2013	1234,699951	1254,5	1234,400024	1245,900024	33
19	3	4	10.07.2013	1244,599976	1263,900024	1244,599976	1247,400024	58
6	-4	3	11.07.2013	1284,599976	1285	1278,900024	1280,099976	18
8	-4	2	12.07.2013	1282,300049	1282,300049	1274,300049	1277,800049	6
11	-8	3	15.07.2013	1292,099976	1292,400024	1281,599976	1283,800049	19
12	11	3	16.07.2013	1279,400024	1291,400024	1279,400024	1290,800049	13
22	-8	2	17.07.2013	1286,199951	1294,400024	1272,900024	1277,900024	11
11	9	3	18.07.2013	1275,300049	1286,400024	1275,199951	1284,599976	26
3	2	2	19.07.2013	1291,699951	1293,300049	1290	1293,300049	9
19	19	3	22.07.2013	1317	1336,400024	1317	1336,400024	18
14	0	2	23.07.2013	1334,800049	1342,300049	1327,900024	1335,099976	10
25	-22	4	24.07.2013	1342,199951	1343,5	1318,599976	1319,699951	42
18	10	4	25.07.2013	1318,5	1336,800049	1318,5	1329	55
5	-5	4	26.07.2013	1326,5	1326,5	1321,699951	1321,699951	66
0	0	11	29.07.2013	1328,400024	1328,400024	1328,400024	1328,400024	88320
13	-3	11	30.07.2013	1327,199951	1329,599976	1316,199951	1324	44769
34	-13	9	31.07.2013	1325,5	1338,400024	1304,900024	1312,400024	6252
22	-12	7	01.08.2013	1323	1328,5	1306,900024	1311	1562
34	4	7	02.08.2013	1306,699951	1317	1283	1310,599976	1451
21	-9	7	05.08.2013	1311,199951	1318,300049	1297,5	1302,599976	904
27	-20	7	06.08.2013	1303	1305,900024	1279,300049	1283,199951	1314
14	4	7	07.08.2013	1282,5	1288,400024	1274	1286,099976	989
29	27	6	08.08.2013	1283,900024	1312,800049	1283,699951	1310,699951	482
9	-2	6	09.08.2013	1315,099976	1315,800049	1306,699951	1312,900024	449
25	18	6	12.08.2013	1317,199951	1342,400024	1317,199951	1334,699951	312
19	-11	5	13.08.2013	1331,900024	1339,099976	1320,199951	1321,199951	209
19	16	6	14.08.2013	1317,699951	1336,300049	1317,699951	1334	333
50	22	5	15.08.2013	1340,099976	1369,599976	1319,900024	1361,599976	235
18	5	5	16.08.2013	1366,800049	1378,900024	1361	1371,699951	175
20	-13	5	19.08.2013	1379	1384,400024	1363,900024	1366,199951	139
22	18	5	20.08.2013	1355	1377	1355	1373,099976	123
16	-2	5	21.08.2013	1372,5	1377,300049	1360,900024	1370,599976	109
18	9	4	22.08.2013	1362	1380,400024	1362	1371,199951	79
24	19	5	23.08.2013	1376,800049	1398,199951	1373,900024	1395,699951	178
12	-6	5	26.08.2013	1398,599976	1402,800049	1391,300049	1393	203
22	17	6	27.08.2013	1403,800049	1421,099976	1398,699951	1420,599976	397
11	2	6	28.08.2013	1417,300049	1428	1417,300049	1419	489
13	-4	6	29.08.2013	1417,400024	1417,400024	1404,5	1412,900024	375
18	-11	0	30.08.2013	1407,199951	1409,800049	1392,300049	1396,099976	0
32	19	5	03.09.2013	1393	1414,400024	1382,300049	1412	139
26	-23	5	04.09.2013	1413	1413	1387,099976	1389,900024	104
30	-20	4	05.09.2013	1393,5	1397,5	1367,099976	1373,099976	37
21	16	4	06.09.2013	1371	1390,099976	1368,900024	1386,699951	52
3	-3	4	09.09.2013	1389,800049	1389,800049	1386,5	1386,800049	44
20	-13	3	10.09.2013	1377,5	1377,5	1357,599976	1364,099976	21
9	-2	4	11.09.2013	1365,800049	1365,800049	1356,699951	1363,900024	60
38	-30	5	12.09.2013	1360	1360	1322,400024	1330,400024	120
18	-14	4	13.09.2013	1322,900024	1323	1305,300049	1308,400024	38
19	-10	5	16.09.2013	1328,400024	1329,599976	1310,800049	1317,900024	107
4	-4	3	17.09.2013	1313	1313,099976	1309,5	1309,5	24
56	16	3	18.09.2013	1292,099976	1347,699951	1292,099976	1307,800049	29
25	15	4	19.09.2013	1351,9833473039932	1373	1348,284730197684	1367,1685223520537	35
17	-15	1	20.09.2013	1347,5	1347,5	1330,699951	1332,5	2
10	0	4	23.09.2013	1327,099976	1327,800049	1317,599976	1326,900024	78
16	-5	4	24.09.2013	1321,199951	1324,900024	1309,400024	1316	61
13	13	4	25.09.2013	1322,699951	1335,900024	1322,699951	1335,900024	51
15	-12	9	26.09.2013	1335,199951	1338,300049	1323,599976	1323,599976	13170
24	17	8	27.09.2013	1321,5	1343,800049	1319,699951	1338,400024	2990
29	-19	6	30.09.2013	1345,800049	1350,900024	1322	1326,5	597
50	-42	7	01.10.2013	1328	1334	1284,5	1286	815
41	32	5	02.10.2013	1288,5	1321	1280	1320,599976	152
17	5	5	03.10.2013	1312	1319,5	1302,5	1317,400024	217
12	-6	4	04.10.2013	1316,199951	1318,099976	1305,699951	1309,699951	38
14	11	4	07.10.2013	1313,800049	1325,400024	1311,800049	1324,800049	84
9	-2	4	08.10.2013	1326,5	1330	1321,199951	1324,199951	57
24	-11	5	09.10.2013	1317,599976	1319	1295,300049	1306,900024	140
26	-7	4	10.10.2013	1303,400024	1310,800049	1285	1296,599976	89
28	-19	5	11.10.2013	1286,900024	1291,599976	1263,800049	1268	210
12	1	4	14.10.2013	1275,800049	1285,800049	1273,900024	1276,400024	61
30	2	5	15.10.2013	1270,5	1283,599976	1254,099976	1273	208
15	-1	4	16.10.2013	1282,800049	1284	1269,199951	1282	86
16	16	4	17.10.2013	1307	1322,699951	1307	1322,699951	72
13	-4	4	18.10.2013	1318,800049	1326	1312,599976	1314,400024	65
2	-1	3	21.10.2013	1316,800049	1317,699951	1315,699951	1315,699951	23
29	29	4	22.10.2013	1313,900024	1342,599976	1313,900024	1342,5	55
2	2	3	23.10.2013	1331,900024	1333,900024	1331,900024	1333,900024	13
16	16	3	24.10.2013	1334,5	1350,199951	1334,5	1350,199951	18
7	6	3	25.10.2013	1346,199951	1353	1346,199951	1352,400024	23
10	1	3	28.10.2013	1351,400024	1359,199951	1349	1352	23
14	-14	5	29.10.2013	1359,599976	1359,699951	1345,199951	1345,199951	168
20	8	4	30.10.2013	1340,800049	1355,800049	1335,599976	1349	44
12	-10	4	31.10.2013	1334	1334	1321,699951	1323,599976	62
18	-13	3	01.11.2013	1325,699951	1325,699951	1308	1313,099976	21
8	0	4	04.11.2013	1314,599976	1320,5	1312,099976	1314,599976	39
11	-5	5	05.11.2013	1313,300049	1317,5	1306,900024	1308	98
6	4	2	06.11.2013	1313,5	1318,599976	1312,5	1317,699951	11
26	-15	5	07.11.2013	1323,599976	1323,599976	1298	1308,400024	129
27	-24	3	08.11.2013	1308	1308,099976	1281,300049	1284,5	22
1	-1	2	11.11.2013	1281,599976	1281,800049	1281	1281	5
11	-11	1	12.11.2013	1282,300049	1282,300049	1271,099976	1271,099976	3
12	-6	3	13.11.2013	1274	1280,5	1268,300049	1268,300049	17
15	6	3	14.11.2013	1280,199951	1293,300049	1278,099976	1286,199951	29
7	0	3	15.11.2013	1287,699951	1288,5	1281,5	1287,300049	16
13	-12	2	18.11.2013	1284,699951	1284,800049	1272,199951	1272,199951	10
4	-1	2	19.11.2013	1274,199951	1275,199951	1271	1273,400024	10
27	-11	5	20.11.2013	1269	1269	1241,900024	1257,900024	120
11	-2	5	21.11.2013	1245,699951	1247,099976	1236,5	1243,5	90
6	1	4	22.11.2013	1243,199951	1247	1241,400024	1244	77
12	10	3	25.11.2013	1231,099976	1241,099976	1229	1241,099976	19
2	-2	11	26.11.2013	1243	1243	1241,400024	1241,400024	88273
19	-4	11	27.11.2013	1241,599976	1254,800049	1235,5	1237,800049	82331
21	13	9	29.11.2013	1237,800049	1254,5	1233,699951	1250,599976	9203
34	-29	9	02.12.2013	1251,400024	1251,5	1217,800049	1222,300049	4979
10	2	8	03.12.2013	1219,199951	1225,699951	1215,599976	1221,699951	1932
38	23	8	04.12.2013	1225,099976	1250,400024	1212,900024	1248,199951	1823
23	-7	6	05.12.2013	1240	1241,5	1218,599976	1233,199951	446
29	2	7	06.12.2013	1228,699951	1242	1213	1230,300049	1032
14	5	6	09.12.2013	1230,199951	1243,199951	1229	1235,300049	352
28	23	7	10.12.2013	1239	1267	1239	1262,400024	882
10	-3	5	11.12.2013	1261,900024	1261,900024	1252,099976	1258,5	147
30	-28	6	12.12.2013	1253,5	1255,400024	1225,900024	1226	609
17	9	6	13.12.2013	1226,699951	1239	1222,199951	1235,699951	446
22	7	5	16.12.2013	1238,400024	1250,599976	1228,900024	1245,5	242
9	-6	3	17.12.2013	1237	1240,400024	1231,199951	1231,199951	22
28	5	5	18.12.2013	1231,5	1245,099976	1217	1236,099976	114
38	-32	5	19.12.2013	1226,599976	1226,599976	1188,699951	1195	124
17	14	5	20.12.2013	1190,900024	1207,800049	1190,900024	1205,099976	204
9	-7	5	23.12.2013	1205,199951	1205,199951	1195,900024	1198,400024	123
8	5	5	24.12.2013	1199,800049	1205,599976	1197,699951	1205,099976	184
9	7	5	26.12.2013	1207,099976	1215,900024	1207,099976	1214,099976	140
6	3	6	27.12.2013	1213,400024	1218,5	1212,900024	1216,099976	278
21	-12	6	30.12.2013	1215	1215	1194,400024	1203,099976	351
30	6	5	31.12.2013	1196,400024	1212,400024	1182	1201,900024	124
23	21	5	02.01.2014	1204,300049	1227,300049	1204,300049	1225	209
17	17	5	03.01.2014	1221,699951	1239	1221,699951	1238,400024	142
25	5	5	06.01.2014	1232,800049	1247	1221,900024	1237,800049	127
16	-10	4	07.01.2014	1239,300049	1242,400024	1226,300049	1229,400024	73
9	-2	5	08.01.2014	1227,5	1227,5	1218,599976	1225,300049	189
4	4	2	09.01.2014	1225,800049	1229,300049	1225,800049	1229,300049	7
13	12	4	10.01.2014	1235	1246,800049	1234	1246,699951	58
7	0	4	13.01.2014	1250,599976	1252,699951	1245,5	1250,900024	46
9	-6	4	14.01.2014	1251	1251,300049	1242	1245,199951	37
5	-5	4	15.01.2014	1243,099976	1243,199951	1238,099976	1238,099976	68
4	1	4	16.01.2014	1239,300049	1242,800049	1239	1240	48
15	12	5	17.01.2014	1239,699951	1254,300049	1239,699951	1251,699951	101
18	-14	5	21.01.2014	1256,400024	1257,5	1240	1242,300049	224
3	-3	4	22.01.2014	1241,699951	1242	1239	1239	58
29	27	4	23.01.2014	1235,199951	1264,199951	1235,199951	1262,599976	40
11	6	4	24.01.2014	1258,300049	1269,400024	1258,300049	1264,5	38
10	4	5	27.01.2014	1259,800049	1264,400024	1254,400024	1263,599976	92
7	-7	3	28.01.2014	1257,900024	1258,400024	1251	1251	20
0	0	11	29.01.2014	1262,199951	1262,199951	1262,199951	1262,199951	88274
30	-25	11	30.01.2014	1267	1267,699951	1237,5	1242,199951	45276
16	-4	9	31.01.2014	1243,599976	1254,5	1238,400024	1240,099976	5820
25	18	8	03.02.2014	1242,400024	1266,300049	1241,199951	1260,400024	2914
13	-7	7	04.02.2014	1258,400024	1260,699951	1247,800049	1251,699951	1745
21	3	7	05.02.2014	1254	1273,699951	1253,099976	1257,300049	1616
14	0	6	06.02.2014	1258	1267	1253,5	1257,599976	274
14	5	6	07.02.2014	1258,300049	1271,400024	1257,900024	1263,300049	436
12	5	7	10.02.2014	1269,599976	1277,300049	1265,699951	1274,800049	742
18	16	6	11.02.2014	1274	1292	1273,800049	1290,099976	562
11	5	5	12.02.2014	1290,5	1296,199951	1285,5	1295,300049	140
16	7	7	13.02.2014	1293,300049	1303,5	1287,5	1300,400024	877
19	17	6	14.02.2014	1301,699951	1320,699951	1301,699951	1319	308
17	2	6	18.02.2014	1322,900024	1330,599976	1313,900024	1324,699951	373
12	2	5	19.02.2014	1318,300049	1321,599976	1309,099976	1320,599976	193
14	6	5	20.02.2014	1310,699951	1323,5	1309,599976	1317,099976	116
11	4	5	21.02.2014	1320	1328,300049	1317,400024	1323,900024	171
18	14	5	24.02.2014	1324,300049	1339	1321,400024	1338,300049	93
11	7	6	25.02.2014	1336,400024	1343,900024	1333,099976	1343	290
16	-13	6	26.02.2014	1341,199951	1342	1325,599976	1328,199951	485
10	2	6	27.02.2014	1329,300049	1335	1324,599976	1331,599976	369
12	-8	5	28.02.2014	1329,800049	1332,599976	1321,099976	1321,400024	239
21	14	5	03.03.2014	1335,900024	1354,099976	1332,900024	1350,099976	232
18	-13	4	04.03.2014	1350,400024	1350,400024	1332,199951	1337,800049	80
6	5	3	05.03.2014	1334,800049	1341	1334,800049	1340,199951	32
18	14	4	06.03.2014	1338	1351,699951	1333,300049	1351,699951	59
24	-11	5	07.03.2014	1349,5	1352,699951	1329,199951	1338,099976	97
14	5	5	10.03.2014	1336	1344,699951	1330,5	1341,400024	97
14	6	4	11.03.2014	1340	1352,400024	1338,099976	1346,5	53
22	21	4	12.03.2014	1349,099976	1370,5	1348,699951	1370,300049	58
8	5	3	13.03.2014	1366,800049	1374,5	1366,5	1372,199951	23
16	3	5	14.03.2014	1376,099976	1386,599976	1371,099976	1379	91
19	-13	3	17.03.2014	1386,099976	1391,400024	1372,199951	1372,900024	29
8	0	4	18.03.2014	1359,300049	1361,800049	1353,400024	1359	35
25	-16	4	19.03.2014	1357,099976	1358	1332,699951	1341,400024	57
8	-3	4	20.03.2014	1333,699951	1333,699951	1325,800049	1330,5	72
3	-3	1	21.03.2014	1339,099976	1339,099976	1335,800049	1336	3
22	-22	5	24.03.2014	1333	1333	1310,5	1311,199951	103
8	-4	4	25.03.2014	1315,5	1315,5	1307,5	1311,400024	46
12	-12	2	26.03.2014	1315,199951	1315,199951	1303,400024	1303,400024	4
0	0	11	27.03.2014	1294,699951	1294,699951	1294,699951	1294,699951	88258
14	2	11	28.03.2014	1292,199951	1299,400024	1285,900024	1293,800049	65486
16	-11	8	31.03.2014	1294,300049	1298,800049	1282,400024	1283,400024	4121
11	-6	7	01.04.2014	1285,099976	1287,900024	1277,300049	1279,599976	884
14	10	7	02.04.2014	1280,199951	1294,099976	1280,199951	1290,5	1099
11	-6	7	03.04.2014	1290,800049	1293,5	1282,699951	1284,400024	775
22	18	7	04.04.2014	1285,5	1306,099976	1284,400024	1303,199951	976
8	-3	6	07.04.2014	1301,400024	1304	1296,300049	1298	361
18	12	6	08.04.2014	1296,599976	1314,099976	1296,599976	1308,699951	264
12	-4	5	09.04.2014	1309,5	1313,599976	1301,099976	1305,5	191
13	8	5	10.04.2014	1311,800049	1323,800049	1311,199951	1320,099976	127
6	0	4	11.04.2014	1319	1322,800049	1316,300049	1318,699951	76
10	7	6	14.04.2014	1320,099976	1330	1320,099976	1327,199951	328
31	-23	5	15.04.2014	1322,699951	1322,699951	1291,5	1300	238
8	0	5	16.04.2014	1302,699951	1303,5	1295	1303,099976	177
10	-7	5	17.04.2014	1300,099976	1303	1292,5	1293,400024	124
15	-2	5	21.04.2014	1290	1299,199951	1283,800049	1288	100
16	-9	5	22.04.2014	1289,199951	1291,599976	1276	1280,599976	100
5	0	5	23.04.2014	1284,300049	1287,699951	1282,400024	1284,199951	176
26	6	6	24.04.2014	1284,599976	1297,900024	1272,400024	1290,5	522
11	7	6	25.04.2014	1293,800049	1304,599976	1293,800049	1300,699951	274
12	-6	6	28.04.2014	1305,400024	1305,400024	1293	1298,900024	388
11	0	7	29.04.2014	1295,5	1300,5	1289,099976	1296	904
10	0	5	30.04.2014	1296	1296,5	1286,599976	1295,599976	181
11	-6	3	01.05.2014	1288,699951	1288,699951	1278	1283,099976	25
26	26	5	02.05.2014	1276,699951	1302,699951	1276,699951	1302,599976	90
9	3	3	05.05.2014	1305,599976	1314,199951	1305,5	1309	31
2	-1	3	06.05.2014	1309,400024	1309,400024	1306,900024	1308,300049	14
24	-22	3	07.05.2014	1310,300049	1312	1288	1288,599976	21
6	-4	4	08.05.2014	1291,5	1291,5	1285,5	1287,400024	65
0	0	1	09.05.2014	1287,300049	1287,300049	1287,300049	1287,300049	3
15	14	3	12.05.2014	1282,099976	1295,900024	1281,199951	1295,599976	19
4	-1	3	13.05.2014	1295,5	1295,5	1292	1294,599976	20
14	13	3	14.05.2014	1292,800049	1306,900024	1292,800049	1305,699951	25
10	-9	3	15.05.2014	1302,5	1302,5	1292,800049	1293,5	27
0	0	2	16.05.2014	1293,300049	1293,300049	1293,300049	1293,300049	8
0	0	4	19.05.2014	1293,699951	1293,699951	1293,699951	1293,699951	44
4	4	2	20.05.2014	1290,699951	1294,5	1290,099976	1294,5	8
1	1	1	21.05.2014	1287,400024	1288	1287,400024	1288	2
1	1	2	22.05.2014	1294,199951	1295	1294,199951	1294,900024	4
2	-2	1	23.05.2014	1293,199951	1293,400024	1291,599976	1291,599976	3
26	-26	3	27.05.2014	1291,900024	1291,900024	1265,400024	1265,400024	25
0	0	11	28.05.2014	1259,300049	1259,300049	1259,300049	1259,300049	88279
10	-2	11	29.05.2014	1258,300049	1260,599976	1250,900024	1256,300049	38045
18	-10	8	30.05.2014	1255,099976	1259,599976	1241,800049	1245,599976	3839
10	-6	7	02.06.2014	1250	1250,699951	1240,900024	1243,699951	774
7	0	6	03.06.2014	1244,099976	1247,5	1240,5	1244,300049	654
6	-1	6	04.06.2014	1245,099976	1248,800049	1242,699951	1244	604
15	9	7	05.06.2014	1244	1256,599976	1241,199951	1253	1317
10	-1	6	06.06.2014	1253,400024	1256,599976	1246,300049	1252,099976	381
4	1	5	09.06.2014	1252,699951	1256,099976	1252,599976	1253,5	97
11	7	7	10.06.2014	1252,400024	1262,300049	1251	1259,800049	1007
5	1	5	11.06.2014	1259,900024	1264,400024	1259,099976	1260,800049	128
14	14	5	12.06.2014	1260	1274,5	1260	1273,599976	129
3	1	5	13.06.2014	1272,5	1274,699951	1271,300049	1273,699951	145
11	-5	6	16.06.2014	1279,800049	1282,099976	1270,800049	1274,900024	334
12	-1	7	17.06.2014	1272,800049	1272,800049	1260,900024	1271,699951	819
5	2	5	18.06.2014	1269,900024	1272,699951	1267,400024	1272,400024	143
44	36	6	19.06.2014	1277,199951	1321	1277,199951	1313,699951	601
15	-5	6	20.06.2014	1321,400024	1321,400024	1306,800049	1316,199951	254
6	6	5	23.06.2014	1312,300049	1318	1312,300049	1318	142
10	5	5	24.06.2014	1315,599976	1325,599976	1315,599976	1320,900024	223
11	7	6	25.06.2014	1315,300049	1323,400024	1312	1322,199951	294
7	-4	7	26.06.2014	1319,599976	1319,599976	1312,400024	1316,099976	1204
8	2	6	27.06.2014	1317,400024	1320,900024	1313,300049	1319	625
17	6	7	30.06.2014	1315,300049	1328,699951	1311,800049	1321,800049	744
5	0	4	01.07.2014	1326,699951	1331,400024	1326,199951	1326,400024	51
4	4	5	02.07.2014	1326,800049	1330,699951	1326,800049	1330,699951	226
15	-7	4	03.07.2014	1327,300049	1327,699951	1313	1320,400024	40
7	-2	5	07.07.2014	1318,699951	1320,300049	1313,199951	1316,5	93
8	-2	2	08.07.2014	1318,400024	1323,5	1316	1316	6
7	0	3	09.07.2014	1324	1330,400024	1323,800049	1323,800049	16
16	8	3	10.07.2014	1330,5	1343,699951	1328	1338,699951	28
3	-1	5	11.07.2014	1337,900024	1339	1336,199951	1337	112
28	-26	5	14.07.2014	1332,800049	1332,800049	1304,699951	1306,300049	103
18	-10	6	15.07.2014	1307,400024	1311,900024	1294,099976	1296,900024	368
6	1	4	16.07.2014	1298,400024	1303,099976	1296,900024	1299,599976	34
21	14	3	17.07.2014	1303,099976	1323,800049	1303,099976	1316,699951	16
16	-14	3	18.07.2014	1322,699951	1322,699951	1306,199951	1309,199951	27
4	3	3	21.07.2014	1311	1315,5	1311	1313,699951	18
0	0	1	22.07.2014	1306,099976	1306,099976	1306,099976	1306,099976	2
0	0	0	23.07.2014	1304,5	1304,5	1304,5	1304,5	0
7	-7	1	24.07.2014	1297,5	1297,5	1290,599976	1290,599976	1
8	8	2	25.07.2014	1294,800049	1303,099976	1294,800049	1303,099976	8
5	-4	4	28.07.2014	1307,400024	1308	1303,300049	1303,300049	52
13	-13	11	29.07.2014	1310,900024	1310,900024	1298,300049	1298,300049	88306
12	-4	10	30.07.2014	1298,599976	1303	1291	1294,900024	36189
17	-14	9	31.07.2014	1295,099976	1297,300049	1280,599976	1281,300049	5663
17	10	8	01.08.2014	1284,099976	1296,599976	1279,699951	1293,599976	1985
9	-7	7	04.08.2014	1294,400024	1295	1285,900024	1287,699951	917
10	-4	7	05.08.2014	1288	1292,699951	1282,599976	1284	825
21	19	7	06.08.2014	1288,099976	1309	1287,800049	1306,699951	706
11	6	5	07.08.2014	1305,300049	1313,099976	1302,5	1310,800049	225
13	-2	6	08.08.2014	1310,800049	1321,400024	1308	1308,900024	586
4	0	5	11.08.2014	1308,400024	1309,699951	1305,300049	1308,5	194
10	3	6	12.08.2014	1306,199951	1315,800049	1305,800049	1308,800049	438
8	4	5	13.08.2014	1308,800049	1312,800049	1305	1312,800049	238
7	2	6	14.08.2014	1311,800049	1316,400024	1309,699951	1313,900024	320
21	-7	5	15.08.2014	1311,699951	1312,800049	1292	1304,5	199
6	-4	5	18.08.2014	1301,400024	1302,099976	1295,699951	1297,699951	100
8	-4	5	19.08.2014	1298,800049	1301,599976	1294	1295,099976	144
7	-2	6	20.08.2014	1295,400024	1295,800049	1288,400024	1293,400024	332
18	-16	6	21.08.2014	1290	1290	1272	1273,699951	264
5	3	5	22.08.2014	1276	1280	1275	1278,599976	119
4	0	6	25.08.2014	1277,300049	1277,599976	1273,699951	1277,300049	251
8	-6	4	26.08.2014	1289,400024	1289,5	1281,099976	1283,800049	74
1	0	7	27.08.2014	1281,5	1282,300049	1281,5	1281,900024	783
9	4	7	28.08.2014	1284,5	1293,699951	1284,300049	1288,699951	817
5	-4	5	29.08.2014	1289,5	1289,699951	1284,800049	1285,800049	116
24	-21	6	02.09.2014	1284,5	1286,400024	1262,5	1263,699951	280
8	3	6	03.09.2014	1266,300049	1271,099976	1263,099976	1268,900024	279
12	-4	6	04.09.2014	1268,699951	1272,699951	1260,400024	1265,099976	290
5	3	5	05.09.2014	1263,199951	1268,099976	1263,199951	1265,800049	123
16	-16	1	08.09.2014	1268,400024	1268,400024	1252,699951	1252,699951	2
0	0	0	09.09.2014	1246,800049	1246,800049	1246,800049	1246,800049	0
13	-13	5	10.09.2014	1256,699951	1256,699951	1243,5	1243,5	95
0	0	0	11.09.2014	1237,400024	1237,400024	1237,400024	1237,400024	0
3	3	4	12.09.2014	1227	1229,900024	1227	1229,900024	47
8	7	3	15.09.2014	1226,699951	1235	1226,699951	1233,599976	21
3	-3	1	16.09.2014	1238,300049	1238,300049	1235,199951	1235,199951	3
14	-2	2	17.09.2014	1236,199951	1236,199951	1221,900024	1234,400024	10
10	10	2	18.09.2014	1216,199951	1225,699951	1216,199951	1225,699951	5
3	-3	2	19.09.2014	1218,300049	1218,300049	1215,300049	1215,300049	4
4	2	2	22.09.2014	1214,900024	1216,800049	1212,400024	1216,800049	7
0	0	2	23.09.2014	1221	1221	1221	1221	5
2	0	1	24.09.2014	1218,599976	1218,599976	1216,800049	1218,599976	2
12	12	2	25.09.2014	1209,5	1221,199951	1209,5	1221,199951	11
0	0	10	26.09.2014	1214,099976	1214,099976	1214,099976	1214,099976	19497
7	1	9	29.09.2014	1216,300049	1222,199951	1214,800049	1217,5	6344
14	-4	7	30.09.2014	1214,800049	1218,199951	1204	1210,5	680
12	7	5	01.10.2014	1207,699951	1217,800049	1205,5	1214,599976	178
9	-1	5	02.10.2014	1215,300049	1219,5	1210,300049	1214,199951	176
21	-20	6	03.10.2014	1212,400024	1212,400024	1191	1192,199951	499
25	19	6	06.10.2014	1187,699951	1208	1182,800049	1206,699951	415
6	3	6	07.10.2014	1209,099976	1211,699951	1205,300049	1211,699951	272
13	-5	2	08.10.2014	1210,199951	1217,900024	1205,300049	1205,300049	9
5	1	3	09.10.2014	1223,900024	1229	1223,900024	1224,599976	19
6	-2	5	10.10.2014	1223,5	1223,5	1217	1221	186
7	0	5	13.10.2014	1229,800049	1234	1227	1229,300049	103
2	-2	4	14.10.2014	1235,900024	1235,900024	1233,599976	1233,599976	73
3	0	6	15.10.2014	1243,699951	1247	1243,699951	1244,099976	250
6	-2	2	16.10.2014	1242,099976	1243	1236,699951	1240,5	6
6	1	6	17.10.2014	1237,400024	1238,300049	1232,599976	1238,300049	356
9	7	5	20.10.2014	1237,300049	1244	1235,400024	1244	105
0	0	4	21.10.2014	1251	1251	1251	1251	48
0	0	1	22.10.2014	1244,800049	1244,800049	1244,800049	1244,800049	2
1	0	1	23.10.2014	1228	1228,5	1227,900024	1228,5	2
3	2	4	24.10.2014	1229,400024	1232,699951	1229,400024	1231,199951	71
3	-1	6	27.10.2014	1230,199951	1230,199951	1227,300049	1229,099976	282
6	4	4	28.10.2014	1224,900024	1231	1224,699951	1229,199951	46
0	0	6	29.10.2014	1224,300049	1224,300049	1224,300049	1224,300049	631
19	-16	6	30.10.2014	1213,699951	1214,699951	1195,800049	1198,099976	521
38	-28	6	31.10.2014	1199,599976	1199,699951	1161,400024	1171,099976	260
9	3	4	03.11.2014	1166,400024	1172,300049	1163,099976	1169,400024	60
6	0	4	04.11.2014	1166,900024	1171	1165	1167,400024	40
31	-23	5	05.11.2014	1168,099976	1168,699951	1137,800049	1145,400024	157
10	1	5	06.11.2014	1141,099976	1147,5	1137,900024	1142,300049	137
37	30	5	07.11.2014	1139,900024	1169,699951	1133	1169,599976	97
20	-11	4	10.11.2014	1171	1171	1150,699951	1159,599976	40
19	8	3	11.11.2014	1155	1170,5	1151,599976	1162,800049	22
11	-4	3	12.11.2014	1162,5	1168,099976	1157,5	1158,900024	17
10	-3	7	13.11.2014	1163,699951	1164,5	1155	1161,099976	1047
43	30	6	14.11.2014	1155,199951	1191	1148	1185	486
6	0	3	17.11.2014	1183,099976	1186,900024	1180,599976	1183	17
3	0	1	18.11.2014	1197,099976	1197,099976	1193,900024	1196,699951	2
8	-3	3	19.11.2014	1196,5	1198,300049	1190,599976	1193,599976	23
1	-1	1	20.11.2014	1191,800049	1191,900024	1190,699951	1190,699951	3
13	6	3	21.11.2014	1191	1202,400024	1189	1197,5	20
2	-2	3	24.11.2014	1197,699951	1197,900024	1195,5	1195,5	17
0	0	11	25.11.2014	1197,099976	1197,099976	1197,099976	1197,099976	88271
7	-4	11	26.11.2014	1200,5	1201	1193,699951	1196,599976	75297
34	-22	9	28.11.2014	1197	1198,199951	1163,800049	1175,199951	11175
79	58	9	01.12.2014	1160	1220,400024	1141,699951	1218	5524
21	-13	7	02.12.2014	1212,300049	1212,300049	1191,300049	1199,199951	1236
18	10	6	03.12.2014	1198,099976	1213,699951	1196,099976	1208,5	440
11	-1	6	04.12.2014	1208,199951	1213	1201,599976	1207,5	358
19	-13	6	05.12.2014	1203,099976	1206	1186,699951	1190,099976	560
20	4	5	08.12.2014	1190,599976	1207	1187,199951	1194,699951	183
36	30	6	09.12.2014	1202	1238	1202	1231,5	314
8	-2	6	10.12.2014	1231,199951	1234,599976	1226,599976	1228,900024	306
15	-2	6	11.12.2014	1226,599976	1231,199951	1216,199951	1225,099976	264
12	-6	5	12.12.2014	1227,800049	1227,800049	1216,199951	1222	203
25	-16	4	15.12.2014	1223,099976	1223,099976	1198,400024	1207,199951	77
29	-3	5	16.12.2014	1197,199951	1222	1192,699951	1193,900024	223
16	-4	5	17.12.2014	1198,199951	1199,599976	1184	1194,300049	94
18	5	5	18.12.2014	1189,699951	1207,300049	1189,699951	1194,699951	197
5	-2	5	19.12.2014	1198	1200,800049	1195,900024	1195,900024	96
25	-18	5	22.12.2014	1198	1198	1172,699951	1179,699951	223
5	-1	5	23.12.2014	1179,300049	1180,300049	1175	1177,900024	232
6	-4	3	24.12.2014	1177	1179,300049	1173,5	1173,5	23
18	18	5	26.12.2014	1177,199951	1195,300049	1177,199951	1195,300049	124
5	-5	5	29.12.2014	1186,5	1186,5	1181,300049	1181,699951	180
29	19	5	30.12.2014	1181,400024	1210,300049	1181,400024	1200,199951	191
16	-15	5	31.12.2014	1199,199951	1199,199951	1182,699951	1183,900024	92
25	2	5	02.01.2015	1184	1194,5	1169,5	1186	138
27	24	6	05.01.2015	1180,300049	1206,900024	1180,099976	1203,900024	470
16	16	5	06.01.2015	1203,5	1220	1203,5	1219,300049	97
9	-9	3	07.01.2015	1219,199951	1219,199951	1210,599976	1210,599976	29
9	1	5	08.01.2015	1207	1215,699951	1206,300049	1208,400024	92
10	5	4	09.01.2015	1211,099976	1220,199951	1210,300049	1216	43
15	8	5	12.01.2015	1224,199951	1234,400024	1219,099976	1232,699951	100
9	-5	3	13.01.2015	1239,199951	1239,300049	1230,300049	1234,300049	20
18	5	3	14.01.2015	1229,599976	1243,800049	1225,599976	1234,400024	21
38	33	5	15.01.2015	1231,5	1265	1227,300049	1264,699951	130
24	21	4	16.01.2015	1256,099976	1279,699951	1256,099976	1276,900024	44
24	15	5	20.01.2015	1278,900024	1297,300049	1273,800049	1294,199951	157
17	-2	4	21.01.2015	1295,199951	1303,5	1286,699951	1293,699951	78
19	8	5	22.01.2015	1293,199951	1302,099976	1283,5	1300,699951	131
7	-7	3	23.01.2015	1299,800049	1299,800049	1292,599976	1292,599976	23
11	-10	3	26.01.2015	1289,5	1290,599976	1279,400024	1279,400024	26
14	14	3	27.01.2015	1277,199951	1291,699951	1277,199951	1291,699951	20
1	0	11	28.01.2015	1285,900024	1286,800049	1285,900024	1285,900024	88274
34	-29	11	29.01.2015	1283,300049	1285,400024	1251	1254,599976	67983
27	20	9	30.01.2015	1258	1284,300049	1257	1278,5	8626
18	-8	7	02.02.2015	1284,099976	1284,099976	1266	1276,199951	1654
29	-14	8	03.02.2015	1273,5	1284,699951	1255,300049	1259,699951	2380
15	2	7	04.02.2015	1262	1271,599976	1256,800049	1263,800049	668
15	-10	5	05.02.2015	1271,800049	1272,599976	1257,800049	1262	133
40	-31	6	06.02.2015	1265	1267,599976	1228	1233,900024	432
7	3	6	09.02.2015	1237,5	1242,300049	1235,400024	1240,800049	319
14	-6	5	10.02.2015	1237,5	1245	1231,199951	1231,599976	231
18	-14	5	11.02.2015	1233,300049	1237,400024	1219	1219	102
12	2	5	12.02.2015	1217,900024	1229,800049	1217,900024	1220,099976	99
11	4	4	13.02.2015	1222,199951	1232,800049	1222,199951	1226,5	65
31	-20	5	17.02.2015	1227,699951	1234	1203	1208,099976	204
12	-7	5	18.02.2015	1207,099976	1210,199951	1197,800049	1199,699951	147
15	-9	4	19.02.2015	1216,5	1220	1205	1207,099976	65
14	-2	4	20.02.2015	1206,5	1213,099976	1199,099976	1204,400024	51
12	-1	6	23.02.2015	1201,300049	1203,300049	1191,599976	1200,300049	268
10	-6	5	24.02.2015	1203,400024	1203,5	1193,800049	1196,900024	151
4	-3	6	25.02.2015	1204,300049	1204,599976	1201	1201	570
14	5	6	26.02.2015	1204,800049	1219	1204,800049	1209,599976	560
13	5	5	27.02.2015	1207,699951	1217,800049	1204,5	1212,599976	195
18	-7	5	02.03.2015	1214,300049	1222,699951	1204,900024	1207,699951	124
17	2	4	03.03.2015	1201,5	1212	1195	1204	51
9	-4	3	04.03.2015	1204,800049	1206,900024	1198	1200,599976	27
10	-6	3	05.03.2015	1201,699951	1205,400024	1195,900024	1195,900024	29
32	-31	5	06.03.2015	1195	1195,699951	1163,699951	1164,099976	168
8	-3	4	09.03.2015	1169,400024	1174,199951	1166,300049	1166,400024	45
12	-6	5	10.03.2015	1166,400024	1168,400024	1156,5	1160,099976	94
14	-11	4	11.03.2015	1162	1162	1147,699951	1150,699951	74
11	-3	4	12.03.2015	1155,400024	1160,5	1149,699951	1152,099976	63
7	-6	4	13.03.2015	1158,199951	1159,199951	1152,599976	1152,599976	44
12	-6	4	16.03.2015	1159,699951	1162,300049	1150,099976	1153,300049	56
14	-5	4	17.03.2015	1153,599976	1158,199951	1144,300049	1148,300049	71
27	3	5	18.03.2015	1148,699951	1174,300049	1147	1151,400024	112
12	-2	4	19.03.2015	1171,599976	1171,599976	1159,300049	1169,099976	39
14	14	4	20.03.2015	1171	1185,400024	1171	1184,800049	54
7	6	2	23.03.2015	1181,599976	1188	1181,199951	1188	5
7	4	6	24.03.2015	1188	1193	1186	1191,699951	411
7	5	2	25.03.2015	1192,5	1199,199951	1192,5	1197,300049	11
16	7	4	26.03.2015	1198,199951	1213,699951	1198,199951	1205,099976	68
4	3	11	27.03.2015	1197	1199,800049	1196,300049	1199,800049	88322
17	-13	11	30.03.2015	1198	1198,5	1181,599976	1184,800049	37990
12	-3	8	31.03.2015	1185,800049	1190,099976	1178,199951	1183,099976	3409
27	25	7	01.04.2015	1182,900024	1208,199951	1181	1208,099976	1632
11	-3	7	02.04.2015	1204	1205,699951	1194,800049	1200,900024	1684
14	9	6	06.04.2015	1209,900024	1224,199951	1209,900024	1218,599976	343
7	-4	6	07.04.2015	1214,800049	1214,800049	1208,199951	1210,599976	406
14	-6	5	08.04.2015	1208,900024	1211,400024	1197,599976	1203,099976	236
10	-8	6	09.04.2015	1201,699951	1202,5	1193	1193,599976	521
14	9	5	10.04.2015	1195,800049	1209,599976	1195,800049	1204,599976	202
10	-9	6	13.04.2015	1208,099976	1208,099976	1198,300049	1199,300049	424
16	-6	6	14.04.2015	1198,800049	1200,599976	1184,099976	1192,800049	546
14	7	5	15.04.2015	1194,599976	1203,099976	1188,599976	1201,5	196
14	-6	5	16.04.2015	1204,300049	1208,5	1194,599976	1198	199
6	3	3	17.04.2015	1200,199951	1206	1200,199951	1202,900024	21
16	-12	4	20.04.2015	1205,699951	1206,900024	1191	1193,5	67
10	10	4	21.04.2015	1193,199951	1202,900024	1192,800049	1202,900024	33
17	-12	5	22.04.2015	1199,099976	1202,599976	1185,199951	1186,900024	93
11	7	6	23.04.2015	1187,199951	1197	1186,099976	1194,400024	331
20	-17	4	24.04.2015	1192,300049	1194,699951	1174,599976	1175,199951	52
25	21	5	27.04.2015	1182,300049	1206,699951	1181,400024	1203,300049	194
14	14	6	28.04.2015	1199,699951	1214	1199,699951	1214	401
11	-1	5	29.04.2015	1211,199951	1212,599976	1201,900024	1209,800049	114
29	-21	5	30.04.2015	1203,099976	1205,900024	1176,699951	1182,400024	143
8	-4	3	01.05.2015	1178,099976	1178,099976	1170	1174,5	23
12	9	4	04.05.2015	1177,5	1189,400024	1177,5	1186,800049	38
12	6	4	05.05.2015	1187,5	1198,699951	1186,900024	1193,199951	48
5	-4	3	06.05.2015	1194,5	1194,599976	1189,900024	1190,300049	14
6	1	4	07.05.2015	1181,5	1186	1179,699951	1182,400024	44
6	6	4	08.05.2015	1183,300049	1189,099976	1182,900024	1189,099976	51
11	-6	3	11.05.2015	1189,699951	1190,5	1179,300049	1183,199951	26
5	-2	2	12.05.2015	1194,599976	1194,800049	1189,699951	1192,599976	10
27	26	4	13.05.2015	1192,699951	1218,400024	1191	1218,400024	34
11	11	4	14.05.2015	1214,5	1225,599976	1214,5	1225,400024	35
11	7	3	15.05.2015	1218,5	1225,5	1214,800049	1225,5	12
6	3	2	18.05.2015	1224,5	1228,099976	1222,599976	1227,800049	8
18	-17	2	19.05.2015	1223,900024	1223,900024	1206	1206,900024	9
6	4	2	20.05.2015	1205,099976	1210,800049	1205,099976	1208,900024	11
1	0	4	21.05.2015	1204,5	1204,5	1203,699951	1204,400024	43
8	-7	2	22.05.2015	1211,599976	1211,900024	1204,300049	1204,300049	8
8	-6	4	26.05.2015	1193,599976	1193,599976	1186	1187,199951	40
0	0	11	27.05.2015	1185,900024	1185,900024	1185,900024	1185,900024	88294
12	1	11	28.05.2015	1187,099976	1192	1179,599976	1188,099976	52705
8	2	8	29.05.2015	1187,800049	1193,300049	1185,699951	1189,400024	4748
20	-2	7	01.06.2015	1190,599976	1204	1184,300049	1188,300049	1236
8	5	7	02.06.2015	1189	1194,300049	1186	1194,099976	1003
15	-9	6	03.06.2015	1193,900024	1193,900024	1179,099976	1184,699951	630
12	-10	6	04.06.2015	1184,900024	1185,300049	1173	1174,900024	447
13	-9	6	05.06.2015	1176,400024	1177,300049	1164	1167,800049	390
7	4	5	08.06.2015	1169,5	1176,099976	1169,099976	1173,199951	173
8	4	5	09.06.2015	1172,900024	1180,300049	1172,699951	1177,300049	144
14	10	6	10.06.2015	1176,099976	1190,099976	1175,599976	1186,099976	295
9	-3	4	11.06.2015	1183,199951	1183,199951	1174,400024	1179,900024	69
5	-2	5	12.06.2015	1180,400024	1181,199951	1176,199951	1178,800049	141
16	5	5	15.06.2015	1179,900024	1188,5	1172,699951	1185,300049	102
11	-6	3	16.06.2015	1186,5	1186,5	1175,900024	1180,5	29
11	-1	5	17.06.2015	1177,599976	1186,300049	1174,900024	1176,400024	168
19	18	5	18.06.2015	1183,400024	1202	1183,400024	1201,5	130
3	2	5	19.06.2015	1199,699951	1203,099976	1199,699951	1201,5	142
15	-14	3	22.06.2015	1197,800049	1197,800049	1182,699951	1183,699951	30
10	-8	4	23.06.2015	1183,800049	1186	1176,199951	1176,199951	60
6	-4	6	24.06.2015	1176,599976	1176,599976	1170,699951	1172,599976	263
4	-4	5	25.06.2015	1175,800049	1175,900024	1171,5	1171,5	95
2	2	6	26.06.2015	1170,5	1172,900024	1170,5	1172,900024	308
12	-7	5	29.06.2015	1185,099976	1186	1173,800049	1178,5	174
10	-5	5	30.06.2015	1176,300049	1176,400024	1166,599976	1171,5	223
6	-4	6	01.07.2015	1173,099976	1173,099976	1166,599976	1169	455
13	-3	6	02.07.2015	1166,400024	1168,099976	1155,5	1163	316
11	2	6	06.07.2015	1171,099976	1173	1162,199951	1172,900024	634
17	-14	6	07.07.2015	1166,800049	1166,800049	1149,5	1152,400024	469
17	11	4	08.07.2015	1152,599976	1163,300049	1146,400024	1163,300049	65
9	4	4	09.07.2015	1154,800049	1163,599976	1154,800049	1159	65
4	-2	3	10.07.2015	1160,099976	1161,400024	1157,5	1157,699951	27
8	-4	3	13.07.2015	1159	1159	1151,199951	1155,199951	14
4	-4	4	14.07.2015	1157,199951	1157,199951	1153	1153,300049	39
9	-7	3	15.07.2015	1154	1154	1144,800049	1147,199951	15
3	-2	3	16.07.2015	1146,199951	1146,199951	1142,900024	1143,800049	14
14	-12	5	17.07.2015	1144	1144	1130,199951	1131,800049	120
36	-24	5	20.07.2015	1130,400024	1130,699951	1095,099976	1106,699951	189
9	6	5	21.07.2015	1097,099976	1106,400024	1097,099976	1103,400024	118
9	-2	4	22.07.2015	1093	1095	1086	1091,400024	46
10	-3	4	23.07.2015	1097,400024	1097,599976	1087,800049	1094	64
22	7	4	24.07.2015	1078,599976	1100,699951	1078,599976	1085,599976	52
9	-4	3	27.07.2015	1100	1102,5	1093,900024	1096,5	19
1	-1	3	28.07.2015	1097,199951	1097,699951	1096,300049	1096,300049	31
4	-4	11	29.07.2015	1096,400024	1096,900024	1092,699951	1092,699951	88285
16	-8	11	30.07.2015	1096,099976	1097,5	1081	1088,400024	49298
24	7	9	31.07.2015	1087,699951	1102,800049	1079,099976	1094,900024	5700
12	-6	8	03.08.2015	1095,5	1097,099976	1085	1089,400024	2418
13	6	7	04.08.2015	1085,099976	1093,900024	1080,5	1090,699951	1139
8	-1	7	05.08.2015	1086,5	1090,599976	1082,5	1085,699951	1207
9	6	6	06.08.2015	1084,400024	1092,199951	1083,599976	1090,199951	269
17	5	6	07.08.2015	1088,900024	1098,300049	1081,699951	1094,099976	614
18	11	7	10.08.2015	1093,199951	1107,599976	1089,5	1104,199951	900
23	4	7	11.08.2015	1103,800049	1116,699951	1094	1107,599976	997
23	17	7	12.08.2015	1106	1124,5	1101,5	1123,199951	797
11	-9	6	13.08.2015	1124,300049	1124,300049	1113	1115,699951	441
6	-1	7	14.08.2015	1113,900024	1118,800049	1112,5	1112,900024	908
8	5	6	17.08.2015	1113,800049	1122	1113,800049	1118,599976	399
8	-1	6	18.08.2015	1118,199951	1118,400024	1110	1117,099976	475
18	11	6	19.08.2015	1117	1134,300049	1116,800049	1128,099976	348
20	20	6	20.08.2015	1132,800049	1153,300049	1132,800049	1153	409
16	6	6	21.08.2015	1154,099976	1166,5	1150,5	1159,599976	261
22	-11	6	24.08.2015	1164	1169	1147,5	1153,400024	299
22	-13	5	25.08.2015	1151,5	1155,5	1134	1138,199951	217
23	-15	5	26.08.2015	1139,199951	1143	1119,599976	1124,599976	116
9	-5	6	27.08.2015	1127,199951	1127,400024	1118,400024	1122,400024	564
15	8	6	28.08.2015	1125,300049	1139	1123,599976	1133,099976	279
9	0	5	31.08.2015	1131,099976	1134	1124,800049	1131,599976	194
11	5	6	01.09.2015	1133,5	1144,699951	1133,5	1138,699951	375
10	-5	5	02.09.2015	1137,300049	1140,400024	1130,800049	1132,5	201
13	-7	5	03.09.2015	1130,300049	1132,900024	1120,300049	1123,699951	122
9	-3	4	04.09.2015	1123,400024	1125,199951	1116,199951	1120,599976	51
8	1	5	08.09.2015	1119,800049	1124,300049	1116,400024	1120,400024	138
21	-21	5	09.09.2015	1123,5	1123,5	1102,099976	1102,199951	150
8	2	4	10.09.2015	1107,300049	1113,5	1105,5	1109,5	56
14	-7	4	11.09.2015	1110,800049	1111,699951	1098,199951	1103,5	81
4	0	3	14.09.2015	1107,800049	1108,599976	1104,099976	1107,699951	19
2	-2	2	15.09.2015	1104,5	1104,5	1102,800049	1102,800049	8
10	9	3	16.09.2015	1109,800049	1119,900024	1109,800049	1119,199951	31
13	-1	3	17.09.2015	1118,599976	1130,5	1117,099976	1117,300049	14
13	10	4	18.09.2015	1128,300049	1141,199951	1127,800049	1138,099976	59
8	-4	3	21.09.2015	1137,599976	1138,5	1130,800049	1133,099976	17
12	-8	4	22.09.2015	1132,599976	1135	1122,5	1125	43
4	3	4	23.09.2015	1128,599976	1132,199951	1128,300049	1131,599976	33
23	21	4	24.09.2015	1133	1155,900024	1133	1153,800049	37
6	-4	4	25.09.2015	1149,800049	1149,800049	1143,400024	1146	56
1	-1	8	28.09.2015	1133,199951	1133,199951	1132	1132	4346
10	-5	8	29.09.2015	1132,199951	1134,400024	1124,300049	1127,099976	2417
14	-9	7	30.09.2015	1124,300049	1126	1112,099976	1115,5	865
6	-1	7	01.10.2015	1115,199951	1119	1113,300049	1114,199951	1181
35	25	6	02.10.2015	1112,199951	1141,199951	1105,800049	1137,099976	323
9	1	5	05.10.2015	1137,099976	1141,699951	1132,5	1138,099976	226
14	10	5	06.10.2015	1136,300049	1150	1136,300049	1146,800049	145
10	1	5	07.10.2015	1147,599976	1152,900024	1143	1149	104
8	2	5	08.10.2015	1142,699951	1146,699951	1138,699951	1144,699951	138
6	5	3	09.10.2015	1151,599976	1157,199951	1151,599976	1156,300049	22
11	9	4	12.10.2015	1155,900024	1166,800049	1155,900024	1164,900024	40
11	2	5	13.10.2015	1163,5	1166,199951	1154,900024	1165,800049	132
22	8	5	14.10.2015	1172,400024	1189	1167,300049	1180,099976	143
10	4	5	15.10.2015	1184,199951	1188,300049	1177,800049	1187,900024	143
8	1	5	16.10.2015	1182,5	1184,099976	1176,199951	1183,599976	243
8	-3	4	19.10.2015	1176,5	1177,800049	1169,300049	1173,300049	62
10	9	3	20.10.2015	1168,699951	1179,099976	1168,699951	1178	19
12	-8	4	21.10.2015	1175,900024	1176,400024	1164,900024	1167,599976	41
5	0	4	22.10.2015	1166,199951	1168,599976	1163,5	1166,599976	48
15	-3	4	23.10.2015	1166,199951	1178,699951	1163,300049	1163,300049	38
6	2	5	26.10.2015	1165,099976	1170	1163,800049	1167	176
5	2	6	27.10.2015	1164,5	1166,800049	1162	1166,800049	302
8	2	5	28.10.2015	1175,099976	1182,699951	1175,099976	1177,099976	217
17	-11	6	29.10.2015	1158	1162	1144,900024	1147,199951	329
8	-6	6	30.10.2015	1147,5	1147,599976	1139,199951	1141,5	249
6	-2	5	02.11.2015	1137,900024	1138,699951	1132,599976	1135,800049	180
20	-19	5	03.11.2015	1133,300049	1134,699951	1114,199951	1114,199951	185
15	-12	5	04.11.2015	1119	1121,900024	1106,5	1106,5	141
6	-4	4	05.11.2015	1107,900024	1110,699951	1104,400024	1104,400024	84
25	-18	4	06.11.2015	1105,199951	1109,5	1084,800049	1087,599976	78
1	-1	2	09.11.2015	1088,599976	1088,599976	1087,900024	1087,900024	5
6	-2	3	10.11.2015	1090,099976	1091,300049	1085	1088,199951	18
7	-7	3	11.11.2015	1091,400024	1091,400024	1084,199951	1084,699951	15
6	-5	2	12.11.2015	1086	1086,599976	1080,800049	1080,800049	4
5	-2	3	13.11.2015	1083,099976	1085,900024	1080,800049	1080,800049	23
9	-8	2	16.11.2015	1092	1092,400024	1083,699951	1083,699951	11
11	-7	2	17.11.2015	1075,5	1075,800049	1065,099976	1068,699951	6
8	5	2	18.11.2015	1064	1071,900024	1064	1068,800049	5
5	1	2	19.11.2015	1077,400024	1082,400024	1077,400024	1078	10
6	-6	2	20.11.2015	1082,900024	1082,900024	1076,400024	1076,400024	5
5	-3	4	23.11.2015	1070	1071,5	1066,800049	1066,800049	57
6	1	5	24.11.2015	1073,199951	1079,400024	1073,199951	1074,300049	222
4	0	11	25.11.2015	1070,199951	1072	1068,5	1070,5	88476
23	-14	11	27.11.2015	1070,699951	1074,199951	1051,099976	1056,199951	52133
16	9	8	30.11.2015	1056,5	1068,400024	1052,099976	1065,800049	4601
11	-1	8	01.12.2015	1064,599976	1074,599976	1063,400024	1063,800049	3441
20	-14	6	02.12.2015	1068,699951	1069,5	1049,599976	1054,199951	503
18	7	7	03.12.2015	1054,400024	1064,599976	1046,199951	1061,699951	1161
30	22	7	04.12.2015	1063	1088,800049	1058,699951	1084,5	889
19	-8	6	07.12.2015	1084,900024	1086,5	1067,400024	1076,400024	656
9	5	6	08.12.2015	1071	1078,400024	1069,599976	1076,300049	306
15	2	6	09.12.2015	1075,099976	1086	1070,599976	1077,599976	386
5	0	5	10.12.2015	1073	1076,300049	1071,699951	1073,099976	226
15	9	6	11.12.2015	1067,800049	1079,400024	1064,400024	1076,900024	410
17	-9	6	14.12.2015	1074	1076,699951	1060	1064,699951	509
4	-2	5	15.12.2015	1064,599976	1066,199951	1061,800049	1062,900024	220
14	13	4	16.12.2015	1064,800049	1078,699951	1064,300049	1078	81
22	-22	4	17.12.2015	1072,599976	1072,599976	1050,5	1050,800049	56
18	12	6	18.12.2015	1053,699951	1070,300049	1052,699951	1066,199951	253
12	12	3	21.12.2015	1070,199951	1081,900024	1070,199951	1081,900024	26
5	-4	5	22.12.2015	1078,599976	1078,599976	1073,800049	1074,800049	106
5	-5	5	23.12.2015	1074,5	1074,800049	1069,400024	1069,400024	202
4	3	3	24.12.2015	1074,300049	1077,800049	1073,5	1077,199951	24
28	-7	6	28.12.2015	1077,900024	1098,800049	1070,5	1070,5	361
2	-2	6	29.12.2015	1079,099976	1079,699951	1077,5	1077,5	252
10	-8	4	30.12.2015	1068,599976	1070,199951	1059,699951	1060,099976	71
4	-2	2	31.12.2015	1061,900024	1062	1058,5	1060,300049	10
19	12	5	04.01.2016	1063,400024	1082,5	1063,199951	1075,099976	143
6	3	4	05.01.2016	1075,599976	1081,5	1075,300049	1078,400024	82
12	10	4	06.01.2016	1081,599976	1093,699951	1081,599976	1091,900024	52
18	16	5	07.01.2016	1091,599976	1109,400024	1091,599976	1107,699951	122
18	-13	5	08.01.2016	1111,099976	1111,099976	1093	1097,800049	98
11	-9	4	11.01.2016	1105,699951	1107,900024	1096,5	1096,5	43
14	-8	4	12.01.2016	1093,800049	1098,5	1084	1085,599976	87
12	6	4	13.01.2016	1081,5	1093,900024	1081,5	1087,5	50
18	-18	4	14.01.2016	1091,5	1091,5	1073,699951	1073,900024	59
14	6	4	15.01.2016	1085	1095,800049	1081,800049	1091,5	44
10	0	3	19.01.2016	1089,800049	1094,400024	1084,900024	1089,900024	17
10	7	3	20.01.2016	1099,800049	1109,800049	1099,800049	1107,099976	30
10	-4	3	21.01.2016	1103,599976	1103,599976	1094,099976	1099,099976	16
6	-1	2	22.01.2016	1098	1103,199951	1097,199951	1097,199951	4
10	7	2	25.01.2016	1099,300049	1109,300049	1099,300049	1106,199951	8
7	7	5	26.01.2016	1115,099976	1121,699951	1114,300049	1121,699951	181
2	-2	11	27.01.2016	1117,800049	1117,800049	1115,800049	1116,099976	88435
16	-10	11	28.01.2016	1125,400024	1125,699951	1109,800049	1115,599976	52861
10	2	9	29.01.2016	1114,400024	1118,599976	1108,800049	1116,400024	6955
15	11	7	01.02.2016	1116,699951	1130	1115,300049	1127,900024	1682
8	-1	7	02.02.2016	1128,300049	1131,400024	1123	1127,300049	1230
21	13	7	03.02.2016	1128,5	1146	1125	1141,300049	1630
17	15	7	04.02.2016	1142,5	1157,599976	1141	1157,599976	771
29	2	7	05.02.2016	1155,599976	1174,800049	1146	1157,800049	877
35	24	7	08.02.2016	1173,5	1200,400024	1165	1197,900024	931
12	10	7	09.02.2016	1188,699951	1199,199951	1186,699951	1198,699951	700
16	5	7	10.02.2016	1189,800049	1197,699951	1182,099976	1194,699951	671
47	42	7	11.02.2016	1205,599976	1252,0767293395718	1204,599976	1247,900024	995
14	-9	6	12.02.2016	1247,800049	1247,800049	1233,5	1239,099976	250
40	-25	6	16.02.2016	1233,099976	1233,599976	1193,599976	1207,900024	422
16	15	4	17.02.2016	1196,5	1212,900024	1196,5	1211,099976	53
38	16	6	18.02.2016	1209,599976	1239,199951	1201,599976	1226,099976	315
11	0	4	19.02.2016	1230,800049	1232,800049	1221,800049	1230,400024	76
23	-17	6	22.02.2016	1226,099976	1226,099976	1203	1209,5	280
19	15	6	23.02.2016	1207,400024	1226,099976	1207,400024	1222,300049	351
20	9	5	24.02.2016	1230	1250,099976	1230	1238,699951	111
6	-1	7	25.02.2016	1239,400024	1241,5	1235	1238,199951	1349
27	-13	6	26.02.2016	1232,400024	1239,099976	1212,199951	1219,800049	656
22	15	6	29.02.2016	1218,599976	1241	1218,599976	1233,900024	580
19	-10	6	01.03.2016	1240,5	1248,400024	1229	1230,300049	477
17	8	6	02.03.2016	1232,800049	1242,599976	1226	1241,099976	267
30	19	5	03.03.2016	1238,400024	1267,900024	1238	1257,400024	123
29	7	6	04.03.2016	1263	1279,900024	1250,900024	1269,900024	268
13	3	4	07.03.2016	1259,800049	1272,300049	1259,699951	1263,199951	67
15	-7	4	08.03.2016	1268,699951	1276,300049	1261	1262,099976	43
15	2	4	09.03.2016	1254,5	1260	1244,800049	1256,599976	79
36	22	5	10.03.2016	1250	1273	1237,5	1272	119
31	-11	4	11.03.2016	1270	1280,699951	1249,400024	1258,699951	87
24	-12	4	14.03.2016	1256	1258	1234,5	1244,400024	58
8	2	4	15.03.2016	1228,300049	1236	1228	1230,400024	37
35	0	4	16.03.2016	1229,5	1263,800049	1228,900024	1229,300049	45
14	3	3	17.03.2016	1261,5	1270,099976	1255,900024	1264,5	27
13	-3	6	18.03.2016	1257,099976	1264,400024	1251,5	1253,800049	542
13	-12	7	21.03.2016	1256,199951	1256,199951	1243,400024	1243,800049	1061
9	4	3	22.03.2016	1244	1252,400024	1243,800049	1248,199951	20
29	-24	3	23.03.2016	1247,699951	1247,699951	1218,599976	1223,699951	28
7	7	3	24.03.2016	1214,199951	1221,400024	1214,199951	1221,400024	13
12	8	4	28.03.2016	1211,5	1222,199951	1210	1219,900024	33
18	18	11	29.03.2016	1217,800049	1235,599976	1217,699951	1235,599976	88287
22	-14	11	30.03.2016	1241,400024	1245	1223,400024	1226,900024	48248
15	9	8	31.03.2016	1225,599976	1239,599976	1224,5	1234,199951	3377
26	-10	7	01.04.2016	1232,300049	1235,199951	1209,199951	1222,199951	1602
7	-4	8	04.04.2016	1221,699951	1222,300049	1215	1218	2038
21	13	6	05.04.2016	1215,400024	1236,699951	1215,400024	1228,400024	477
13	-8	6	06.04.2016	1230,400024	1230,400024	1217,599976	1222,5	248
18	11	6	07.04.2016	1224,800049	1242,900024	1224,599976	1236,199951	375
11	2	6	08.04.2016	1241	1242,800049	1232	1242,5	409
17	15	6	11.04.2016	1241,5	1258,699951	1241,5	1256,699951	437
8	-1	5	12.04.2016	1260	1261,699951	1253,699951	1259,400024	185
16	-10	5	13.04.2016	1256,5	1256,900024	1241,300049	1246,800049	203
19	-6	6	14.04.2016	1231,400024	1243,699951	1224,5	1225	264
9	7	5	15.04.2016	1225,699951	1235	1225,699951	1233,099976	97
9	-5	6	18.04.2016	1238,699951	1241,099976	1232,199951	1233,599976	304
27	21	6	19.04.2016	1231,599976	1256,199951	1228,800049	1253	386
13	-3	5	20.04.2016	1256,099976	1256,099976	1243	1253,199951	180
23	1	5	21.04.2016	1247,699951	1270,599976	1247,599976	1249	124
20	-20	5	22.04.2016	1248,5	1248,5	1228	1228,699951	188
9	7	6	25.04.2016	1231,599976	1240,900024	1231,599976	1238,900024	442
11	2	5	26.04.2016	1239,800049	1244,199951	1233	1242,199951	97
1	1	6	27.04.2016	1248,599976	1249,5	1248,599976	1249,199951	547
32	20	7	28.04.2016	1245,900024	1270,099976	1238,5	1265,5	887
28	22	6	29.04.2016	1267,300049	1295,5	1267,199951	1289,199951	464
14	3	5	02.05.2016	1292,099976	1304,400024	1290,400024	1294,699951	192
17	-2	5	03.05.2016	1292,699951	1301,5	1284,5	1290,699951	151
17	-14	5	04.05.2016	1286,900024	1290	1273	1273,300049	109
15	-12	6	05.05.2016	1282,900024	1286	1270,800049	1271,400024	330
19	14	6	06.05.2016	1278,599976	1295,599976	1276,900024	1292,900024	305
24	-21	6	09.05.2016	1286,5	1286,5	1262,300049	1265,599976	341
9	-1	3	10.05.2016	1265,099976	1267,400024	1258,699951	1263,900024	23
12	8	4	11.05.2016	1266,900024	1279,199951	1266,900024	1274,599976	50
17	3	5	12.05.2016	1267	1281,199951	1264	1270,300049	101
11	0	4	13.05.2016	1271,400024	1275,699951	1264,599976	1271,900024	66
15	1	4	16.05.2016	1272,800049	1287,800049	1272,800049	1273,400024	44
11	4	3	17.05.2016	1272,5	1281,599976	1270,800049	1276,199951	16
20	-3	3	18.05.2016	1276,400024	1276,400024	1256,800049	1273,699951	17
8	6	4	19.05.2016	1248	1255,5	1247,5	1254,199951	69
4	-4	4	20.05.2016	1256,599976	1256,599976	1252,400024	1252,400024	44
4	0	4	23.05.2016	1251,599976	1251,599976	1247,5	1251,099976	56
12	-11	3	24.05.2016	1240	1240	1228,199951	1228,900024	20
5	4	2	25.05.2016	1219,300049	1223,5	1218,599976	1223,5	5
12	-12	11	26.05.2016	1232,599976	1232,599976	1220,099976	1220,099976	88259
17	-6	11	27.05.2016	1220,300049	1223,199951	1206,400024	1213,800049	63739
19	2	9	31.05.2016	1212,5	1217,599976	1199	1214,800049	6432
14	-4	8	01.06.2016	1215,699951	1219,800049	1205,400024	1211,900024	2717
7	-3	7	02.06.2016	1212,400024	1217	1209,599976	1209,800049	1627
38	31	7	03.06.2016	1209,099976	1244,5	1206,400024	1240,099976	1622
7	0	7	06.06.2016	1244,400024	1247,300049	1240	1244,599976	1135
8	0	6	07.06.2016	1244	1244,900024	1236,5	1244,400024	281
17	12	6	08.06.2016	1247,599976	1264	1247,300049	1259,800049	406
13	8	6	09.06.2016	1262,5	1271,400024	1258,099976	1270,199951	381
13	6	6	10.06.2016	1267,599976	1278	1265,300049	1273,400024	397
14	8	6	13.06.2016	1276,199951	1287,300049	1273	1284,400024	328
12	4	6	14.06.2016	1281,800049	1289,699951	1277,800049	1285,599976	554
17	1	5	15.06.2016	1284,599976	1296,199951	1278,800049	1285,800049	162
35	0	6	16.06.2016	1296,300049	1316,400024	1281,099976	1296,099976	251
20	12	5	17.06.2016	1280,300049	1300,099976	1280,300049	1292,5	129
11	1	5	20.06.2016	1288,900024	1291,199951	1280,300049	1290	153
28	-23	5	21.06.2016	1293,900024	1293,900024	1266,300049	1270,5	134
4	1	4	22.06.2016	1267	1269,199951	1264,900024	1268	53
15	-2	5	23.06.2016	1263,400024	1270,5	1255,199951	1261,199951	218
71	66	7	24.06.2016	1253,699951	1324,8767783395717	1253,699951	1320	694
22	9	5	27.06.2016	1313,5833223039933	1331,699951	1309,884705197684	1322,5	92
2	0	7	28.06.2016	1314,800049	1315,599976	1314,099976	1315,300049	1072
16	12	6	29.06.2016	1311,599976	1327,400024	1311,599976	1323,900024	414
9	3	6	30.06.2016	1315,800049	1323,5	1314,5	1318,400024	560
22	12	5	01.07.2016	1324,5	1344,199951	1321,900024	1336,699951	137
17	14	5	05.07.2016	1342,199951	1356,800049	1339,699951	1356,400024	90
16	6	5	06.07.2016	1359	1374,900024	1359	1364,900024	130
18	-7	5	07.07.2016	1366,800049	1368,599976	1350,5	1360,099976	207
31	-5	6	08.07.2016	1361,300049	1365,800049	1335	1356,599976	249
19	-17	3	11.07.2016	1371,699951	1371,800049	1353	1355	26
26	-20	6	12.07.2016	1353,599976	1356	1330,300049	1334,099976	252
6	1	2	13.07.2016	1341,5	1342,400024	1336,699951	1342,400024	7
19	-10	3	14.07.2016	1341,400024	1341,400024	1322,699951	1331,300049	20
11	-7	4	15.07.2016	1333,699951	1333,699951	1322,900024	1326,5	52
9	1	4	18.07.2016	1327,5	1335	1326,199951	1328,400024	54
7	3	6	19.07.2016	1328,5	1333,199951	1326,400024	1331,5	322
22	-12	7	20.07.2016	1331	1337,5	1315,5	1318,800049	751
18	18	6	21.07.2016	1312,800049	1330,5	1312,800049	1330,5	318
10	-8	4	22.07.2016	1330,699951	1330,699951	1320,400024	1323,099976	55
6	4	6	25.07.2016	1315,699951	1319,300049	1313,800049	1319,300049	548
6	6	4	26.07.2016	1315,199951	1320,699951	1315,199951	1320,699951	63
1	1	11	27.07.2016	1326	1326,599976	1326	1326,599976	88317
14	-7	11	28.07.2016	1339,5	1344,300049	1330,099976	1332,300049	56908
28	16	9	29.07.2016	1333,199951	1353,300049	1325,800049	1349	6076
8	3	7	01.08.2016	1348,800049	1353,5	1345,599976	1351,400024	1257
19	12	8	02.08.2016	1352,099976	1366	1346,599976	1364,400024	2941
11	-6	7	03.08.2016	1362,400024	1364,699951	1353,300049	1356,099976	715
15	4	6	04.08.2016	1354,400024	1361,599976	1347	1358,800049	381
27	-21	7	05.08.2016	1357,599976	1360,800049	1333,699951	1336,400024	1107
8	3	6	08.08.2016	1330	1335,400024	1327,800049	1333,400024	587
11	7	6	09.08.2016	1331,800049	1339,400024	1328,5	1339	620
10	0	5	10.08.2016	1344,800049	1354,199951	1344,300049	1344,300049	110
16	1	7	11.08.2016	1341,599976	1350,400024	1334,800049	1342,5	666
19	-1	5	12.08.2016	1336,800049	1351,800049	1333,199951	1335,800049	113
7	4	4	15.08.2016	1336,5	1340,599976	1333,599976	1340,300049	62
14	8	6	16.08.2016	1342,199951	1355	1341	1350,5	338
9	-3	5	17.08.2016	1345,5	1347,300049	1338,599976	1342,699951	135
6	0	5	18.08.2016	1351,300049	1354,400024	1348,199951	1351,199951	140
12	-10	5	19.08.2016	1350,099976	1350,099976	1338,599976	1340,400024	197
4	3	5	22.08.2016	1334,400024	1337,699951	1333,300049	1337,699951	117
7	4	6	23.08.2016	1337	1341,199951	1334,300049	1340,599976	551
14	-13	6	24.08.2016	1337,199951	1337,199951	1322,900024	1324,400024	262
7	-1	4	25.08.2016	1321,400024	1324	1317	1320,099976	58
20	-2	5	26.08.2016	1323,800049	1340,5	1320,099976	1321,5	141
8	8	6	29.08.2016	1315	1323	1315	1322,900024	437
14	-10	7	30.08.2016	1322	1322,099976	1308	1311,699951	705
7	-3	5	31.08.2016	1310,300049	1313,699951	1306,300049	1306,900024	214
12	7	5	01.09.2016	1305,300049	1313,099976	1301,5	1312,199951	225
18	12	4	02.09.2016	1309,599976	1326,699951	1309,199951	1322,099976	55
26	26	4	06.09.2016	1323,300049	1349,400024	1323,199951	1349,400024	46
7	-4	3	07.09.2016	1348,400024	1350,5	1343,900024	1344,300049	14
10	-8	3	08.09.2016	1344,800049	1345,400024	1335,699951	1336,800049	30
10	-8	4	09.09.2016	1338,5	1338,5	1328	1330,099976	35
9	-6	5	12.09.2016	1327	1329,300049	1319,900024	1321	177
10	-6	4	13.09.2016	1324,599976	1324,599976	1315	1319	79
3	2	4	14.09.2016	1319,199951	1322,300049	1319,199951	1321,5	73
10	-7	4	15.09.2016	1320,699951	1320,699951	1310,800049	1313,5	37
7	-6	2	16.09.2016	1312,199951	1312,599976	1305,800049	1305,800049	4
0	0	3	19.09.2016	1313,5	1313,5	1313,5	1313,5	20
0	0	5	20.09.2016	1313,699951	1313,699951	1313,699951	1313,699951	97
3	1	4	21.09.2016	1326,300049	1326,900024	1324	1326,900024	76
2	2	3	22.09.2016	1338,599976	1340,400024	1338,199951	1340,400024	23
0	0	4	23.09.2016	1337,199951	1337,199951	1337,199951	1337,199951	40
7	4	3	26.09.2016	1335,199951	1341,800049	1335,199951	1339,699951	24
3	-2	4	27.09.2016	1328	1328,699951	1325,900024	1325,900024	48
0	0	9	28.09.2016	1319,400024	1319,400024	1319,400024	1319,400024	10551
10	0	9	29.09.2016	1321,199951	1325	1314,699951	1321,699951	6108
15	-7	7	30.09.2016	1320,599976	1327,699951	1312,900024	1313,300049	868
9	-4	6	03.10.2016	1313,5	1316,800049	1308,199951	1309	299
44	-41	8	04.10.2016	1307,599976	1310,199951	1266,300049	1266,300049	1893
13	-7	6	05.10.2016	1272,099976	1274	1261,300049	1265,199951	246
16	-16	5	06.10.2016	1265,300049	1265,300049	1249,800049	1249,800049	114
15	-5	5	07.10.2016	1253,900024	1263,599976	1248,900024	1248,900024	169
6	-6	3	11.10.2016	1258,900024	1258,900024	1253	1253	26
3	-1	5	12.10.2016	1251,699951	1254	1251,099976	1251,099976	127
4	-4	6	13.10.2016	1258,699951	1259	1255	1255	315
3	-1	6	14.10.2016	1253,900024	1253,900024	1250,599976	1253,099976	311
5	4	4	17.10.2016	1249,900024	1255	1249,900024	1254,400024	41
1	0	2	18.10.2016	1260,900024	1261,699951	1260,800049	1260,800049	11
9	5	5	19.10.2016	1262,900024	1271,5	1262,900024	1267,900024	219
5	-4	6	20.10.2016	1270	1270,5	1265,5	1265,599976	415
0	0	5	21.10.2016	1265,900024	1265,900024	1265,900024	1265,900024	224
7	-7	4	24.10.2016	1269,199951	1269,199951	1261,800049	1262	42
10	8	4	25.10.2016	1264,099976	1274,099976	1264,099976	1271,900024	61
9	-9	6	26.10.2016	1274	1274	1264,800049	1264,800049	279
2	-2	6	27.10.2016	1269,400024	1269,400024	1267,900024	1267,900024	338
20	5	6	28.10.2016	1270,300049	1281,5	1262	1275,5	560
5	-5	4	31.10.2016	1276,599976	1276,599976	1271,5	1271,5	58
12	7	4	01.11.2016	1279,300049	1290,699951	1279	1286,400024	49
19	18	3	02.11.2016	1288,300049	1307	1288,300049	1306,800049	30
16	6	4	03.11.2016	1296,400024	1303,099976	1287,300049	1302,099976	73
7	3	2	04.11.2016	1300	1303,300049	1296,699951	1303,300049	11
16	-14	4	07.11.2016	1292	1294,5	1278,300049	1278,300049	34
16	-11	4	08.11.2016	1284,099976	1289,400024	1273,199951	1273,400024	50
49	0	5	09.11.2016	1272,199951	1318,599976	1270	1272,599976	108
34	-9	4	10.11.2016	1274,400024	1287,5	1253,300049	1265,5	63
24	-7	5	14.11.2016	1227,800049	1234,7238156588965	1210,400024	1221,199951	216
4	0	3	15.11.2016	1224,300049	1226	1222,5	1224	20
6	-6	4	16.11.2016	1229,300049	1229,300049	1223	1223,400024	66
14	-8	7	17.11.2016	1224,599976	1225	1211	1216,5	1139
5	-3	6	18.11.2016	1211,900024	1211,900024	1207,199951	1208,5	607
0	0	3	21.11.2016	1209,599976	1209,599976	1209,599976	1209,599976	19
4	1	3	22.11.2016	1210,400024	1211,099976	1207,599976	1211	19
27	-24	6	23.11.2016	1212,800049	1213,800049	1186,800049	1189,099976	309
12	1	3	25.11.2016	1177	1189,300049	1177	1178,199951	14
3	3	11	28.11.2016	1188	1190,599976	1188	1190,599976	88268
15	-5	11	29.11.2016	1193,199951	1194,800049	1179,400024	1187,900024	42124
25	-16	9	30.11.2016	1187,099976	1193,300049	1167,900024	1170,800049	7158
15	-6	7	01.12.2016	1172,699951	1174,599976	1160	1166,900024	1588
11	3	7	02.12.2016	1172,300049	1177,300049	1166,400024	1175,099976	1521
30	-8	6	05.12.2016	1181,800049	1186,699951	1157	1174	358
7	-3	6	06.12.2016	1170,900024	1174,5	1167,099976	1167,599976	652
12	7	5	07.12.2016	1167,699951	1178,5	1166,400024	1175	182
9	-4	6	08.12.2016	1173,800049	1177,800049	1169,099976	1169,800049	322
13	-7	6	09.12.2016	1166,599976	1168,800049	1156	1159,400024	365
11	5	6	12.12.2016	1158,300049	1163,900024	1153	1163,5	331
9	-7	6	13.12.2016	1163,5	1164	1155,400024	1156,699951	637
22	2	6	14.12.2016	1159,800049	1164	1142	1161,300049	487
19	-12	6	15.12.2016	1139,800049	1143,300049	1123,900024	1127,800049	244
14	8	5	16.12.2016	1126,900024	1140,900024	1126,900024	1135,300049	146
3	1	6	19.12.2016	1139,400024	1140,699951	1137,900024	1140,5	249
7	-2	4	20.12.2016	1133,5	1133,5	1126,5	1131,5	46
6	-5	4	21.12.2016	1136,099976	1136,099976	1130	1131,099976	50
4	-2	5	22.12.2016	1131,199951	1132,800049	1128,300049	1128,800049	104
2	1	4	23.12.2016	1130,900024	1132,800049	1130,300049	1131,900024	70
8	3	4	27.12.2016	1134,300049	1142,199951	1134,300049	1137,300049	84
3	-2	7	28.12.2016	1141,199951	1141,199951	1138	1139,400024	1570
15	13	7	29.12.2016	1143,800049	1158,800049	1143,599976	1156,400024	950
12	-12	3	30.12.2016	1162	1162	1150	1150	16
14	5	4	03.01.2017	1155,199951	1160,800049	1146,5	1160,400024	52
9	8	4	04.01.2017	1156,300049	1165	1156,300049	1163,800049	36
12	8	6	05.01.2017	1172	1183,300049	1171,5	1179,699951	500
5	-5	3	06.01.2017	1176,5	1176,5	1171,900024	1171,900024	16
11	10	4	09.01.2017	1173,900024	1183,599976	1173	1183,5	62
7	0	2	10.01.2017	1184,300049	1188,900024	1182,300049	1184,199951	8
20	8	3	11.01.2017	1187,5	1197	1176,5	1195,599976	20
12	6	5	12.01.2017	1192,699951	1204,300049	1192,300049	1198,900024	110
8	0	4	13.01.2017	1195,699951	1196	1187,699951	1195,300049	65
14	6	4	17.01.2017	1205,5	1214,599976	1200,800049	1212	79
12	-2	5	18.01.2017	1213,599976	1214,699951	1203,099976	1211,300049	114
8	0	3	19.01.2017	1200,5	1204	1195,800049	1200,900024	26
9	2	4	20.01.2017	1202,800049	1212,099976	1202,800049	1204,300049	38
5	3	3	23.01.2017	1212	1215	1210	1215	16
11	-9	3	24.01.2017	1219	1219	1207,699951	1210,300049	24
8	-5	6	25.01.2017	1202	1202,800049	1194,900024	1197,300049	403
14	-10	3	26.01.2017	1199,699951	1199,699951	1185,599976	1189,5	19
0	0	11	27.01.2017	1187,900024	1188,300049	1187,900024	1188,099976	88273
11	2	11	30.01.2017	1191,699951	1198,5	1187,099976	1193,199951	50503
21	14	8	31.01.2017	1194,900024	1214,699951	1193,5	1208,599976	3212
14	-6	7	01.02.2017	1211,900024	1211,900024	1197,900024	1205,599976	1145
15	7	7	02.02.2017	1209,699951	1224,199951	1208,900024	1216,699951	1512
14	4	7	03.02.2017	1214,900024	1220,599976	1206,199951	1218,5	865
17	8	7	06.02.2017	1221,900024	1235,400024	1218,5	1230	908
8	0	7	07.02.2017	1234,199951	1236,199951	1228,5	1234,199951	1177
13	6	6	08.02.2017	1232,099976	1243,900024	1231	1237,599976	288
17	-4	7	09.02.2017	1239,400024	1243,5	1226,900024	1235,099976	885
13	7	6	10.02.2017	1227,599976	1234,400024	1221,5	1234,400024	391
12	-6	6	13.02.2017	1230,5	1231,099976	1219	1224,400024	398
11	-2	5	14.02.2017	1225,900024	1233,5	1222,099976	1223,900024	159
14	6	5	15.02.2017	1225,5	1231,699951	1217,300049	1231,699951	175
8	6	4	16.02.2017	1234,5	1240,699951	1233,199951	1240	87
6	-3	6	17.02.2017	1240,699951	1241,199951	1234,800049	1237,599976	301
9	0	5	21.02.2017	1237,300049	1237,5	1228,099976	1237,5	119
7	-4	4	22.02.2017	1236,099976	1238,599976	1231,800049	1232	36
14	14	5	23.02.2017	1236,099976	1250,300049	1236,099976	1250,199951	112
9	7	7	24.02.2017	1250	1258,800049	1250	1256,900024	1264
13	3	6	27.02.2017	1254,699951	1263,099976	1250,400024	1257,400024	544
10	-1	7	28.02.2017	1253,599976	1257,300049	1247,199951	1252,599976	721
12	1	5	01.03.2017	1247,800049	1248,900024	1236,900024	1248,900024	138
17	-15	4	02.03.2017	1247,199951	1247,599976	1230,699951	1231,900024	79
12	-6	5	03.03.2017	1231,699951	1235,199951	1222,900024	1225,5	121
11	-11	3	06.03.2017	1235,199951	1235,199951	1224,5	1224,5	29
12	-9	4	07.03.2017	1224,300049	1225,400024	1213,699951	1215,099976	53
6	-4	3	08.03.2017	1212,199951	1212,199951	1206,699951	1208,5	24
3	-2	4	09.03.2017	1204,5	1205,599976	1202,300049	1202,400024	37
7	4	1	10.03.2017	1196,199951	1203,300049	1196,199951	1200,699951	3
8	-4	4	13.03.2017	1206,199951	1210	1202,300049	1202,400024	35
9	-1	3	14.03.2017	1203,099976	1205,900024	1196,800049	1201,900024	22
24	2	4	15.03.2017	1198,199951	1221,199951	1197,699951	1200,099976	36
9	4	4	16.03.2017	1222,199951	1231,400024	1222,199951	1226,5	47
4	3	3	17.03.2017	1227,099976	1230,900024	1227,099976	1229,800049	26
5	4	3	20.03.2017	1229,300049	1234,400024	1229,300049	1233,599976	23
20	20	2	21.03.2017	1226,400024	1246,099976	1226,400024	1246,099976	11
2	1	1	22.03.2017	1247,900024	1249,5	1247,699951	1249,300049	3
3	0	3	23.03.2017	1246,400024	1247,5	1244,800049	1246,900024	16
1	0	1	24.03.2017	1248	1248,300049	1247,599976	1248,199951	3
4	0	4	27.03.2017	1255,800049	1257,699951	1253,800049	1255,400024	72
1	-1	3	28.03.2017	1255,900024	1255,900024	1255,300049	1255,300049	19
1	1	11	29.03.2017	1252,199951	1253,400024	1252,099976	1253,400024	88273
12	-8	11	30.03.2017	1253,099976	1253,599976	1241,099976	1245	51328
10	5	9	31.03.2017	1242,099976	1248,800049	1238,699951	1247,300049	8223
9	3	7	03.04.2017	1247,5	1252,400024	1243,599976	1250,800049	1160
7	2	7	04.04.2017	1253,099976	1260,300049	1253	1255	724
12	-10	7	05.04.2017	1255,400024	1255,400024	1243	1245,400024	907
8	-6	5	06.04.2017	1256,099976	1257,5	1249	1250,300049	169
20	5	6	07.04.2017	1249,5	1269,099976	1249,5	1254,300049	445
8	-2	5	10.04.2017	1252,699951	1255,199951	1246,800049	1251,099976	182
19	17	6	11.04.2017	1254,5	1273,5	1254,5	1271,199951	401
13	0	6	12.04.2017	1275	1285,099976	1272	1275,300049	492
6	1	7	13.04.2017	1285,300049	1287,599976	1282	1285,900024	915
10	-2	4	17.04.2017	1291,800049	1294,800049	1284,300049	1289,400024	73
13	8	6	18.04.2017	1283,900024	1291,699951	1278,599976	1291,699951	394
14	-7	5	19.04.2017	1288	1288	1274	1281,400024	194
6	2	5	20.04.2017	1279,699951	1281,900024	1276,199951	1281,900024	127
8	8	6	21.04.2017	1279,800049	1287,400024	1279,199951	1287,400024	474
11	1	6	24.04.2017	1275	1276,400024	1265	1275,800049	605
15	-10	6	25.04.2017	1275,599976	1276,900024	1262,099976	1265,599976	356
4	-4	7	26.04.2017	1266	1266	1262,099976	1262,099976	1156
5	-3	5	27.04.2017	1266,699951	1267,199951	1262,199951	1263,699951	206
2	0	4	28.04.2017	1265,900024	1267,199951	1264,699951	1266,099976	85
16	-15	4	01.05.2017	1268,699951	1269,300049	1253,300049	1253,300049	34
5	-1	5	02.05.2017	1256,199951	1256,199951	1251,199951	1255,099976	90
17	-9	5	03.05.2017	1255,099976	1255,800049	1238,699951	1246,400024	195
16	-13	4	04.05.2017	1239,800049	1239,800049	1224,199951	1226,5	72
9	-2	3	05.05.2017	1227	1233,699951	1224,800049	1224,800049	16
10	1	4	08.05.2017	1224	1234	1224	1225,300049	43
12	-12	4	09.05.2017	1226,099976	1226,199951	1214	1214,300049	55
3	-2	3	10.05.2017	1219,800049	1220,199951	1217,300049	1217,300049	23
4	4	3	11.05.2017	1218,5	1222,699951	1218,300049	1222,699951	13
3	-2	3	12.05.2017	1228	1229,5	1226,099976	1226,199951	29
5	1	3	15.05.2017	1227,5	1232,699951	1227,5	1228,599976	13
7	5	3	16.05.2017	1230,400024	1237,300049	1230,400024	1235	20
18	16	3	17.05.2017	1241	1259,199951	1240,699951	1257,5	26
14	-3	4	18.05.2017	1254,800049	1260	1245,800049	1251,699951	43
0	0	3	19.05.2017	1252,699951	1252,699951	1252,699951	1252,699951	14
9	9	3	22.05.2017	1251,699951	1260,699951	1251,699951	1260,699951	14
11	-7	3	23.05.2017	1261,5	1261,599976	1250,599976	1254,800049	20
8	0	3	24.05.2017	1251,900024	1257,800049	1249,699951	1252,400024	14
2	-1	2	25.05.2017	1257,099976	1258,300049	1255,800049	1255,800049	11
0	0	11	26.05.2017	1267,599976	1267,599976	1267,599976	1267,599976	88265
12	-5	12	30.05.2017	1267,400024	1270	1258,400024	1262,099976	129819
15	10	11	31.05.2017	1262,400024	1273,199951	1258,5	1272	41572
8	-1	7	01.06.2017	1268	1269,199951	1260,800049	1267	825
20	12	7	02.06.2017	1265,199951	1279	1259	1276,800049	1732
5	0	6	05.06.2017	1279,199951	1282	1277	1279,300049	433
16	15	7	06.06.2017	1279,400024	1295,199951	1279,400024	1294,400024	942
9	-2	6	07.06.2017	1291,599976	1293,099976	1284,300049	1290,099976	641
20	-9	6	08.06.2017	1285,400024	1287,599976	1268,099976	1276,300049	319
13	-9	6	09.06.2017	1277,900024	1277,900024	1264,599976	1268,5	467
6	0	6	12.06.2017	1266,400024	1269,300049	1263,199951	1266,099976	255
7	2	5	13.06.2017	1264,099976	1266,900024	1259,699951	1265,800049	150
21	3	6	14.06.2017	1269,400024	1278	1256,800049	1272,800049	336
14	-11	7	15.06.2017	1263,199951	1264,199951	1250,300049	1252,199951	743
4	1	4	16.06.2017	1252,800049	1255,300049	1251,300049	1254	34
10	-8	5	19.06.2017	1252,099976	1252,199951	1241,900024	1244,199951	108
5	-1	4	20.06.2017	1242,199951	1245,5	1240,5	1241	75
5	-1	5	21.06.2017	1244,099976	1245	1240	1243,400024	205
6	-3	5	22.06.2017	1251	1252,699951	1246,300049	1247,599976	156
24	6	6	23.06.2017	1250	1273,599976	1249,800049	1256,199951	269
19	-14	5	26.06.2017	1260,199951	1260,199951	1241,599976	1246,300049	194
6	-5	5	27.06.2017	1251,599976	1251,800049	1245,900024	1246,400024	111
0	0	6	28.06.2017	1248,5	1248,5	1248	1248	370
13	-4	6	29.06.2017	1248,199951	1250,699951	1238,099976	1244,199951	540
5	-3	4	30.06.2017	1243,699951	1243,699951	1239,099976	1240,699951	43
18	-18	4	03.07.2017	1236	1236	1217,900024	1217,900024	33
8	-2	4	05.07.2017	1222,5	1225	1217,099976	1220,400024	40
3	-3	2	06.07.2017	1225,099976	1225,099976	1222,199951	1222,199951	5
12	-10	5	07.07.2017	1219,099976	1220,400024	1208,599976	1208,599976	116
2	1	3	10.07.2017	1211,400024	1212,099976	1209,599976	1212,099976	28
6	5	3	11.07.2017	1208,699951	1214,900024	1208,699951	1213,599976	12
2	0	2	12.07.2017	1218,300049	1219,400024	1217,900024	1218,099976	7
5	-5	2	13.07.2017	1221,400024	1221,400024	1216,300049	1216,300049	7
13	12	3	14.07.2017	1214,900024	1227,5	1214,800049	1226,599976	23
4	3	2	17.07.2017	1229,900024	1233,400024	1229,900024	1232,800049	7
5	5	3	18.07.2017	1236,199951	1241,199951	1236,199951	1241,099976	29
1	1	1	19.07.2017	1240,400024	1241,199951	1240,099976	1241,199951	3
8	8	2	20.07.2017	1236,599976	1244,800049	1236,599976	1244,800049	5
4	4	3	21.07.2017	1250,699951	1254,300049	1250,5	1254,300049	16
2	-2	2	24.07.2017	1256	1256	1253,900024	1253,900024	8
4	-1	3	25.07.2017	1252,699951	1253,599976	1249,199951	1251,699951	18
4	4	2	26.07.2017	1244,800049	1249	1244,800049	1249	7
0	0	11	27.07.2017	1259,599976	1259,599976	1259,599976	1259,599976	88261
13	10	11	28.07.2017	1258,400024	1270	1256,900024	1268,400024	64180
5	-2	9	31.07.2017	1268,900024	1270,800049	1265,800049	1266,599976	7780
11	4	7	01.08.2017	1268,400024	1273,300049	1262	1272,599976	1061
9	3	6	02.08.2017	1268,5	1272,099976	1262,900024	1271,800049	393
13	2	7	03.08.2017	1265,900024	1269,800049	1256,599976	1267,800049	878
16	-11	6	04.08.2017	1269	1269,599976	1253,900024	1258,300049	521
4	0	6	07.08.2017	1258,699951	1259,099976	1255,300049	1258,199951	260
13	0	6	08.08.2017	1256,900024	1264,099976	1251,400024	1256,400024	555
18	13	6	09.08.2017	1260,199951	1277,800049	1260,199951	1273	574
12	7	6	10.08.2017	1276,599976	1287,400024	1274,900024	1283,699951	608
9	1	5	11.08.2017	1286,300049	1291,099976	1282	1287,699951	139
10	-4	6	14.08.2017	1288,400024	1288,400024	1278,800049	1284,199951	338
13	-7	5	15.08.2017	1280,5	1280,5	1267,400024	1273,699951	188
13	6	5	16.08.2017	1271,300049	1282,599976	1269,400024	1276,900024	110
5	3	4	17.08.2017	1283,800049	1288,5	1283,199951	1286,400024	43
16	-3	6	18.08.2017	1288,599976	1300,699951	1284,300049	1285,699951	358
6	6	3	21.08.2017	1285,199951	1290,800049	1284,699951	1290,800049	18
5	-2	5	22.08.2017	1287,199951	1288,400024	1283,199951	1285,099976	100
2	0	6	23.08.2017	1289,400024	1289,400024	1286,900024	1288,900024	250
5	-2	6	24.08.2017	1288,699951	1288,699951	1284	1286,5	550
12	7	6	25.08.2017	1285,400024	1292,699951	1280,300049	1292,5	280
18	16	5	28.08.2017	1293,5	1311,300049	1293,5	1309,699951	145
11	-6	7	29.08.2017	1318,800049	1323,800049	1313,099976	1313,099976	1178
8	0	7	30.08.2017	1308,199951	1312,5	1304,900024	1308,099976	1178
21	10	6	31.08.2017	1306,599976	1322,300049	1301,699951	1316,199951	373
11	4	6	01.09.2017	1320,199951	1327,699951	1316,900024	1324,5	313
11	4	4	05.09.2017	1335,199951	1339,199951	1328,599976	1339,199951	39
8	-6	3	06.09.2017	1340	1340,300049	1332,599976	1333,900024	20
13	9	3	07.09.2017	1336,400024	1349	1336,400024	1345,099976	26
10	-5	4	08.09.2017	1351	1355,800049	1345,599976	1346	37
4	0	2	11.09.2017	1331	1331	1327,300049	1331	9
3	1	3	12.09.2017	1327	1328	1325,199951	1328	15
0	0	3	13.09.2017	1323,400024	1323,400024	1323,400024	1323,400024	16
10	5	6	14.09.2017	1319,599976	1329,300049	1319,599976	1324,699951	316
1	0	3	15.09.2017	1320,599976	1321,199951	1319,800049	1320,400024	15
4	-4	5	18.09.2017	1309,800049	1310,400024	1306	1306,300049	129
5	-2	3	19.09.2017	1307,900024	1310,300049	1305,099976	1306,199951	20
13	0	3	20.09.2017	1312	1312	1298,699951	1312	12
14	-8	6	21.09.2017	1299,099976	1304,099976	1290,300049	1290,599976	336
2	-2	5	22.09.2017	1295	1295,699951	1293,300049	1293,300049	209
18	14	4	25.09.2017	1293,099976	1309,199951	1291	1306,800049	51
9	-8	4	26.09.2017	1304,5	1305,599976	1297	1297	39
0	0	10	27.09.2017	1283,400024	1283,400024	1283,400024	1283,400024	19488
11	2	9	28.09.2017	1283,099976	1288	1277	1285,5	5226
8	-3	6	29.09.2017	1284,199951	1289,400024	1281,5	1281,5	492
6	-2	5	02.10.2017	1275	1276,099976	1270,400024	1272,699951	136
5	2	5	03.10.2017	1269,699951	1273,300049	1268,599976	1271,5	192
11	0	5	04.10.2017	1273,800049	1280,800049	1270	1273,699951	218
10	-8	4	05.10.2017	1277,800049	1277,800049	1267,599976	1269,900024	36
12	4	4	06.10.2017	1267,599976	1272	1260,5	1271,599976	46
5	1	3	09.10.2017	1280,599976	1284	1279	1281,800049	19
11	8	3	10.10.2017	1282,599976	1293	1281,699951	1290,599976	18
7	-2	3	11.10.2017	1287,300049	1292	1284,900024	1285,800049	21
5	2	3	12.10.2017	1291,5	1294,5	1289,300049	1293,300049	14
10	8	4	13.10.2017	1293,300049	1301,699951	1291,699951	1301,5	74
12	-2	5	16.10.2017	1302	1303,800049	1291,900024	1299,900024	173
12	-12	6	17.10.2017	1295,099976	1295,099976	1283	1283	571
0	0	5	18.10.2017	1279,900024	1279,900024	1279,900024	1279,900024	163
2	0	5	19.10.2017	1286,400024	1286,900024	1285,099976	1286,900024	134
2	-2	6	20.10.2017	1279,599976	1279,599976	1277,400024	1277,400024	304
9	3	5	23.10.2017	1274,699951	1280,800049	1271,5	1277,699951	115
2	0	5	24.10.2017	1275,5	1275,5	1273,699951	1275	111
6	6	5	25.10.2017	1269,900024	1275,400024	1269,900024	1275,400024	105
9	-7	4	26.10.2017	1273,5	1273,5	1264,699951	1266,300049	39
1	0	6	27.10.2017	1268,400024	1268,5	1267,099976	1268,5	567
6	4	5	30.10.2017	1270	1274,099976	1267,900024	1274,099976	222
8	-6	5	31.10.2017	1273,099976	1274,599976	1266,099976	1267	235
4	2	4	01.11.2017	1272,199951	1274,800049	1270,300049	1274,099976	78
0	0	4	02.11.2017	1274,900024	1274,900024	1274,900024	1274,900024	70
3	1	4	03.11.2017	1265,300049	1267,900024	1265,300049	1266,5	75
12	10	5	06.11.2017	1269	1280,5	1269	1279,400024	128
6	-3	2	07.11.2017	1276,800049	1276,800049	1270,400024	1273,699951	11
10	6	3	08.11.2017	1275,900024	1284,900024	1274,699951	1281,599976	15
7	6	3	09.11.2017	1279,699951	1286,900024	1279,699951	1285,599976	18
11	-11	2	10.11.2017	1283,5	1283,5	1272,400024	1272,400024	10
0	0	1	13.11.2017	1277,300049	1277,300049	1277	1277,300049	3
5	5	2	14.11.2017	1276,900024	1281,5	1276,900024	1281,5	4
9	-5	3	15.11.2017	1281,400024	1284,699951	1275,900024	1276,5	13
0	0	4	16.11.2017	1277,5	1277,5	1277,400024	1277,400024	43
8	8	1	17.11.2017	1288,300049	1295,800049	1288,300049	1295,800049	1
1	0	1	20.11.2017	1274,599976	1275,900024	1274,599976	1274,599976	1
0	0	2	21.11.2017	1281,099976	1281,099976	1281,099976	1281,099976	4
9	7	2	22.11.2017	1284,699951	1291,599976	1282,900024	1291,599976	4
0	0	0	24.11.2017	1286,699951	1286,699951	1286,699951	1286,699951	0
0	0	1	27.11.2017	1293,800049	1293,800049	1293,800049	1293,800049	1
0	0	11	28.11.2017	1294,699951	1294,699951	1294,699951	1294,699951	88255
15	-11	11	29.11.2017	1293,400024	1296,199951	1281,099976	1282,099976	47244
15	-10	8	30.11.2017	1283,099976	1284,5	1269,699951	1273,199951	3049
18	5	7	01.12.2017	1274,099976	1288,599976	1271	1278,800049	823
6	2	7	04.12.2017	1272,5	1276,099976	1270,300049	1274,300049	850
16	-14	7	05.12.2017	1275,400024	1275,800049	1260	1261,599976	1499
6	-2	6	06.12.2017	1264,900024	1267,800049	1261,599976	1262,800049	373
18	-12	6	07.12.2017	1262,300049	1262,400024	1243,900024	1249,800049	358
8	-1	5	08.12.2017	1246,300049	1249,300049	1241,5	1245,199951	157
9	-5	5	11.12.2017	1248,400024	1249,199951	1239,900024	1243,699951	146
8	-3	7	12.12.2017	1241,300049	1244,400024	1236,5	1238,5	692
15	4	6	13.12.2017	1241,900024	1254,5	1239,800049	1245,400024	349
7	1	5	14.12.2017	1252,900024	1257,699951	1250,300049	1253,800049	139
7	1	6	15.12.2017	1253,099976	1260,300049	1253,099976	1254,300049	578
7	6	4	18.12.2017	1256,199951	1262,400024	1255,699951	1262,199951	45
5	0	6	19.12.2017	1261,099976	1264,300049	1259,5	1260,699951	329
5	5	4	20.12.2017	1261,300049	1266,599976	1261,300049	1266,099976	63
3	1	5	21.12.2017	1266,400024	1267,400024	1264,300049	1267,300049	226
10	9	5	22.12.2017	1266,300049	1276,300049	1266,300049	1275,400024	119
2	2	4	26.12.2017	1282,400024	1284,099976	1281,800049	1284,099976	84
3	3	6	27.12.2017	1284	1287	1284	1287	456
6	6	6	28.12.2017	1288,199951	1294,099976	1288,199951	1294,099976	245
12	12	4	29.12.2017	1294,199951	1306,300049	1294	1306,300049	65
15	11	4	02.01.2018	1302,300049	1317,599976	1302,300049	1313,699951	68
8	-4	4	03.01.2018	1320	1320,099976	1312,099976	1316,199951	42
3	0	1	04.01.2018	1319,400024	1322	1319,400024	1319,400024	2
0	0	1	05.01.2018	1320,300049	1320,300049	1320,300049	1320,300049	1
5	-1	4	08.01.2018	1319,900024	1319,900024	1314,599976	1318,599976	41
2	2	3	09.01.2018	1309,599976	1311,699951	1309,599976	1311,699951	16
5	-3	4	10.01.2018	1320,300049	1320,699951	1315,300049	1317,400024	70
4	4	2	11.01.2018	1317,099976	1320,599976	1316,300049	1320,599976	9
10	6	3	12.01.2018	1327,800049	1338,199951	1327,800049	1333,400024	14
4	4	3	16.01.2018	1331,099976	1335,400024	1331	1335,400024	13
11	4	3	17.01.2018	1334,400024	1338	1326,800049	1338	27
3	-3	5	18.01.2018	1328,900024	1328,900024	1326	1326	211
3	2	4	19.01.2018	1330,099976	1333	1330,099976	1331,900024	50
2	2	5	22.01.2018	1328,400024	1330,900024	1328,400024	1330,900024	162
0	0	4	23.01.2018	1335,800049	1335,900024	1335,699951	1335,699951	47
1	0	3	24.01.2018	1355,900024	1357,199951	1355,900024	1355,900024	18
16	6	2	25.01.2018	1356,300049	1362,400024	1346,699951	1362,400024	4
1	0	11	26.01.2018	1351,599976	1352	1350,900024	1351,599976	88258
15	-3	11	30.01.2018	1338,699951	1347,800049	1332,800049	1335,400024	52100
15	2	8	31.01.2018	1337,5	1346,900024	1331,800049	1339	4881
14	0	7	01.02.2018	1343,800049	1350,599976	1336,800049	1344,300049	1680
24	-15	8	02.02.2018	1348,5	1352,099976	1327,699951	1333,699951	2841
11	2	6	05.02.2018	1331,099976	1340,199951	1329	1333	641
24	-12	6	06.02.2018	1338,199951	1343,699951	1319,5	1326,099976	529
21	-14	6	07.02.2018	1325,400024	1331,099976	1310,5	1311,599976	491
14	0	6	08.02.2018	1317,099976	1321,099976	1307	1316,900024	459
10	-8	6	09.02.2018	1320,900024	1322	1311,900024	1313,099976	451
8	0	5	12.02.2018	1323,800049	1325,5	1318	1324,199951	140
6	4	4	13.02.2018	1324,5	1329,599976	1323,400024	1328,099976	71
32	23	6	14.02.2018	1332,800049	1355,5	1324	1355,5	400
6	0	5	15.02.2018	1352	1355,900024	1349,699951	1352,099976	111
16	-1	5	16.02.2018	1354	1361,400024	1344,900024	1353,199951	110
22	-20	6	20.02.2018	1348,400024	1350,199951	1328,5	1328,800049	283
7	3	5	21.02.2018	1326,800049	1331,5	1324,400024	1330	119
9	9	4	22.02.2018	1322	1331,400024	1322	1330,599976	70
4	0	6	23.02.2018	1328	1332,099976	1327,699951	1328,199951	427
10	-4	6	26.02.2018	1335	1340,5	1330,699951	1330,699951	652
20	-16	7	27.02.2018	1331,699951	1332,599976	1312,699951	1315,5	710
6	0	4	28.02.2018	1315,400024	1321	1315,400024	1315,5	58
16	-8	4	01.03.2018	1310,400024	1318,099976	1301,800049	1302,900024	43
9	7	5	02.03.2018	1314,300049	1323,199951	1314,300049	1321,099976	155
8	-5	3	05.03.2018	1323,5	1325,900024	1318,099976	1318,099976	18
12	12	3	06.03.2018	1321,599976	1333,599976	1321,400024	1333,599976	18
12	-12	3	07.03.2018	1338,099976	1338,099976	1326	1326	27
8	-5	4	08.03.2018	1324,800049	1326,800049	1319,300049	1319,900024	62
9	6	4	09.03.2018	1316,800049	1322,400024	1313	1322,400024	88
0	0	0	12.03.2018	1319,400024	1319,400024	1319,400024	1319,400024	0
1	0	3	13.03.2018	1325,900024	1325,900024	1325,300049	1325,900024	13
2	2	3	14.03.2018	1322,199951	1324,400024	1322,199951	1324,400024	19
0	0	0	15.03.2018	1316,800049	1316,800049	1316,800049	1316,800049	0
1	1	4	16.03.2018	1310,099976	1311,300049	1310,099976	1311,300049	34
10	7	2	19.03.2018	1309,400024	1316,900024	1307,300049	1316,800049	6
0	0	2	20.03.2018	1311,099976	1311,099976	1311,099976	1311,099976	4
16	8	4	21.03.2018	1312,400024	1328,800049	1312,400024	1320,699951	34
0	0	0	22.03.2018	1326,599976	1326,599976	1326,599976	1326,599976	0
6	6	2	23.03.2018	1343,199951	1349,300049	1343,199951	1349,300049	8
9	6	2	26.03.2018	1348,5	1354,400024	1345,099976	1354,400024	10
0	0	11	27.03.2018	1341	1341,300049	1341	1341,300049	88264
24	-21	11	28.03.2018	1345	1346,400024	1322,400024	1324,199951	59284
5	-1	9	29.03.2018	1324	1327,099976	1321,699951	1322,800049	5585
20	15	6	02.04.2018	1327	1344,199951	1324,699951	1342,099976	649
13	-8	7	03.04.2018	1340,400024	1341,5	1328,5	1332,800049	702
16	4	7	04.04.2018	1331,800049	1347,300049	1331,599976	1335,800049	718
11	-9	6	05.04.2018	1333,5	1333,699951	1322,599976	1324,300049	258
14	5	6	06.04.2018	1326,5	1333	1319	1331,900024	348
10	3	6	09.04.2018	1333	1337,5	1327	1336,300049	290
9	7	5	10.04.2018	1335,199951	1342	1333	1342	105
25	16	5	11.04.2018	1340,099976	1365,400024	1340,099976	1356,5	118
17	-13	4	12.04.2018	1351,199951	1351,5	1334,599976	1338,400024	34
10	9	4	13.04.2018	1335,900024	1346	1335,900024	1344,800049	67
8	6	4	16.04.2018	1341	1348,800049	1341	1347,5	60
9	-1	6	17.04.2018	1348	1348,099976	1339	1347,199951	409
11	8	4	18.04.2018	1343,5	1354,199951	1343,5	1351,199951	45
14	-2	6	19.04.2018	1348,599976	1355,199951	1341,599976	1346,800049	387
8	-6	6	20.04.2018	1342,5	1343,400024	1335,300049	1336,699951	310
12	-12	4	23.04.2018	1334	1334,400024	1322,5	1322,5	68
6	5	3	24.04.2018	1326,400024	1331,699951	1326,199951	1331,400024	28
5	-3	6	25.04.2018	1324	1325	1320	1321,199951	278
1	1	6	26.04.2018	1315,699951	1316,300049	1315,699951	1316,300049	569
9	5	6	27.04.2018	1315,300049	1321,699951	1312,800049	1320,300049	622
7	7	4	30.04.2018	1309,599976	1316,199951	1309,599976	1316,199951	49
10	-9	3	01.05.2018	1313,199951	1313,800049	1303,400024	1303,800049	28
7	-6	3	02.05.2018	1309	1309,300049	1302,599976	1302,599976	23
0	0	2	03.05.2018	1310,699951	1310,699951	1310,699951	1310,699951	4
0	0	0	04.05.2018	1312,699951	1312,699951	1312,699951	1312,699951	0
2	2	2	07.05.2018	1310,599976	1312,5	1310,199951	1312,199951	4
4	2	6	08.05.2018	1310,099976	1312	1308,5	1312	337
0	0	4	09.05.2018	1311,300049	1311,300049	1311,300049	1311,300049	70
9	9	2	10.05.2018	1312,199951	1320,800049	1312,199951	1320,800049	8
0	0	1	11.05.2018	1319	1319	1319	1319	3
3	-3	2	14.05.2018	1319,900024	1319,900024	1316,5	1316,5	4
16	-16	2	15.05.2018	1304,599976	1304,699951	1288,900024	1288,900024	8
9	-1	3	16.05.2018	1290,900024	1294	1285,400024	1290,199951	26
3	-3	1	17.05.2018	1291,300049	1291,300049	1288,199951	1288,199951	2
5	5	1	18.05.2018	1285,199951	1290,199951	1285,199951	1290,199951	2
5	3	4	21.05.2018	1287,400024	1292,099976	1287,400024	1290,199951	52
0	0	4	22.05.2018	1291,699951	1291,699951	1291,699951	1291,699951	50
0	0	2	23.05.2018	1289,300049	1289,300049	1289,300049	1289,300049	10
0	0	0	24.05.2018	1303,699951	1303,699951	1303,699951	1303,699951	0
0	0	1	25.05.2018	1303,300049	1303,300049	1303,300049	1303,300049	1
0	0	11	29.05.2018	1298,699951	1298,699951	1298,699951	1298,699951	88255
8	4	11	30.05.2018	1298	1303,699951	1295,199951	1301,5	50845
10	-1	8	31.05.2018	1301	1306,800049	1296,599976	1300,099976	4082
11	-4	6	01.06.2018	1298,599976	1299,5	1288,900024	1294,800049	663
7	-1	5	04.06.2018	1293,900024	1297,099976	1290	1293,099976	144
10	5	6	05.06.2018	1292,099976	1299,800049	1289,900024	1297,5	357
6	1	6	06.06.2018	1296,099976	1300,400024	1294,099976	1297,099976	373
7	0	4	07.06.2018	1298,400024	1302,800049	1296,199951	1298,699951	79
5	3	6	08.06.2018	1295,300049	1299,400024	1294,800049	1298,099976	650
7	0	4	11.06.2018	1299,300049	1302	1295,199951	1298,900024	71
5	-3	5	12.06.2018	1297,800049	1298,099976	1292,699951	1295,099976	153
8	3	5	13.06.2018	1294	1299,400024	1290,900024	1296,900024	135
10	7	4	14.06.2018	1297,199951	1307,699951	1297,199951	1304	42
34	-23	6	15.06.2018	1297,199951	1307,699951	1274	1274,599976	589
4	-4	4	18.06.2018	1280,699951	1280,699951	1276,199951	1276,199951	35
12	-3	4	19.06.2018	1278,699951	1281,800049	1269,900024	1275,599976	34
3	-3	2	20.06.2018	1274,400024	1274,400024	1271,199951	1271,199951	7
9	4	4	21.06.2018	1262,699951	1268,900024	1260	1267,199951	46
3	-1	4	22.06.2018	1268,099976	1270,199951	1267	1267,400024	74
6	-5	4	25.06.2018	1270,599976	1271,199951	1265,599976	1265,599976	37
11	-11	4	26.06.2018	1267,199951	1267,199951	1256,599976	1256,599976	89
3	-3	7	27.06.2018	1255,5	1255,5	1252,300049	1252,800049	1162
7	-4	6	28.06.2018	1251,699951	1251,699951	1244,800049	1247,800049	378
4	1	4	29.06.2018	1250,300049	1253,300049	1249,099976	1251,300049	48
10	-10	3	02.07.2018	1249,900024	1249,900024	1239,800049	1239,800049	29
17	14	4	03.07.2018	1238,099976	1254,099976	1237	1251,599976	36
4	2	2	05.07.2018	1255,5	1257,300049	1253,599976	1257,300049	9
1	-1	2	06.07.2018	1255,5	1255,5	1254,300049	1254,300049	7
5	0	4	09.07.2018	1258,199951	1262,300049	1257,699951	1258,099976	37
8	-2	4	10.07.2018	1256,199951	1256,900024	1249,300049	1253,800049	65
10	-10	3	11.07.2018	1253,199951	1253,199951	1242,800049	1242,800049	30
6	4	2	12.07.2018	1240,900024	1246,699951	1240,900024	1245	7
7	-5	1	13.07.2018	1244,699951	1247	1239,599976	1239,599976	2
6	-5	1	16.07.2018	1242,699951	1243,800049	1238,099976	1238,099976	2
0	0	0	17.07.2018	1225,699951	1225,699951	1225,699951	1225,699951	0
4	0	4	18.07.2018	1226,699951	1226,699951	1222,199951	1226,300049	67
16	-5	4	19.07.2018	1227,199951	1228	1211,699951	1222,400024	33
0	0	0	20.07.2018	1229,5	1229,5	1229,5	1229,5	0
2	2	1	23.07.2018	1222	1224	1222	1224	1
0	0	0	24.07.2018	1223,900024	1223,900024	1223,900024	1223,900024	0
0	0	0	25.07.2018	1231,400024	1231,400024	1231,400024	1231,400024	0
2	-2	1	26.07.2018	1227,800049	1227,800049	1225,300049	1225,300049	1
0	0	11	27.07.2018	1222,599976	1222,599976	1222,599976	1222,599976	88255
6	-1	11	30.07.2018	1222,5	1223,900024	1218,099976	1221,300049	62239
15	3	8	31.07.2018	1220,400024	1228,099976	1213	1223,699951	2722
9	-5	7	01.08.2018	1222,900024	1223,699951	1214,400024	1217,900024	1026
14	-4	6	02.08.2018	1214,699951	1219,300049	1205,800049	1210,599976	411
14	8	7	03.08.2018	1206,5	1218,599976	1205,099976	1214,199951	784
8	-6	6	06.08.2018	1214,400024	1214,400024	1206,599976	1208,599976	297
7	2	7	07.08.2018	1207,800049	1214,800049	1207,800049	1209,599976	715
9	1	5	08.08.2018	1212	1215,199951	1205,900024	1212,599976	209
4	-3	4	09.08.2018	1214,5	1215,300049	1211,599976	1211,900024	44
11	-1	4	10.08.2018	1212,5	1216,400024	1205,599976	1211,099976	75
16	-16	4	13.08.2018	1207	1207,400024	1191,300049	1191,300049	78
5	0	5	14.08.2018	1193,099976	1197,5	1192,800049	1193	92
14	-10	4	15.08.2018	1187,800049	1188,099976	1174,599976	1177,5	71
19	3	5	16.08.2018	1173,199951	1180,199951	1161,400024	1176,199951	123
6	2	4	17.08.2018	1174,699951	1181,199951	1174,699951	1176,5	66
6	2	4	20.08.2018	1184,800049	1190	1184,400024	1186,800049	68
3	3	3	21.08.2018	1189,800049	1192,599976	1189,800049	1192,599976	22
2	2	3	22.08.2018	1194,699951	1196,300049	1194,699951	1196,300049	17
5	-2	5	23.08.2018	1189,300049	1190,300049	1184,900024	1187	95
23	21	3	24.08.2018	1185,300049	1208	1185,300049	1206,300049	12
6	-1	5	27.08.2018	1210,300049	1211,400024	1205,199951	1209	154
15	-2	5	28.08.2018	1209,699951	1217	1202,300049	1207,400024	136
3	-1	7	29.08.2018	1205,199951	1205,199951	1202,400024	1204,5	817
10	-8	6	30.08.2018	1205,400024	1205,599976	1196	1197,699951	493
9	-7	5	31.08.2018	1207,099976	1208,199951	1199,099976	1200,300049	191
4	-1	3	04.09.2018	1193,800049	1193,800049	1189,900024	1192,699951	26
4	2	3	05.09.2018	1192,5	1196	1192,5	1194,900024	21
4	-4	2	06.09.2018	1202	1202	1197,900024	1197,900024	7
5	-5	3	07.09.2018	1198,300049	1198,300049	1193,099976	1193,599976	29
0	0	2	10.09.2018	1193	1193	1193	1193	11
6	5	3	11.09.2018	1190,400024	1196,300049	1190,400024	1195,400024	21
0	0	4	12.09.2018	1205	1205	1204,699951	1204,699951	37
3	-1	3	13.09.2018	1203,400024	1203,400024	1200	1202	22
0	0	1	14.09.2018	1195	1195	1195	1195	1
0	0	0	17.09.2018	1199,699951	1199,699951	1199,699951	1199,699951	0
2	-2	1	18.09.2018	1198,699951	1198,699951	1196,800049	1196,800049	2
0	0	0	19.09.2018	1202,199951	1202,199951	1202,199951	1202,199951	0
0	0	0	20.09.2018	1206,199951	1206,199951	1206,199951	1206,199951	0
0	0	0	21.09.2018	1196,199951	1196,199951	1196,199951	1196,199951	0
0	0	0	24.09.2018	1199,300049	1199,300049	1199,300049	1199,300049	0
3	-2	3	25.09.2018	1202,099976	1202,800049	1200	1200	21
0	0	10	26.09.2018	1194	1194	1194	1194	17857
17	-12	9	27.09.2018	1194,599976	1197,300049	1180,5	1182,300049	4947
12	10	6	28.09.2018	1181,699951	1191,900024	1180	1191,5	404
6	-4	5	01.10.2018	1191,599976	1191,599976	1185,800049	1187,099976	180
16	9	6	02.10.2018	1193	1206	1190,300049	1202,400024	451
6	-4	4	03.10.2018	1202,599976	1202,599976	1196,599976	1198,300049	76
7	-2	6	04.10.2018	1199,300049	1204,599976	1197,199951	1197,199951	496
8	4	4	05.10.2018	1197,099976	1205,300049	1196,900024	1201,199951	34
17	-17	6	08.10.2018	1201	1201	1183,699951	1184,400024	250
4	2	2	09.10.2018	1185,599976	1189,099976	1185,599976	1187,199951	9
3	0	7	10.10.2018	1189,300049	1192	1189,300049	1189,300049	1078
28	25	5	11.10.2018	1198,099976	1224,599976	1196,300049	1223,5	126
6	-4	5	12.10.2018	1221,599976	1221,599976	1216	1218,099976	122
10	4	5	15.10.2018	1222,400024	1232,300049	1222,400024	1226,400024	136
3	0	6	16.10.2018	1227,099976	1230,5	1227,099976	1227,300049	426
2	-2	1	17.10.2018	1225,900024	1225,900024	1223,699951	1223,699951	1
0	0	5	18.10.2018	1226,5	1226,5	1226,5	1226,5	165
0	0	4	19.10.2018	1225,300049	1225,300049	1225,300049	1225,300049	55
5	-3	3	22.10.2018	1224,5	1224,5	1219,599976	1221,199951	18
13	9	4	23.10.2018	1224,800049	1237,800049	1224,800049	1233,400024	33
4	-4	4	24.10.2018	1231,599976	1231,599976	1227,800049	1227,800049	36
10	-10	2	25.10.2018	1238,599976	1238,599976	1229,099976	1229,099976	7
2	-2	3	26.10.2018	1234,300049	1234,800049	1232,5	1232,5	20
0	0	5	29.10.2018	1224,5	1224,5	1224,5	1224,5	214
8	-5	4	30.10.2018	1227,699951	1227,699951	1219,800049	1222,599976	72
5	-4	5	31.10.2018	1216	1216,599976	1212	1212,300049	121
21	21	3	01.11.2018	1215,400024	1236	1215,400024	1236	14
2	-2	3	02.11.2018	1233,300049	1233,300049	1230,900024	1230,900024	18
5	-1	3	05.11.2018	1230,599976	1231,5	1226,699951	1229,800049	15
10	-7	2	06.11.2018	1230,699951	1233,800049	1223,800049	1223,800049	4
2	-2	1	07.11.2018	1228,599976	1228,599976	1226,199951	1226,199951	1
0	0	1	08.11.2018	1222,900024	1222,900024	1222,900024	1222,900024	2
2	-2	3	09.11.2018	1207,900024	1207,900024	1206,400024	1206,400024	14
0	0	1	12.11.2018	1201,599976	1201,599976	1201,300049	1201,300049	1
5	3	2	13.11.2018	1196,300049	1201,300049	1196,300049	1199,199951	5
0	0	0	14.11.2018	1207,900024	1207,900024	1207,900024	1207,900024	0
0	0	0	15.11.2018	1212,800049	1212,800049	1212,800049	1212,800049	0
7	4	2	16.11.2018	1216,699951	1223,800049	1216,699951	1220,800049	5
0	0	0	19.11.2018	1223,099976	1223,099976	1223,099976	1223,099976	0
10	-6	3	20.11.2018	1225,300049	1228,800049	1219	1219	12
0	0	0	21.11.2018	1225,800049	1225,800049	1225,800049	1225,800049	0
4	-4	1	23.11.2018	1224,800049	1224,800049	1221	1221	1
2	0	1	26.11.2018	1220,199951	1222	1220,199951	1220,199951	2
11	-11	2	27.11.2018	1221,900024	1222	1211,199951	1211,199951	5
10	10	11	28.11.2018	1211,5	1221,400024	1211,5	1221,400024	88259
8	3	11	29.11.2018	1221	1228,699951	1220,5	1224,099976	55478
9	-4	8	30.11.2018	1224,099976	1225	1216,099976	1220,199951	2060
13	11	7	03.12.2018	1222,5	1234,099976	1221,300049	1233,900024	751
11	10	6	04.12.2018	1231	1241,400024	1230,400024	1241,099976	474
10	1	6	06.12.2018	1237,5	1244,400024	1234,800049	1238,099976	434
12	8	5	07.12.2018	1238,300049	1249,800049	1237,599976	1246,800049	211
8	-6	5	10.12.2018	1249,599976	1249,599976	1241,699951	1243,699951	131
7	-4	5	11.12.2018	1245,800049	1248,699951	1241,5	1241,900024	117
2	-1	4	12.12.2018	1245,300049	1245,599976	1244,099976	1244,400024	84
2	-1	5	13.12.2018	1243,5	1243,5	1241	1242,699951	194
8	-5	4	14.12.2018	1241,699951	1241,699951	1234,099976	1237	33
8	8	2	17.12.2018	1239,300049	1247,400024	1239,300049	1247,400024	10
4	1	3	18.12.2018	1248,199951	1249,199951	1245,599976	1249,199951	31
4	-4	6	19.12.2018	1255,800049	1255,800049	1252,099976	1252,099976	268
20	20	4	20.12.2018	1243,199951	1263,599976	1243,199951	1263,599976	49
8	-6	5	21.12.2018	1260,300049	1261,300049	1253,800049	1253,800049	96
8	7	3	24.12.2018	1260,300049	1268,5	1260,300049	1267,5	27
8	0	4	26.12.2018	1269,300049	1277,400024	1269,199951	1269,199951	63
1	1	6	27.12.2018	1276,699951	1277,300049	1276,699951	1277,300049	480
7	6	7	28.12.2018	1273,5	1280,099976	1273,5	1279,900024	805
4	0	3	31.12.2018	1278	1281,300049	1277,599976	1278,300049	19
8	-5	5	02.01.2019	1286	1286	1277,599976	1281	149
5	5	2	03.01.2019	1286,800049	1292	1286,699951	1291,800049	10
19	-12	4	04.01.2019	1294,199951	1294,199951	1275,300049	1282,699951	34
0	0	1	07.01.2019	1286,800049	1286,800049	1286,599976	1286,800049	2
5	3	4	08.01.2019	1280,5	1283,199951	1278,199951	1283,199951	54
10	10	5	09.01.2019	1279,400024	1289,300049	1279,199951	1289,300049	102
0	0	0	10.01.2019	1284,699951	1284,699951	1284,699951	1284,699951	0
5	-4	2	11.01.2019	1291,199951	1291,199951	1286,300049	1287,099976	11
5	-3	2	14.01.2019	1292,400024	1293,900024	1289,099976	1289,099976	7
6	-4	1	15.01.2019	1290,099976	1292,699951	1286,199951	1286,199951	3
0	0	1	16.01.2019	1291,599976	1291,599976	1291,599976	1291,599976	2
4	-1	2	17.01.2019	1291,599976	1292,699951	1288,5	1291	10
0	0	1	18.01.2019	1281,300049	1281,300049	1281,300049	1281,300049	3
1	0	2	22.01.2019	1282,5	1283,300049	1282,5	1282,5	7
5	1	3	23.01.2019	1281,699951	1283,900024	1278,699951	1283,099976	14
1	0	1	24.01.2019	1279,099976	1279,099976	1278,5	1279,099976	1
0	0	0	25.01.2019	1297,400024	1297,400024	1297,400024	1297,400024	0
9	2	4	28.01.2019	1300,800049	1307,099976	1298,400024	1302,400024	54
0	0	11	29.01.2019	1308,199951	1308,199951	1308,199951	1308,199951	88308
15	0	11	30.01.2019	1310,400024	1323,400024	1308,099976	1309,900024	54958
9	0	8	31.01.2019	1320	1325,400024	1316,699951	1319,699951	1970
5	-3	7	01.02.2019	1320,300049	1320,699951	1315,400024	1316,900024	878
10	-4	7	04.02.2019	1318,099976	1318,099976	1308,300049	1314,300049	675
4	3	6	05.02.2019	1311,099976	1315,099976	1311	1314,199951	362
8	-3	6	06.02.2019	1312,5	1313,5	1305	1309,5	358
8	6	5	07.02.2019	1302,900024	1310,400024	1302,199951	1309,400024	203
6	4	5	08.02.2019	1309,5	1314	1307,800049	1313,699951	122
9	-6	5	11.02.2019	1313,400024	1313,400024	1304,699951	1307	119
4	-1	5	12.02.2019	1310	1312	1307,599976	1309,199951	109
8	-1	5	13.02.2019	1311,599976	1316	1308,099976	1310,800049	143
10	5	7	14.02.2019	1305	1311,800049	1301,599976	1309,800049	858
5	4	5	15.02.2019	1313,599976	1318,800049	1313,599976	1318,099976	190
20	19	6	19.02.2019	1320,900024	1340,099976	1320,5	1340,099976	390
6	1	6	20.02.2019	1342,199951	1344	1338	1343,300049	581
14	-8	6	21.02.2019	1331,300049	1334,900024	1320,900024	1323,5	414
10	5	7	22.02.2019	1324,199951	1331,300049	1321	1329,199951	718
6	-3	5	25.02.2019	1329,199951	1331,599976	1325,599976	1325,900024	185
2	2	7	26.02.2019	1323,300049	1325,5	1323,300049	1325,099976	939
11	-10	6	27.02.2019	1327,699951	1327,900024	1316,5	1317,699951	604
12	-8	5	28.02.2019	1321,099976	1323,699951	1311,5	1312,800049	141
23	-16	5	01.03.2019	1312,199951	1312,199951	1288,900024	1296,400024	110
5	-1	3	04.03.2019	1285,5	1287	1281,900024	1284,800049	28
5	-5	5	05.03.2019	1287	1287	1282	1282	114
4	-2	3	06.03.2019	1287,099976	1287,099976	1282,599976	1284,900024	14
4	3	2	07.03.2019	1281	1284,599976	1281	1283,800049	11
6	5	2	08.03.2019	1292,099976	1297,400024	1291,599976	1297	10
2	-2	2	11.03.2019	1291	1291	1288,800049	1288,800049	9
2	2	1	12.03.2019	1294,699951	1296,300049	1294,699951	1296,300049	1
0	0	0	13.03.2019	1307,5	1307,5	1307,5	1307,5	0
0	0	1	14.03.2019	1293,400024	1293,400024	1293,400024	1293,400024	1
4	1	3	15.03.2019	1300,900024	1304,699951	1300,5	1301,800049	26
5	3	2	18.03.2019	1297,300049	1302,199951	1297,300049	1300,300049	8
2	-2	3	19.03.2019	1306,900024	1306,900024	1304,800049	1305	20
0	0	1	20.03.2019	1300,699951	1300,699951	1300,5	1300,5	2
0	0	0	21.03.2019	1306,099976	1306,099976	1306,099976	1306,099976	0
0	0	0	22.03.2019	1311,599976	1311,599976	1311,599976	1311,599976	0
2	1	3	25.03.2019	1320,699951	1322,900024	1320,699951	1321,900024	19
1	-1	1	26.03.2019	1315,599976	1315,599976	1314,300049	1314,300049	1
0	0	11	27.03.2019	1309,900024	1309,900024	1309,900024	1309,900024	88255
23	-19	11	28.03.2019	1308,400024	1311,099976	1287,699951	1289,800049	87798
12	3	7	29.03.2019	1289,599976	1298,5	1286,099976	1293	1265
10	-3	7	01.04.2019	1291,800049	1295,900024	1285,699951	1288,400024	675
6	4	6	02.04.2019	1286,300049	1290,900024	1284,5	1290	525
6	-2	5	03.04.2019	1291,400024	1293,099976	1287,5	1289,900024	172
13	-2	6	04.04.2019	1290,599976	1292,599976	1279,5	1289	269
8	-2	5	05.04.2019	1292	1292	1283,599976	1290,400024	181
10	5	4	08.04.2019	1292,199951	1302,099976	1291,800049	1297,099976	63
6	5	3	09.04.2019	1298,5	1304,900024	1298,5	1303,5	30
8	5	4	10.04.2019	1304	1309,099976	1301,5	1309,099976	66
18	-18	6	11.04.2019	1307	1307,099976	1288,599976	1288,599976	420
4	-3	6	12.04.2019	1293,400024	1293,400024	1289,199951	1290,599976	607
5	2	6	15.04.2019	1284,800049	1287,300049	1282,300049	1286,800049	523
13	-13	6	16.04.2019	1285,199951	1285,199951	1272,199951	1272,599976	643
2	-1	6	17.04.2019	1273,5	1273,5	1271,599976	1272,199951	308
4	1	3	18.04.2019	1270,800049	1273,599976	1270,099976	1271,900024	27
0	0	5	22.04.2019	1273,5	1273,5	1273,5	1273,5	147
4	3	5	23.04.2019	1266,400024	1269,800049	1266	1269,300049	206
8	7	6	24.04.2019	1268,400024	1275,5	1267,800049	1275,5	518
5	-5	5	25.04.2019	1280,599976	1280,800049	1275,800049	1275,800049	95
0	0	7	26.04.2019	1284,900024	1284,900024	1284,900024	1284,900024	804
8	-6	6	29.04.2019	1284,800049	1284,900024	1277,099976	1278,599976	568
2	1	5	30.04.2019	1281,699951	1283,300049	1280,800049	1282,800049	114
5	3	4	01.05.2019	1278,699951	1283,300049	1278,699951	1281,400024	70
4	0	4	02.05.2019	1269,199951	1270,800049	1266,599976	1269,699951	63
9	9	3	03.05.2019	1270,099976	1279,199951	1270,099976	1279,199951	15
2	0	3	06.05.2019	1282,199951	1282,199951	1280,300049	1281,699951	12
3	3	2	07.05.2019	1280,5	1283,5	1280,5	1283,5	8
0	0	2	08.05.2019	1279,400024	1279,400024	1279,400024	1279,400024	5
6	5	4	09.05.2019	1278,900024	1285	1278,800049	1283,5	38
3	0	2	10.05.2019	1285,400024	1286,5	1283,300049	1285,699951	6
18	13	4	13.05.2019	1286,699951	1300,099976	1281,800049	1300,099976	56
3	-3	2	14.05.2019	1297,800049	1297,800049	1294,699951	1294,699951	6
1	-1	4	15.05.2019	1296,900024	1296,900024	1296	1296,300049	55
0	0	1	16.05.2019	1285,199951	1285,400024	1285	1285	3
6	-6	1	17.05.2019	1280	1280	1274,5	1274,5	1
0	0	3	20.05.2019	1276,099976	1276,099976	1276,099976	1276,099976	20
0	0	0	21.05.2019	1272	1272	1272	1272	0
0	0	0	22.05.2019	1273,599976	1273,599976	1273,599976	1273,599976	0
0	0	0	23.05.2019	1284,800049	1284,800049	1284,800049	1284,800049	0
0	0	2	24.05.2019	1283	1283	1283	1283	9
0	0	0	28.05.2019	1276,5	1276,5	1276,5	1276,5	0
0	0	11	29.05.2019	1280,599976	1280,599976	1280,599976	1280,599976	88254
14	8	11	30.05.2019	1279,400024	1288,300049	1273,900024	1287,099976	55573
19	18	8	31.05.2019	1287,699951	1306,400024	1287,5	1305,800049	2814
21	16	7	03.06.2019	1307	1327,800049	1307	1322,699951	812
8	-1	6	04.06.2019	1324,300049	1328,599976	1320,800049	1323,400024	302
17	-1	6	05.06.2019	1328,900024	1343,300049	1326,300049	1328,300049	622
12	7	5	06.06.2019	1330,800049	1338,699951	1326,199951	1337,599976	161
18	8	5	07.06.2019	1333,099976	1347,699951	1329,800049	1341,199951	240
12	-11	6	10.06.2019	1335,800049	1336,5	1324,099976	1324,699951	268
9	-2	5	11.06.2019	1328,400024	1328,400024	1319,099976	1326,400024	201
8	5	5	12.06.2019	1326,900024	1334,5	1326,900024	1331,900024	139
10	8	5	13.06.2019	1331,599976	1341,099976	1331,599976	1339,199951	157
16	-5	7	14.06.2019	1345,400024	1355,400024	1339,300049	1340,099976	914
5	0	4	17.06.2019	1339	1340,300049	1335	1338,699951	76
8	-3	3	18.06.2019	1349,300049	1349,300049	1341,599976	1346,599976	29
1	1	5	19.06.2019	1344	1344,599976	1344	1344,599976	129
13	11	4	20.06.2019	1381,5	1392,900024	1379,5	1392,900024	76
16	-10	4	21.06.2019	1406	1406	1390,300049	1396,199951	35
18	8	5	24.06.2019	1406	1420,599976	1402,099976	1414,300049	125
18	-3	5	25.06.2019	1418,099976	1433,300049	1414,900024	1414,900024	105
8	4	7	26.06.2019	1407,199951	1413,300049	1405,800049	1411,599976	1333
11	1	6	27.06.2019	1407	1410,800049	1399,800049	1408,400024	437
14	1	6	28.06.2019	1408,300049	1422	1408,300049	1409,699951	356
13	-1	5	01.07.2019	1386,599976	1395,800049	1382,800049	1385,599976	214
28	14	4	02.07.2019	1391,099976	1418,400024	1390,800049	1404,599976	38
21	-13	4	03.07.2019	1431	1434	1413,099976	1417,699951	46
28	-22	3	05.07.2019	1418,300049	1418,300049	1390,199951	1396,699951	20
3	1	3	08.07.2019	1395,900024	1397	1393,599976	1397	14
11	3	4	09.07.2019	1394,5	1397,5	1386,199951	1397,5	53
0	0	4	10.07.2019	1409,900024	1410,099976	1409,900024	1410,099976	50
20	-20	2	11.07.2019	1424	1424	1404,300049	1404,300049	6
4	4	2	12.07.2019	1405,599976	1410,099976	1405,599976	1409,900024	8
4	-3	3	15.07.2019	1414,400024	1415	1411,400024	1411,400024	25
9	-4	3	16.07.2019	1413,599976	1413,699951	1405	1409,199951	13
17	17	2	17.07.2019	1404,599976	1421,300049	1404,599976	1421,300049	6
25	4	4	18.07.2019	1422,300049	1444,199951	1419,5	1426,099976	66
17	-15	3	19.07.2019	1440,5	1442	1425,099976	1425,099976	22
1	0	1	22.07.2019	1425,300049	1425,300049	1424	1425,300049	1
5	2	2	23.07.2019	1418,599976	1421,300049	1416,300049	1420,099976	5
0	0	3	24.07.2019	1422,800049	1422,800049	1422,800049	1422,800049	20
0	0	2	25.07.2019	1413,900024	1413,900024	1413,900024	1413,900024	4
4	-4	2	26.07.2019	1422,800049	1423	1418,5	1418,5	5
0	0	11	29.07.2019	1419,599976	1419,599976	1419,599976	1419,599976	88259
12	3	11	30.07.2019	1426,300049	1433,900024	1422,099976	1429,699951	73874
25	-5	8	31.07.2019	1431,300049	1435,800049	1411,199951	1426,099976	3294
44	10	8	01.08.2019	1411,300049	1445,199951	1400,900024	1420,900024	2431
16	-2	8	02.08.2019	1448	1448	1432,300049	1445,599976	1873
29	24	7	05.08.2019	1440,400024	1469,699951	1440,400024	1464,599976	1008
17	3	6	06.08.2019	1469,699951	1475	1457,699951	1472,400024	460
37	34	7	07.08.2019	1473,5	1509,900024	1473,199951	1507,300049	824
16	-1	6	08.08.2019	1498,400024	1508,5	1492	1497,699951	367
12	-10	4	09.08.2019	1506,199951	1507,5	1495,599976	1496,599976	74
27	9	6	12.08.2019	1496	1514,900024	1488,099976	1505,300049	257
48	-8	7	13.08.2019	1510,400024	1531,400024	1483,699951	1502,199951	672
24	16	6	14.08.2019	1500	1520,5	1497	1515,900024	328
12	0	4	15.08.2019	1519,800049	1522,699951	1510,599976	1519,599976	87
20	-12	8	16.08.2019	1524,599976	1524,599976	1504,699951	1512,5	1815
15	-7	5	19.08.2019	1507,199951	1507,599976	1492,900024	1500,400024	205
9	7	6	20.08.2019	1497,5	1506,099976	1497,5	1504,599976	486
6	0	6	21.08.2019	1504,900024	1505	1498,800049	1504,599976	350
4	2	7	22.08.2019	1495,099976	1497,300049	1493,800049	1497,300049	686
34	33	7	23.08.2019	1493,5	1527,599976	1493,5	1526,599976	983
19	-17	6	26.08.2019	1543,199951	1543,300049	1524,300049	1526,300049	334
14	10	5	27.08.2019	1530,5	1542,099976	1528,5	1541	166
0	0	8	28.08.2019	1538,099976	1538,099976	1537,800049	1537,800049	2756
30	-11	7	29.08.2019	1537,5	1549,300049	1519,599976	1526,5	704
14	-6	6	30.08.2019	1524,599976	1530,400024	1516,699951	1519,099976	276
26	23	5	03.09.2019	1522,900024	1547,300049	1521	1545,900024	139
18	1	4	04.09.2019	1549	1553,199951	1534,800049	1550,300049	46
40	-36	5	05.09.2019	1551	1551,099976	1511,099976	1515,400024	125
22	-11	4	06.09.2019	1517,300049	1526	1504,5	1506,199951	54
15	-7	4	09.09.2019	1509	1513	1498	1502,199951	69
12	-8	3	10.09.2019	1498,5	1498,5	1486,900024	1490,300049	23
6	3	2	11.09.2019	1491,699951	1496,599976	1490,199951	1494,400024	8
17	-1	3	12.09.2019	1499,5	1515,400024	1498,699951	1498,699951	27
4	0	1	13.09.2019	1490,900024	1490,900024	1486,900024	1490,900024	1
10	-4	3	16.09.2019	1506,599976	1506,800049	1496,900024	1503,099976	21
7	7	1	17.09.2019	1497,900024	1505,099976	1497,900024	1505,099976	3
20	-1	2	18.09.2019	1508,900024	1509,400024	1489,300049	1507,5	8
6	2	2	19.09.2019	1496,099976	1502,400024	1496,099976	1498,400024	10
4	4	1	20.09.2019	1503	1507,300049	1503	1507,300049	2
8	8	2	23.09.2019	1515,5	1523,699951	1515,5	1523,699951	5
18	17	3	24.09.2019	1515,099976	1533	1515,099976	1532,099976	25
23	-23	3	25.09.2019	1527,599976	1527,900024	1504,599976	1504,599976	25
0	0	9	26.09.2019	1507,5	1507,5	1507,5	1507,5	8178
20	-5	9	27.09.2019	1504,199951	1506,099976	1485,599976	1499,099976	7827
32	-30	7	30.09.2019	1495,900024	1495,900024	1463,5	1465,699951	1078
27	13	5	01.10.2019	1468,699951	1485,5	1458,300049	1482	219
30	24	5	02.10.2019	1476,599976	1503,699951	1474,099976	1501	205
22	10	7	03.10.2019	1497,400024	1518,199951	1496,599976	1507,099976	1213
12	1	5	04.10.2019	1505,599976	1508,699951	1497,099976	1506,199951	233
17	-7	5	07.10.2019	1504,800049	1505,800049	1489,099976	1497,699951	121
17	8	4	08.10.2019	1489,400024	1506,300049	1489,300049	1497,199951	46
9	-2	5	09.10.2019	1507,699951	1507,699951	1498,400024	1506,099976	120
21	-16	4	10.10.2019	1511,199951	1511,199951	1490,599976	1494,800049	78
18	-9	4	11.10.2019	1491,900024	1494,900024	1476,900024	1482,699951	57
12	7	6	14.10.2019	1484,400024	1493,5	1481,300049	1491,699951	400
19	-11	6	15.10.2019	1488,900024	1495,400024	1476,599976	1477,599976	367
8	6	6	16.10.2019	1482	1488	1480	1488	383
7	6	6	17.10.2019	1486,199951	1493,199951	1485,800049	1492,300049	271
2	1	4	18.10.2019	1487,300049	1489,099976	1486,599976	1488,199951	82
8	-8	4	21.10.2019	1489,900024	1489,900024	1481,5	1482,400024	72
2	-2	5	22.10.2019	1483,400024	1483,5	1481,699951	1481,699951	99
4	4	4	23.10.2019	1486,400024	1490,300049	1486,400024	1489,900024	67
15	8	5	24.10.2019	1490,5	1501,199951	1485,900024	1498,900024	115
15	-2	5	25.10.2019	1501,400024	1514,300049	1499	1499,5	93
14	-14	4	28.10.2019	1504,099976	1504,099976	1490	1490	37
1	1	6	29.10.2019	1485,900024	1487	1485,900024	1487	425
14	6	6	30.10.2019	1487,199951	1495,400024	1481	1493,199951	320
17	15	5	31.10.2019	1496,099976	1513,099976	1496,099976	1511,400024	210
9	-3	5	01.11.2019	1511	1511,599976	1503	1508	235
4	-4	5	04.11.2019	1511,599976	1511,599976	1508	1508	101
26	-26	3	05.11.2019	1507,099976	1507,099976	1480,800049	1480,800049	31
8	7	6	06.11.2019	1483,199951	1491	1483,199951	1490,199951	567
25	-25	6	07.11.2019	1489,099976	1489,099976	1464,199951	1464,199951	581
8	-8	3	08.11.2019	1469,099976	1469,099976	1461,300049	1461,300049	21
12	-6	3	11.11.2019	1461	1461	1449,300049	1455,5	22
8	-3	2	12.11.2019	1454,900024	1454,900024	1447,099976	1452,099976	6
6	5	4	13.11.2019	1456,800049	1463,300049	1456,800049	1461,699951	56
8	8	4	14.11.2019	1463,800049	1471,800049	1463,699951	1471,800049	83
2	-2	3	15.11.2019	1469,099976	1469,099976	1467,300049	1467,300049	13
2	-1	5	18.11.2019	1472	1472	1469,699951	1470,900024	141
7	6	3	19.11.2019	1467,699951	1474,300049	1467,699951	1473,300049	18
7	1	3	20.11.2019	1472,599976	1474,5	1467,300049	1473,300049	31
0	0	3	21.11.2019	1463,099976	1463,099976	1463,099976	1463,099976	16
6	-6	3	22.11.2019	1468,599976	1468,599976	1463,099976	1463,099976	19
2	0	3	25.11.2019	1457,099976	1457,099976	1455,5	1456,599976	14
0	0	11	26.11.2019	1459,800049	1459,800049	1459,800049	1459,800049	88268
10	-8	11	27.11.2019	1461,099976	1461,900024	1452	1453,400024	88364
14	12	9	29.11.2019	1453,599976	1465,599976	1452,099976	1465,599976	7020
11	0	8	02.12.2019	1462,800049	1464,400024	1453,300049	1462,300049	2172
21	17	7	03.12.2019	1461,599976	1480,400024	1459,5	1478,199951	1460
12	-4	6	04.12.2019	1477,5	1483,400024	1471,199951	1474	613
6	2	7	05.12.2019	1474,699951	1478	1472,300049	1476,900024	907
18	-16	7	06.12.2019	1475	1476	1458,199951	1459,099976	899
6	0	7	09.12.2019	1458,800049	1464,199951	1458,599976	1459,300049	1461
6	2	6	10.12.2019	1460,699951	1467,199951	1460,699951	1462,599976	367
12	6	6	11.12.2019	1463,099976	1475,400024	1463,099976	1469,400024	393
20	-8	7	12.12.2019	1475,099976	1483,900024	1463,699951	1466,699951	955
13	12	6	13.12.2019	1463,099976	1475,900024	1463,099976	1475,599976	468
2	1	5	16.12.2019	1473,800049	1475,300049	1473,800049	1475	99
3	0	6	17.12.2019	1474,099976	1476,900024	1474	1474,599976	410
0	0	6	18.12.2019	1472,599976	1472,599976	1472,599976	1472,599976	250
6	2	6	19.12.2019	1475,900024	1478,900024	1473,300049	1478,199951	319
3	-2	5	20.12.2019	1476,699951	1478,099976	1474,699951	1474,699951	118
3	0	6	23.12.2019	1482,300049	1482,5	1479,900024	1482,5	391
10	10	4	24.12.2019	1488,699951	1499,099976	1488,699951	1499,099976	52
7	4	5	26.12.2019	1505,199951	1512,300049	1505	1509,300049	126
0	0	7	27.12.2019	1513,800049	1513,800049	1513,800049	1513,800049	839
5	2	6	30.12.2019	1512,599976	1515,099976	1510	1514,5	446
10	6	6	31.12.2019	1513,800049	1523,400024	1513,800049	1519,5	301
11	6	5	02.01.2020	1518,099976	1528,699951	1518	1524,5	214
23	19	5	03.01.2020	1530,099976	1552,699951	1530,099976	1549,199951	107
20	-14	6	06.01.2020	1580	1580	1560,400024	1566,199951	416
18	14	4	07.01.2020	1558,300049	1576,300049	1558,300049	1571,800049	47
52	-22	5	08.01.2020	1579,699951	1604,199951	1552,300049	1557,400024	236
12	-4	4	09.01.2020	1555,699951	1555,699951	1543,300049	1551,699951	54
13	6	3	10.01.2020	1551,199951	1558,800049	1545,400024	1557,5	16
10	-9	4	13.01.2020	1557,400024	1558	1548,400024	1548,400024	48
12	-4	3	14.01.2020	1546,699951	1546,699951	1534,900024	1542,400024	32
8	4	2	15.01.2020	1548	1553,900024	1545,599976	1552,099976	11
8	-7	5	16.01.2020	1555,699951	1556,099976	1548,5	1549	98
5	5	5	17.01.2020	1554,099976	1558,800049	1553,599976	1558,800049	108
15	-3	4	21.01.2020	1559,300049	1566,199951	1551	1556,400024	45
7	6	4	22.01.2020	1549,800049	1557,099976	1549,800049	1555,300049	42
12	12	3	23.01.2020	1553,099976	1564,599976	1552,199951	1564,599976	15
15	15	4	24.01.2020	1556,300049	1571,099976	1556,300049	1571,099976	43
8	-8	3	27.01.2020	1584,300049	1584,5	1576,800049	1576,800049	22
7	-7	1	28.01.2020	1576,400024	1576,400024	1569,199951	1569,199951	3
0	0	11	29.01.2020	1569,800049	1569,800049	1569,800049	1569,800049	88257
14	7	11	30.01.2020	1576,800049	1585	1571,400024	1583,5	62336
19	10	7	31.01.2020	1573,400024	1589	1570	1582,900024	1095
25	-16	7	03.02.2020	1592,900024	1593,300049	1568,199951	1577,199951	1062
30	-27	7	04.02.2020	1577,699951	1577,699951	1547,800049	1550,400024	978
13	5	7	05.02.2020	1553,199951	1560,699951	1547,699951	1557,800049	1305
14	12	5	06.02.2020	1553,599976	1565,599976	1551,599976	1565,099976	110
11	4	6	07.02.2020	1564,900024	1571,900024	1560,5	1568,599976	431
6	5	5	10.02.2020	1569,300049	1574,699951	1568,599976	1574,699951	128
9	-5	6	11.02.2020	1570,900024	1571,099976	1561,900024	1565,599976	440
8	2	4	12.02.2020	1565,199951	1568,699951	1561	1567,400024	36
5	5	4	13.02.2020	1570,199951	1575,099976	1570,199951	1575,099976	74
8	7	4	14.02.2020	1575,800049	1582,699951	1574,800049	1582,699951	68
24	20	6	18.02.2020	1579,800049	1604,300049	1579,800049	1600	310
11	7	6	19.02.2020	1600,599976	1610,5	1599,699951	1607,5	542
18	10	5	20.02.2020	1606,5	1621	1603	1616,599976	117
26	25	5	21.02.2020	1619,300049	1645	1619,300049	1644,599976	186
37	15	6	24.02.2020	1657	1686,599976	1650	1672,400024	435
21	2	6	25.02.2020	1645,099976	1653,699951	1632,300049	1646,900024	409
12	-4	8	26.02.2020	1644	1648,099976	1636,400024	1640	1990
20	-1	7	27.02.2020	1641,099976	1658	1638,5	1640	707
59	-58	6	28.02.2020	1640,300049	1642,5	1583,8973026663673	1582,2268376235947	289
34	8	6	02.03.2020	1583,900024	1608,300049	1574,300049	1592,300049	537
51	48	6	03.03.2020	1594,5	1645,300049	1594	1642,099976	610
15	-4	4	04.03.2020	1645,400024	1645,900024	1631,300049	1641,099976	83
36	29	5	05.03.2020	1637,300049	1672,900024	1637,199951	1666,400024	154
39	0	5	06.03.2020	1670,800049	1686,199951	1647,199951	1670,800049	175
44	-22	5	09.03.2020	1696,099976	1701,599976	1657,699951	1674,5	161
32	-12	4	10.03.2020	1671,599976	1674,599976	1643	1659,099976	48
32	-15	4	11.03.2020	1656,599976	1666,5	1635	1641,400024	47
67	-48	6	12.03.2020	1637	1647,5	1580,3973026663673	1589,300049	256
69	-47	4	13.03.2020	1578,6989357297984	1594,7238156588965	1525,7946053327346	1531,5268866235947	89
98	-83	5	16.03.2020	1569,099976	1569,099976	1471,1919079991019	1485,900024	193
68	14	5	17.03.2020	1510,7989117297984	1537,699951	1469,300049	1524,900024	122
65	-60	6	18.03.2020	1537,5	1542	1477,300049	1477,300049	333
21	-3	6	19.03.2020	1481,5	1491,599976	1471	1478,599976	262
0	0	3	20.03.2020	1483,5	1484	1483,5	1484	14
48	38	4	23.03.2020	1505,300049	1538,3767783395717	1490,199951	1543,3684733520538	51
46	38	6	24.03.2020	1565,1834203039932	1592,7535566791435	1546,384705197684	1602,7369467041076	442
45	7	6	25.03.2020	1625,0667916079865	1647,1303350187152	1602,569459395368	1632,300049	476
10	-10	1	26.03.2020	1660,5	1660,5	1650,099976	1650,099976	3
0	0	11	27.03.2020	1623,900024	1623,900024	1623,900024	1623,900024	88257
46	-19	10	30.03.2020	1641,199951	1652,800049	1607,199951	1622	16389
45	-35	8	31.03.2020	1618,699951	1621	1576	1583,400024	2874
30	8	8	01.04.2020	1570	1600	1570	1578,199951	2158
45	35	7	02.04.2020	1590,900024	1631,199951	1586	1625,699951	1294
16	9	6	03.04.2020	1624,5	1636	1619,800049	1633,699951	643
64	48	7	06.04.2020	1629,099976	1690,3767783395717	1625,900024	1677	1063
66	-24	7	07.04.2020	1688,9833473039932	1724,400024	1658	1664,800049	1144
14	-4	7	08.04.2020	1669,699951	1677	1662,5	1665,400024	747
69	62	7	09.04.2020	1662,699951	1731,3767783395717	1662,699951	1724,7684973520538	825
46	23	7	13.04.2020	1722	1756,800049	1710,699951	1744,800049	696
36	0	7	14.04.2020	1756,800049	1775	1739,5	1756,699951	675
22	-12	6	15.04.2020	1739,400024	1744,900024	1722,699951	1727,199951	642
36	-11	5	16.04.2020	1731	1750,599976	1715	1720,400024	162
40	-26	5	17.04.2020	1715,699951	1725	1684,900024	1689,199951	223
22	16	5	20.04.2020	1686	1701,599976	1680	1701,599976	106
47	-19	7	21.04.2020	1697	1707,099976	1659,900024	1678,199951	666
44	33	6	22.04.2020	1696	1728,699951	1684,800049	1728,699951	453
12	-1	6	23.04.2020	1734	1745,099976	1733,300049	1733,300049	482
30	-20	5	24.04.2020	1744	1744	1714,5	1723,5	221
20	-20	5	27.04.2020	1731,900024	1731,900024	1711,900024	1711,900024	169
10	-6	7	28.04.2020	1716,599976	1716,599976	1707,099976	1710,5	1255
12	-7	6	29.04.2020	1710	1713,5	1702	1703,400024	373
38	-35	6	30.04.2020	1719,300049	1719,300049	1680,800049	1684,199951	327
31	8	6	01.05.2020	1686,599976	1701,5	1670,5	1694,5	337
9	4	6	04.05.2020	1702,599976	1709	1699,599976	1706,900024	320
7	3	4	05.05.2020	1701,5	1704,400024	1697,199951	1704,400024	82
20	-20	6	06.05.2020	1704	1704	1684,199951	1684,199951	469
36	36	7	07.05.2020	1686,199951	1721,800049	1685,599976	1721,800049	853
25	-16	6	08.05.2020	1726,199951	1728,900024	1703,800049	1709,900024	330
14	-7	7	11.05.2020	1702,300049	1704,5	1690,199951	1695,300049	749
14	5	6	12.05.2020	1699,300049	1713,099976	1699,300049	1704,400024	324
19	12	6	13.05.2020	1702	1721,300049	1701,900024	1713,900024	431
23	14	7	14.05.2020	1724,300049	1743,099976	1720,5	1738,099976	672
14	14	7	15.05.2020	1739,699951	1753,400024	1739,699951	1753,400024	719
39	-24	5	18.05.2020	1755,699951	1770,5	1731,800049	1731,800049	229
5	0	5	19.05.2020	1744,199951	1749,5	1744,199951	1744,199951	167
6	-1	3	20.05.2020	1751,599976	1752,099976	1745,599976	1750,599976	16
26	-26	6	21.05.2020	1746,800049	1746,800049	1720,5	1720,5	528
8	8	2	22.05.2020	1726,599976	1734,599976	1726,599976	1734,599976	6
22	-22	4	26.05.2020	1726,400024	1726,400024	1704,800049	1704,800049	39
25	25	11	27.05.2020	1685,599976	1710,300049	1685,599976	1710,300049	88293
23	4	10	28.05.2020	1709,300049	1727,800049	1705	1713,300049	23355
23	18	7	29.05.2020	1718,800049	1738,300049	1715,099976	1736,900024	1526
20	-3	7	01.06.2020	1740,400024	1747	1727,099976	1737,800049	871
24	-18	7	02.06.2020	1743	1745,5	1721,800049	1725,199951	741
42	-28	8	03.06.2020	1726,300049	1726,300049	1684,5	1697,800049	2755
24	24	7	04.06.2020	1694,5	1718,900024	1694,5	1718,900024	807
43	-36	7	05.06.2020	1711,800049	1711,800049	1668,599976	1676,199951	1502
24	19	6	08.06.2020	1679,099976	1699,400024	1675,900024	1698,300049	587
29	20	7	09.06.2020	1694,599976	1720,900024	1692	1714,699951	690
29	-3	7	10.06.2020	1716,099976	1740,800049	1711,900024	1713,300049	718
24	-5	6	11.06.2020	1737,199951	1744,099976	1720	1732	347
18	4	6	12.06.2020	1724,900024	1743	1724,900024	1729,300049	318
27	-10	5	15.06.2020	1730	1730	1703,300049	1720,300049	188
7	3	3	16.06.2020	1726,300049	1729,599976	1722,400024	1729,599976	22
14	14	4	17.06.2020	1714,699951	1729,199951	1714,699951	1729,199951	51
17	-6	5	18.06.2020	1730,5	1734,099976	1717,300049	1724,800049	110
27	22	7	19.06.2020	1723,699951	1750,699951	1723,5	1745,900024	1329
17	2	7	22.06.2020	1755,199951	1767,599976	1750,5	1756,699951	1356
22	17	7	23.06.2020	1755,400024	1776,300049	1754,199951	1772,099976	666
19	-12	7	24.06.2020	1778,300049	1783,099976	1764,5	1765,800049	961
5	0	5	25.06.2020	1761,699951	1764,800049	1759,800049	1762,099976	207
8	6	6	26.06.2020	1766	1772,5	1764,699951	1772,5	640
6	-5	6	29.06.2020	1779,800049	1780,199951	1774,300049	1774,800049	584
19	16	7	30.06.2020	1777,300049	1793,199951	1774,400024	1793	986
32	-20	6	01.07.2020	1793,599976	1798	1765,800049	1773,199951	331
15	11	5	02.07.2020	1773,400024	1784	1768,699951	1784	215
2	0	5	06.07.2020	1788,199951	1790,099976	1788,199951	1788,5	172
21	15	7	07.07.2020	1789,300049	1804,199951	1783,300049	1804,199951	751
16	14	5	08.07.2020	1801,5	1817,900024	1801,5	1815,5	209
21	-17	6	09.07.2020	1816,099976	1819,800049	1799,199951	1799,199951	396
8	-7	5	10.07.2020	1805,5	1805,5	1797,699951	1798,199951	236
6	6	5	13.07.2020	1805	1811	1805	1811	164
20	20	6	14.07.2020	1791	1811,5	1791	1810,599976	339
7	5	5	15.07.2020	1806,099976	1813,5	1806,099976	1811,400024	167
17	-12	5	16.07.2020	1810,900024	1810,900024	1794,300049	1798,699951	146
12	10	3	17.07.2020	1798,5	1810,099976	1798,5	1808,300049	24
10	9	4	20.07.2020	1807	1817,300049	1807	1815,900024	89
20	20	5	21.07.2020	1822	1842,400024	1822	1842,400024	117
12	6	5	22.07.2020	1858,099976	1867	1854,699951	1864,099976	213
22	20	5	23.07.2020	1868,699951	1890,300049	1868,5	1889,099976	133
13	13	6	24.07.2020	1884,300049	1897,300049	1884,300049	1897,300049	474
36	29	6	27.07.2020	1901,699951	1938	1901,5	1931	364
16	13	7	28.07.2020	1931,5	1944,699951	1928,599976	1944,699951	825
1	0	11	29.07.2020	1953,199951	1953,5	1952,599976	1953,5	89079
35	-21	10	30.07.2020	1963,400024	1965,099976	1930	1942,300049	28853
33	14	8	31.07.2020	1948,599976	1981,099976	1948	1962,800049	2914
29	-18	7	03.08.2020	1984,300049	1984,300049	1955,5	1966	683
47	30	8	04.08.2020	1971	2016,199951	1968,800049	2001,199951	2010
39	7	7	05.08.2020	2024	2050,199951	2011	2031,099976	1422
23	6	6	06.08.2020	2045,5	2063	2040	2051,5	294
45	-30	7	07.08.2020	2040,099976	2055	2009,599976	2010,099976	808
26	-2	5	10.08.2020	2026,400024	2043,800049	2017,5	2024,400024	233
53	-46	7	11.08.2020	2012,400024	2016	1962,8973026663673	1966,6268616235948	971
55	-19	6	12.08.2020	1954,0989597297985	1963,2238156588965	1908,2946053327346	1934,900024	404
40	35	4	13.08.2020	1921,5	1957,400024	1916,900024	1956,699951	71
10	-2	5	14.08.2020	1938,699951	1947,400024	1937	1937	201
35	35	5	17.08.2020	1949,599976	1985	1949,599976	1985	97
31	-2	5	18.08.2020	2001,099976	2002,800049	1972,099976	1999,400024	92
41	-21	6	19.08.2020	1980	1980	1938,699951	1958,699951	347
26	-7	5	20.08.2020	1941,199951	1948,300049	1922,300049	1933,800049	106
36	-6	5	21.08.2020	1941	1945	1908,900024	1934,599976	184
18	-2	4	24.08.2020	1930,199951	1940	1922,199951	1927,699951	85
17	-16	5	25.08.2020	1927,5	1928,5	1911,800049	1911,800049	176
41	31	6	26.08.2020	1909,699951	1950,800049	1909,699951	1940,699951	287
51	-27	8	27.08.2020	1948,900024	1972,5	1921,599976	1921,599976	2303
49	38	7	28.08.2020	1927,099976	1971,300049	1922,5	1964,599976	778
18	-2	5	31.08.2020	1970	1971,300049	1953,300049	1967,599976	158
25	6	5	01.09.2020	1961,699951	1986,300049	1961,699951	1968,199951	186
33	-33	4	02.09.2020	1967,300049	1967,300049	1934,400024	1934,400024	71
16	-10	5	03.09.2020	1937,099976	1938,800049	1923	1927,599976	179
22	-4	6	04.09.2020	1927,900024	1939,699951	1917,699951	1923,900024	607
35	2	6	08.09.2020	1930,900024	1937,900024	1903,099976	1933	271
22	18	5	09.09.2020	1926,900024	1946,199951	1924,599976	1944,699951	219
19	10	7	10.09.2020	1944,099976	1962,699951	1944,099976	1954,199951	722
12	-6	4	11.09.2020	1944	1949,5	1937,800049	1937,800049	73
10	7	4	14.09.2020	1946,300049	1953,099976	1943	1953,099976	55
13	0	4	15.09.2020	1955,800049	1968,5	1955,800049	1956,300049	74
5	-1	5	16.09.2020	1961,300049	1961,400024	1956,699951	1960,199951	124
12	1	4	17.09.2020	1939	1946	1933,699951	1940	67
3	2	4	18.09.2020	1950,5	1952,099976	1949	1952,099976	38
52	-45	4	21.09.2020	1946,199951	1946,199951	1894,3973026663673	1901,199951	52
14	-14	6	22.09.2020	1913,099976	1913,099976	1898,599976	1898,599976	331
16	-16	2	23.09.2020	1875,5	1875,5	1859,900024	1859,900024	5
17	17	6	24.09.2020	1851,5	1868,300049	1851,5	1868,300049	365
1	1	2	25.09.2020	1856,300049	1857,699951	1856,300049	1857,699951	4
0	0	9	28.09.2020	1872,800049	1872,800049	1872,800049	1872,800049	10455
23	18	8	29.09.2020	1876,5	1895,400024	1872,400024	1894,300049	3283
20	-6	6	30.09.2020	1893	1899,699951	1879,800049	1887,5	600
27	24	7	01.10.2020	1884,099976	1909,599976	1882,5	1908,400024	730
19	6	6	02.10.2020	1893,900024	1913	1893,900024	1900,199951	530
31	14	7	05.10.2020	1898,900024	1915,599976	1884,699951	1912,5	1360
44	-6	7	06.10.2020	1906,599976	1918	1874,400024	1901,099976	968
17	10	4	07.10.2020	1874,099976	1889,800049	1873,099976	1883,599976	50
10	-4	6	08.10.2020	1893	1893	1882,699951	1888,599976	348
24	10	6	09.10.2020	1909,300049	1929,099976	1905,099976	1919,5	580
5	-2	5	12.10.2020	1924	1926,5	1921,599976	1922,5	96
35	-33	5	13.10.2020	1921,900024	1922,199951	1887	1888,5	191
28	12	4	14.10.2020	1889,699951	1910,800049	1882,5	1901,300049	33
17	6	6	15.10.2020	1897,300049	1906,300049	1889,599976	1903,199951	254
2	2	4	16.10.2020	1898,5	1900,800049	1898,5	1900,800049	53
8	-1	4	19.10.2020	1907,300049	1907,800049	1899,5	1906,400024	43
14	9	6	20.10.2020	1901,300049	1910,400024	1896,099976	1910,400024	329
14	11	7	21.10.2020	1913,599976	1927,300049	1913,599976	1924,599976	1202
26	-23	7	22.10.2020	1924,300049	1924,300049	1898,199951	1901,099976	899
17	2	6	23.10.2020	1899,900024	1913,300049	1896,199951	1902	287
14	7	5	26.10.2020	1895,5	1907	1893,5	1902,699951	242
4	4	5	27.10.2020	1904,599976	1908,800049	1904,400024	1908,800049	176
5	5	6	28.10.2020	1870,900024	1876,199951	1870,900024	1876,199951	277
21	-10	5	29.10.2020	1876,099976	1879,800049	1858,800049	1865,599976	240
24	15	7	30.10.2020	1862,800049	1886,599976	1862,800049	1877,400024	725
22	18	5	02.11.2020	1872,900024	1894,699951	1872,900024	1890,400024	190
17	17	7	03.11.2020	1891,5	1908,5	1891,5	1908,5	712
22	1	7	04.11.2020	1893,800049	1907	1885,300049	1894,599976	782
46	44	5	05.11.2020	1901,699951	1948	1901,699951	1945,300049	135
18	10	6	06.11.2020	1940,800049	1958,800049	1940,800049	1950,300049	304
77	-63	7	09.11.2020	1955,599976	1963,199951	1886,1973516663672	1892,5268866235947	745
39	-22	6	10.11.2020	1897,2989117297984	1910,4237666588965	1871,199951	1875,400024	276
23	-18	5	11.11.2020	1878,800049	1878,800049	1855,5	1860,699951	222
12	4	5	12.11.2020	1869	1878,5	1866,599976	1872,599976	220
13	9	5	13.11.2020	1877	1890,099976	1876,800049	1885,699951	240
16	13	2	16.11.2020	1874,599976	1887,300049	1871	1887,300049	6
4	-4	4	17.11.2020	1888,400024	1888,400024	1884,5	1884,5	59
0	0	5	18.11.2020	1873,5	1873,5	1873,5	1873,5	152
10	-5	4	19.11.2020	1865,800049	1865,800049	1856	1861,099976	59
1	1	8	20.11.2020	1871,199951	1872,599976	1871,199951	1872,599976	1900
9	3	7	23.11.2020	1834,800049	1837,800049	1829,199951	1837,800049	843
30	-24	7	24.11.2020	1829,300049	1829,300049	1799,300049	1804,800049	1041
4	4	11	25.11.2020	1801,400024	1805,699951	1801,400024	1805,699951	89295
46	-24	11	27.11.2020	1806,099976	1817	1770,699951	1781,900024	71804
25	-9	8	30.11.2020	1785	1787,199951	1762,300049	1775,699951	3145
41	39	8	01.12.2020	1775	1815,900024	1774,900024	1814,099976	1859
22	14	7	02.12.2020	1811,300049	1830	1807,800049	1825,699951	771
17	8	7	03.12.2020	1829,199951	1842	1825,300049	1836,800049	1765
19	-5	7	04.12.2020	1840,699951	1847,599976	1828,199951	1835,900024	1213
46	25	7	07.12.2020	1836,5	1866,900024	1820,800049	1861,800049	1427
14	8	5	08.12.2020	1863	1875,800049	1861,800049	1870,800049	121
40	-32	5	09.12.2020	1867,099976	1867,099976	1827	1834,599976	215
21	0	5	10.12.2020	1833,199951	1849,099976	1828	1833,599976	177
17	1	5	11.12.2020	1838,5	1846	1829,099976	1839,800049	109
13	-7	6	14.12.2020	1835,5	1835,699951	1822,699951	1828,699951	258
20	19	7	15.12.2020	1833,5	1853,599976	1833,199951	1852,300049	961
14	0	7	16.12.2020	1856,5	1864,699951	1850,5	1856,099976	1090
22	13	6	17.12.2020	1874,199951	1896,199951	1874,199951	1887,199951	414
7	3	6	18.12.2020	1882,400024	1889,5	1882,300049	1885,699951	276
39	-6	5	21.12.2020	1884,800049	1908	1869,099976	1879,199951	136
21	-16	5	22.12.2020	1882,199951	1882,199951	1861	1866,599976	233
14	8	4	23.12.2020	1867	1878,800049	1864,5	1874,699951	82
4	3	4	24.12.2020	1877,300049	1879,900024	1875,699951	1879,900024	46
22	-18	4	28.12.2020	1895,5	1895,800049	1873,699951	1877,199951	75
2	-2	6	29.12.2020	1881,300049	1881,300049	1879,699951	1879,699951	343
18	11	6	30.12.2020	1879,900024	1895,800049	1877,300049	1891	444
9	-4	5	31.12.2020	1897	1901,300049	1892,699951	1893,099976	127
33	32	5	04.01.2021	1912,199951	1945,099976	1912,199951	1944,699951	154
11	11	5	05.01.2021	1941,699951	1952,699951	1941,300049	1952,699951	113
58	-45	6	06.01.2021	1952	1959,900024	1901,5	1906,900024	331
15	-10	5	07.01.2021	1922,599976	1926,699951	1912	1912,300049	122
51	-53	4	08.01.2021	1908	1908	1857,3973026663673	1854,5268866235947	60
29	0	3	11.01.2021	1849,6989357297984	1855,2238156588965	1826,5	1849,599976	20
20	-6	5	12.01.2021	1849	1859,699951	1839,400024	1842,900024	176
5	-4	5	13.01.2021	1858	1858,599976	1853,599976	1853,599976	189
14	14	5	14.01.2021	1836,699951	1850,699951	1836,699951	1850,300049	149
4	0	3	15.01.2021	1829,400024	1829,400024	1825	1829,300049	31
41	38	3	19.01.2021	1802	1842,900024	1802	1839,5	13
22	18	3	20.01.2021	1847,800049	1866,599976	1844,400024	1865,900024	16
3	0	2	21.01.2021	1865,300049	1868	1865,300049	1865,300049	6
3	1	2	22.01.2021	1854,900024	1855,699951	1852,699951	1855,699951	8
13	-10	3	25.01.2021	1864,699951	1864,699951	1851,800049	1854,900024	26
5	-5	4	26.01.2021	1855,800049	1855,800049	1850,699951	1850,699951	59
0	0	11	27.01.2021	1844,900024	1844,900024	1844,900024	1844,900024	88313
31	-6	10	28.01.2021	1843,400024	1862,900024	1831,5	1837,900024	27283
37	5	7	29.01.2021	1842	1876	1838,699951	1847,300049	1634
22	-6	7	01.02.2021	1866,599976	1871,900024	1850	1860,800049	1494
34	-29	7	02.02.2021	1859,599976	1861,300049	1827,599976	1830,5	1293
13	-3	7	03.02.2021	1834,800049	1842,400024	1829,800049	1832,199951	1195
49	-43	8	04.02.2021	1832,199951	1832,199951	1782,800049	1788,900024	2375
23	17	7	05.02.2021	1794,300049	1813,5	1790,900024	1810,900024	1278
28	16	6	08.02.2021	1816,300049	1836,699951	1809	1831,900024	254
13	-7	5	09.02.2021	1841,900024	1843,300049	1830,699951	1835,300049	184
14	-2	6	10.02.2021	1842,599976	1851,099976	1837	1840,599976	543
24	-16	6	11.02.2021	1840,5	1845	1820,900024	1824,900024	602
18	-3	6	12.02.2021	1825	1827,5	1809,199951	1821,599976	259
36	-24	7	16.02.2021	1820,900024	1823,400024	1787,300049	1797,199951	1141
21	-15	6	17.02.2021	1785,800049	1789,699951	1768,800049	1771,099976	614
19	-3	6	18.02.2021	1776,099976	1784,599976	1766	1773,400024	587
23	12	5	19.02.2021	1764,300049	1787,599976	1764,300049	1775,800049	118
24	23	5	22.02.2021	1784	1807,800049	1784	1806,699951	165
15	-5	6	23.02.2021	1809,599976	1811,300049	1796,400024	1804,400024	569
9	-9	7	24.02.2021	1805,800049	1805,800049	1796,400024	1796,400024	1500
35	-27	7	25.02.2021	1801,5	1802	1766,699951	1774,400024	1049
49	-40	7	26.02.2021	1768,099976	1768,199951	1718,800049	1728,099976	1593
27	-15	6	01.03.2021	1737,099976	1747	1720,300049	1722,5	407
24	24	7	02.03.2021	1709,400024	1733,099976	1708,699951	1733,099976	867
29	-15	6	03.03.2021	1730	1732,400024	1703,5	1715,300049	501
17	-6	6	04.03.2021	1706,5	1717,400024	1700,199951	1700,199951	521
16	7	6	05.03.2021	1690,599976	1701	1685	1698	302
32	-27	7	08.03.2021	1704,699951	1705,400024	1673,699951	1677,699951	1290
32	30	6	09.03.2021	1686,199951	1717,5	1685,199951	1716,599976	335
12	8	6	10.03.2021	1713,599976	1722,900024	1711	1721,5	412
17	-3	3	11.03.2021	1725,599976	1737,5	1720,199951	1722,300049	18
24	4	4	12.03.2021	1715,900024	1722,5	1699	1719,5	80
9	-1	5	15.03.2021	1729,5	1731,900024	1722,800049	1728,900024	147
8	-2	7	16.03.2021	1732,300049	1733,900024	1726	1730,599976	729
24	-8	6	17.03.2021	1735,300049	1750,099976	1725,599976	1726,800049	488
28	-14	5	18.03.2021	1745,800049	1750,300049	1721,800049	1732,199951	138
9	-1	3	19.03.2021	1742,199951	1742,199951	1733,599976	1741,400024	13
0	0	4	22.03.2021	1737,800049	1737,800049	1737,800049	1737,800049	51
0	0	2	23.03.2021	1724,699951	1724,699951	1724,699951	1724,699951	6
5	5	3	24.03.2021	1727,5	1732,900024	1727,5	1732,900024	26
9	-8	3	25.03.2021	1732,699951	1733,199951	1724,5	1724,900024	15
11	11	4	26.03.2021	1721,300049	1732,199951	1721,300049	1732,199951	33
0	0	11	29.03.2021	1712,099976	1712,099976	1712,099976	1712,099976	88287
36	-27	10	30.03.2021	1711	1712,599976	1676,5	1683,900024	25316
37	30	7	31.03.2021	1683,699951	1713,800049	1676,5	1713,800049	762
22	20	7	01.04.2021	1706,800049	1728,800049	1706,400024	1726,5	720
8	-1	6	05.04.2021	1727,900024	1729,699951	1721,900024	1727	275
18	15	7	06.04.2021	1726,900024	1744,800049	1726,900024	1741,5	890
9	-3	6	07.04.2021	1742,699951	1742,699951	1733,699951	1740,099976	557
23	21	7	08.04.2021	1736	1758	1734,599976	1756,800049	1298
18	-8	6	09.04.2021	1750,800049	1750,800049	1733,300049	1743,300049	484
14	-10	4	12.04.2021	1740,800049	1740,800049	1726,699951	1731,199951	40
25	12	6	13.04.2021	1733,800049	1746,900024	1722,099976	1746,199951	367
13	-6	7	14.04.2021	1741,300049	1745,900024	1732,699951	1734,900024	1037
28	25	6	15.04.2021	1740,099976	1767,900024	1740,099976	1765,400024	368
9	9	6	16.04.2021	1770,400024	1779,5	1770,099976	1779	625
19	-13	5	19.04.2021	1782,099976	1788,5	1769,400024	1769,400024	144
12	8	7	20.04.2021	1769,300049	1777,300049	1765,5	1777,300049	1464
16	9	6	21.04.2021	1783	1794,099976	1777,699951	1792,300049	250
15	-13	5	22.04.2021	1794,199951	1794,199951	1779,5	1781,199951	159
22	-9	6	23.04.2021	1786,099976	1794,5	1772	1777	332
9	1	6	26.04.2021	1778	1779,699951	1770,800049	1779,199951	549
4	-2	5	27.04.2021	1780	1782	1777,699951	1778	117
9	5	7	28.04.2021	1768,199951	1774	1764,599976	1773,199951	756
30	-13	5	29.04.2021	1781	1789	1758,599976	1768,099976	196
8	-4	3	30.04.2021	1771,800049	1771,800049	1763,900024	1767,300049	18
4	3	3	03.05.2021	1788,5	1793	1788,5	1791,400024	18
14	-12	5	04.05.2021	1788,199951	1788,5	1774,800049	1775,800049	182
5	3	4	05.05.2021	1781,5	1784,099976	1779,199951	1784,099976	57
28	27	3	06.05.2021	1788,900024	1815,5	1787,599976	1815,5	13
12	-12	1	07.05.2021	1842,900024	1842,900024	1831,099976	1831,099976	2
10	2	3	10.05.2021	1835,599976	1845,599976	1835,400024	1837,5	13
6	-1	6	11.05.2021	1837,199951	1838,099976	1831,599976	1835,900024	420
4	-3	1	12.05.2021	1825,199951	1825,199951	1821,699951	1822,599976	3
13	9	5	13.05.2021	1814,699951	1826,800049	1814,099976	1823,800049	100
18	13	4	14.05.2021	1824,5	1842,900024	1824,5	1837,900024	41
20	18	3	17.05.2021	1849,900024	1867,5	1847,199951	1867,5	13
3	-3	1	18.05.2021	1870,5	1870,5	1867,800049	1867,800049	3
21	15	6	19.05.2021	1866,400024	1884,900024	1863,599976	1881,300049	348
20	16	4	20.05.2021	1865,5	1885	1864,800049	1881,800049	85
5	5	2	21.05.2021	1872,099976	1876,699951	1872,099976	1876,699951	5
2	2	4	24.05.2021	1882,099976	1884,599976	1882,099976	1884,599976	39
16	16	4	25.05.2021	1882,5	1898,099976	1882,5	1898,099976	56
0	0	11	26.05.2021	1901,300049	1901,300049	1901,300049	1901,300049	88310
16	-1	10	27.05.2021	1896,800049	1903,900024	1888,199951	1895,699951	35794
24	5	8	28.05.2021	1897,5	1905,400024	1881,900024	1902,5	2415
23	-2	6	01.06.2021	1905,099976	1916,199951	1892,800049	1902,900024	640
13	8	7	02.06.2021	1899,199951	1908,800049	1896	1907,5	1267
44	-38	7	03.06.2021	1908,800049	1908,800049	1865	1871,199951	1021
42	20	6	04.06.2021	1869,300049	1895,5	1854	1889,800049	367
16	6	4	07.06.2021	1890,5	1899,699951	1883,199951	1896,800049	87
13	-4	7	08.06.2021	1896,5	1902,900024	1890	1892,199951	930
8	-2	5	09.06.2021	1894,900024	1897,699951	1889,199951	1893,199951	148
28	6	5	10.06.2021	1887,699951	1899,800049	1871,5	1894,199951	186
27	-24	6	11.06.2021	1900,900024	1902,300049	1875,199951	1877,400024	349
20	-2	4	14.06.2021	1866,199951	1866,599976	1846,5	1864	41
13	-12	4	15.06.2021	1866,400024	1867,199951	1854,400024	1854,5	78
51	0	5	16.06.2021	1859,400024	1860,099976	1809,199951	1859,5	117
54	-10	7	17.06.2021	1811,800049	1823,300049	1769,599976	1801,7268376235947	1135
24	-8	6	18.06.2021	1775,699951	1792,400024	1767,900024	1767,900024	354
18	13	4	21.06.2021	1768,800049	1785,199951	1766,800049	1781,800049	38
11	-7	5	22.06.2021	1783,400024	1786,900024	1775,900024	1776,300049	101
13	2	5	23.06.2021	1780,699951	1793,199951	1780,599976	1782,300049	136
11	-3	4	24.06.2021	1778,900024	1786,400024	1775,599976	1775,599976	78
13	-1	4	25.06.2021	1777,699951	1788	1775,199951	1776,599976	35
0	0	7	28.06.2021	1779,599976	1779,599976	1779,599976	1779,599976	888
25	-14	6	29.06.2021	1776,800049	1777,099976	1752,099976	1762,800049	419
12	10	4	30.06.2021	1761,099976	1770,800049	1759,199951	1770,800049	51
12	0	4	01.07.2021	1775,699951	1781,199951	1768,800049	1775,900024	44
10	4	3	02.07.2021	1778,699951	1787,900024	1778,300049	1782,599976	23
23	7	6	06.07.2021	1786,699951	1809,800049	1786,699951	1793,5	332
11	3	6	07.07.2021	1798,699951	1808,400024	1797,199951	1801,5	244
22	3	5	08.07.2021	1797	1818,5	1797	1799,599976	148
11	6	5	09.07.2021	1803,599976	1810,099976	1798,800049	1810	218
6	3	5	12.07.2021	1802,599976	1805,5	1799,5	1805,5	147
11	1	4	13.07.2021	1808,099976	1812	1800,599976	1809,400024	78
16	11	7	14.07.2021	1813,099976	1829	1813,099976	1824,300049	707
10	-3	5	15.07.2021	1831,599976	1833	1823,400024	1828,400024	99
17	-16	4	16.07.2021	1830,099976	1831,400024	1814,5	1814,5	78
10	5	4	19.07.2021	1803,300049	1813,400024	1803,300049	1808,699951	33
13	-2	5	20.07.2021	1812,900024	1824	1810,900024	1810,900024	128
7	-4	5	21.07.2021	1807	1807	1800	1802,900024	135
11	11	1	22.07.2021	1793,599976	1805	1793,599976	1805	2
1	1	1	23.07.2021	1800	1801,400024	1800	1801,400024	1
5	-4	3	26.07.2021	1802,5	1802,5	1797,199951	1798,699951	17
4	-4	1	27.07.2021	1803,699951	1803,699951	1799,5	1799,5	1
0	0	11	28.07.2021	1799,5	1799,5	1799,5	1799,5	88255
26	25	10	29.07.2021	1806,599976	1832,599976	1806,099976	1831,199951	30496
22	-15	8	30.07.2021	1828	1830,5	1808,900024	1812,599976	3100
14	6	7	02.08.2021	1812,400024	1818,699951	1804,800049	1818,099976	1334
8	-2	8	03.08.2021	1812,300049	1813,5	1806	1810,099976	3341
25	1	8	04.08.2021	1809,300049	1831,300049	1806,300049	1810,5	2860
18	-6	6	05.08.2021	1810,800049	1813,699951	1796	1805,099976	588
42	-40	7	06.08.2021	1799,800049	1800,099976	1758,400024	1760	859
50	-30	7	09.08.2021	1753,5	1753,800049	1703,7973266663673	1723,400024	1621
15	0	7	10.08.2021	1728,599976	1735,199951	1720,099976	1728,800049	1363
25	23	6	11.08.2021	1727,300049	1752,199951	1727,300049	1750,400024	542
7	-1	7	12.08.2021	1749,699951	1752,400024	1745,5	1749	739
20	17	6	13.08.2021	1758,300049	1777,300049	1757,400024	1775,199951	436
16	10	5	16.08.2021	1776,900024	1787,800049	1771,900024	1786,900024	219
14	-3	5	17.08.2021	1787,699951	1794,199951	1780	1785	200
12	-6	6	18.08.2021	1787,800049	1791,5	1779	1781,599976	263
14	0	6	19.08.2021	1780	1789,300049	1775,5	1780,199951	245
9	-3	5	20.08.2021	1784,099976	1787,5	1778,199951	1781	235
28	26	3	23.08.2021	1776,800049	1804,800049	1776,800049	1803,199951	32
5	5	3	24.08.2021	1801	1805,599976	1801	1805,599976	22
9	-4	7	25.08.2021	1792	1792,900024	1784	1788,199951	812
11	5	4	26.08.2021	1787,400024	1792,199951	1781	1792,199951	61
14	13	7	27.08.2021	1803,400024	1816,599976	1803,099976	1816,599976	1219
12	-9	7	30.08.2021	1818,199951	1820,300049	1807,800049	1809	684
15	-1	4	31.08.2021	1815,900024	1815,900024	1801,099976	1815	82
6	0	5	01.09.2021	1813,5	1815,900024	1809,5	1813,099976	114
7	-4	3	02.09.2021	1813,199951	1813,900024	1806,800049	1808,699951	26
15	10	4	03.09.2021	1820,900024	1833,900024	1818,900024	1830,900024	53
33	-30	4	07.09.2021	1825,699951	1825,699951	1792,699951	1795,900024	48
9	9	4	08.09.2021	1781,699951	1790,699951	1781,699951	1790,699951	69
11	-1	4	09.09.2021	1798,699951	1798,699951	1787,900024	1797,400024	49
0	0	0	10.09.2021	1789,599976	1789,599976	1789,599976	1789,599976	0
12	2	6	13.09.2021	1789,800049	1796	1784	1792	533
23	13	7	14.09.2021	1791,400024	1806,199951	1783	1804,699951	764
11	-11	4	15.09.2021	1803,699951	1803,699951	1792,400024	1792,400024	59
49	-38	7	16.09.2021	1792,900024	1792,900024	1743,900024	1754,599976	1645
14	-9	6	17.09.2021	1758,800049	1763	1749,400024	1749,400024	581
11	10	5	20.09.2021	1751,800049	1761,800049	1750,900024	1761,800049	185
17	14	5	21.09.2021	1762,199951	1776	1759	1776	106
17	0	3	22.09.2021	1776,699951	1784,300049	1767	1776,699951	17
29	-19	3	23.09.2021	1766,800049	1766,800049	1738,199951	1747,699951	31
5	0	4	24.09.2021	1749,699951	1749,699951	1745	1749,699951	76
7	-2	7	27.09.2021	1751,699951	1754,400024	1747,5	1750	808
15	-4	10	28.09.2021	1739,599976	1741,699951	1726,800049	1735,800049	15748
23	-11	9	29.09.2021	1732,400024	1744,099976	1721,400024	1721,5	6634
36	30	7	30.09.2021	1725,5	1760,300049	1724,5	1755,300049	997
14	3	8	01.10.2021	1754,300049	1762,599976	1748,5	1757	2220
19	2	6	04.10.2021	1764,5	1768,900024	1749,5	1766,199951	417
15	-5	5	05.10.2021	1764,300049	1764,300049	1749	1759,599976	98
18	1	4	06.10.2021	1759,300049	1762,900024	1744,699951	1760,5	56
10	-4	6	07.10.2021	1762,400024	1762,400024	1752,800049	1757,900024	336
26	-1	6	08.10.2021	1757	1780	1754,199951	1756,300049	254
6	-2	5	11.10.2021	1756,599976	1757,800049	1752,199951	1754,599976	128
18	6	5	12.10.2021	1751,900024	1768	1749,800049	1758,300049	139
34	33	5	13.10.2021	1760,800049	1794,5	1760,800049	1793,699951	150
8	4	6	14.10.2021	1792,199951	1799,900024	1792	1796,699951	337
29	-27	7	15.10.2021	1794,5	1795,400024	1766,599976	1767,199951	874
11	3	6	18.10.2021	1761,599976	1770,099976	1759,5	1764,800049	266
18	-8	4	19.10.2021	1777,599976	1785	1767,5	1769,699951	51
12	10	5	20.10.2021	1774,599976	1785,599976	1774	1784,099976	127
5	-1	5	21.10.2021	1782	1785,699951	1781	1781,199951	146
23	8	6	22.10.2021	1787,099976	1806,900024	1784	1795,5	532
15	12	5	25.10.2021	1794,300049	1809	1794	1806	140
20	-16	6	26.10.2021	1808,800049	1808,800049	1788,599976	1792,699951	359
7	6	6	27.10.2021	1791,5	1798,099976	1791,5	1797,900024	543
12	6	6	28.10.2021	1795,5	1807,300049	1795,5	1801,599976	452
22	-10	6	29.10.2021	1793,099976	1797	1774,599976	1783	583
8	8	5	01.11.2021	1787,5	1795,099976	1786,699951	1795,099976	142
8	-2	5	02.11.2021	1790,5	1795,5	1787,699951	1788,699951	213
6	-4	5	03.11.2021	1768	1768	1761,800049	1763,599976	108
22	16	5	04.11.2021	1776,599976	1798,199951	1776,199951	1793	103
22	22	5	05.11.2021	1794,900024	1817,099976	1794,900024	1816,400024	239
10	10	6	08.11.2021	1817	1827,400024	1816,900024	1827,400024	261
12	4	5	09.11.2021	1826,099976	1832,699951	1820,699951	1830,199951	170
40	22	7	10.11.2021	1825,800049	1865	1824,900024	1847,599976	795
13	9	6	11.11.2021	1853,900024	1866,5	1853,900024	1863,199951	292
20	7	5	12.11.2021	1860,800049	1867,900024	1847,599976	1867,900024	210
2	2	4	15.11.2021	1864,5	1866,900024	1864,5	1866,099976	87
0	0	1	16.11.2021	1853,599976	1853,599976	1853,599976	1853,599976	1
7	7	1	17.11.2021	1862,599976	1869,699951	1862,599976	1869,699951	2
0	0	2	18.11.2021	1861	1861	1861	1861	9
0	0	3	19.11.2021	1851,199951	1851,199951	1851,199951	1851,199951	21
36	-36	3	22.11.2021	1841,599976	1841,599976	1805,699951	1806	14
12	-12	6	23.11.2021	1795,5	1795,5	1783,5	1783,5	264
12	-9	5	24.11.2021	1793	1793	1781,400024	1784,099976	188
6	-6	11	26.11.2021	1791,099976	1791,400024	1785,300049	1785,300049	88442
20	-9	10	29.11.2021	1791,699951	1798,900024	1779,099976	1782,300049	26926
39	-10	8	30.11.2021	1783,900024	1808,099976	1768,699951	1773,599976	4903
18	7	7	01.12.2021	1774,800049	1790,5	1772,300049	1781,599976	1128
20	-20	7	02.12.2021	1780,900024	1780,900024	1760,599976	1760,699951	1557
19	14	7	03.12.2021	1767,5	1785,099976	1766,5	1782	694
6	-3	6	06.12.2021	1780,199951	1783	1777,199951	1777,5	381
14	3	6	07.12.2021	1779,5	1786,099976	1772,300049	1782,599976	308
11	-6	7	08.12.2021	1789,900024	1789,900024	1779	1783,400024	1383
12	-9	6	09.12.2021	1783,5	1783,5	1771,800049	1774,599976	455
16	9	6	10.12.2021	1773,800049	1785,400024	1769,099976	1782,900024	545
3	2	5	13.12.2021	1784,400024	1787,099976	1783,800049	1786,300049	206
18	-17	6	14.12.2021	1787	1787	1769	1770,400024	322
25	-5	6	15.12.2021	1767,400024	1778,699951	1753,900024	1762,599976	283
17	16	3	16.12.2021	1781	1798,099976	1781	1796,599976	21
9	0	6	17.12.2021	1804	1812,900024	1803,800049	1803,800049	654
8	-3	5	20.12.2021	1796,800049	1799,800049	1792	1793,699951	226
9	-4	6	21.12.2021	1791,400024	1796,5	1787,900024	1787,900024	575
20	16	6	22.12.2021	1786	1805,199951	1785,5	1801,599976	567
10	5	5	23.12.2021	1806	1811,199951	1800,800049	1811,199951	193
5	-2	5	27.12.2021	1810	1812,099976	1807	1808,099976	150
12	-2	5	28.12.2021	1812	1818	1805,5	1810,199951	146
14	2	6	29.12.2021	1803,199951	1805,099976	1791,400024	1805,099976	623
20	11	6	30.12.2021	1801,699951	1816	1796	1812,699951	306
6	2	4	31.12.2021	1825,099976	1827,800049	1821,400024	1827,5	80
31	-31	5	03.01.2022	1830,099976	1830,099976	1798,800049	1799,400024	116
15	14	4	04.01.2022	1800,5	1815,300049	1800	1814	38
12	12	2	05.01.2022	1813,099976	1824,599976	1813,099976	1824,599976	8
4	2	3	06.01.2022	1787,099976	1791,300049	1787,099976	1788,699951	30
13	5	3	07.01.2022	1791,800049	1797	1784,400024	1797	17
8	4	6	10.01.2022	1794,900024	1798,699951	1790,400024	1798,400024	534
20	15	7	11.01.2022	1803,900024	1822,5	1803	1818,599976	743
10	8	7	12.01.2022	1819	1827,199951	1816,900024	1827,199951	1547
8	1	4	13.01.2022	1819,800049	1823	1815,400024	1821,199951	40
6	-5	7	14.01.2022	1821,5	1822	1816,5	1816,5	816
8	-4	7	18.01.2022	1816,800049	1820,099976	1812,300049	1812,300049	900
26	26	2	19.01.2022	1817,400024	1843,099976	1817,400024	1843,099976	4
5	2	3	20.01.2022	1840,599976	1843	1838,199951	1842,5	20
14	-6	3	21.01.2022	1838	1842,400024	1828,900024	1831,800049	19
4	4	2	24.01.2022	1837,900024	1842,099976	1837,900024	1841,699951	8
11	10	2	25.01.2022	1843	1852,699951	1842	1852,699951	11
0	0	4	26.01.2022	1829,900024	1829,900024	1829,900024	1829,900024	55
0	0	11	27.01.2022	1793,300049	1793,300049	1793,300049	1793,300049	88309
20	-13	10	28.01.2022	1797,5	1798,400024	1778,800049	1784,900024	28521
13	6	7	31.01.2022	1788,5	1798,5	1785,099976	1795	1735
9	3	5	01.02.2022	1797,199951	1806,099976	1797,099976	1800,300049	223
15	11	7	02.02.2022	1797,800049	1810,099976	1795,099976	1809,199951	1690
20	-3	6	03.02.2022	1805,800049	1808,099976	1787,900024	1803	466
21	1	6	04.02.2022	1806	1813,699951	1792,5	1806,599976	571
12	8	6	07.02.2022	1812,199951	1821,300049	1809,099976	1820,599976	601
13	8	5	08.02.2022	1818,900024	1827,599976	1815	1826,599976	108
10	10	7	09.02.2022	1825,400024	1835,199951	1825,300049	1835,199951	683
21	3	6	10.02.2022	1833,300049	1842,099976	1820,800049	1836,199951	365
43	19	5	11.02.2022	1822	1864,800049	1822	1840,800049	181
16	6	4	14.02.2022	1861,800049	1870,599976	1854,599976	1868	79
32	-18	4	15.02.2022	1872,599976	1879,699951	1847,400024	1854,800049	86
14	12	4	16.02.2022	1858,699951	1870,199951	1856,300049	1870,199951	34
24	24	6	17.02.2022	1876,300049	1900,699951	1876,199951	1900,699951	393
9	-1	4	18.02.2022	1899,400024	1899,400024	1890,699951	1898,599976	51
21	-2	5	22.02.2022	1908,099976	1912	1890,800049	1906,099976	173
15	13	4	23.02.2022	1896,599976	1910,599976	1895,699951	1909,199951	73
53	13	8	24.02.2022	1911,900024	1964,9767543395717	1911,699951	1925,099976	2706
36	-20	6	25.02.2022	1906,900024	1920	1883,599976	1886,5	586
34	-29	6	28.02.2022	1928,300049	1928,400024	1894,199951	1899,400024	390
39	34	6	01.03.2022	1908,300049	1942,400024	1903,800049	1942,400024	547
28	-25	5	02.03.2022	1945,599976	1948,199951	1919,800049	1920,900024	109
16	4	5	03.03.2022	1930,5	1940,300049	1924,800049	1934,400024	122
35	28	4	04.03.2022	1937	1970,900024	1935,599976	1965,099976	47
38	5	8	07.03.2022	1989	2001,099976	1963	1993,900024	2516
57	41	8	08.03.2022	1999,400024	2055,476754339572	1998	2040,099976	1813
82	-68	7	09.03.2022	2053,600098	2063	1980,800049	1985,900024	1022
32	3	7	10.03.2022	1995,2990337297983	2010,5	1978,099976	1998,099976	670
36	-2	7	11.03.2022	1985	1996	1959,900024	1982,699951	865
18	-17	5	14.03.2022	1976,5	1977,699951	1959,599976	1959,599976	145
29	-11	4	15.03.2022	1939,800049	1939,900024	1910,699951	1928,5	71
15	-14	5	16.03.2022	1922,400024	1922,400024	1907,199951	1908	104
13	8	4	17.03.2022	1933,900024	1947,199951	1933,900024	1942,099976	39
11	-6	3	18.03.2022	1934,5	1939,300049	1928,199951	1928,199951	28
4	3	2	21.03.2022	1925,400024	1928,599976	1925	1928,599976	5
0	0	3	22.03.2022	1920,699951	1920,699951	1920,699951	1920,699951	26
0	0	5	23.03.2022	1936,599976	1936,599976	1936,599976	1936,599976	204
2	-2	2	24.03.2022	1963,599976	1964	1961,599976	1961,599976	8
0	0	4	25.03.2022	1953,800049	1953,800049	1953,800049	1953,800049	83
7	7	2	28.03.2022	1932,599976	1939,599976	1932,599976	1939,599976	7
18	18	11	29.03.2022	1893,5	1912	1893,5	1912	88261
22	15	10	30.03.2022	1918,400024	1937	1914,5	1933,5	17765
31	16	8	31.03.2022	1933,5	1949,900024	1919,099976	1949,199951	3617
21	-16	7	01.04.2022	1935	1938	1917	1919,099976	1016
20	8	6	04.04.2022	1921,199951	1936,099976	1915,599976	1929,199951	371
25	-4	6	05.04.2022	1927,099976	1943,5	1918,400024	1922,900024	412
15	2	5	06.04.2022	1916,699951	1931,800049	1916,699951	1918,400024	138
15	14	6	07.04.2022	1919,5	1934,800049	1919,5	1933,800049	311
19	13	5	08.04.2022	1928,800049	1947,699951	1928,800049	1941,599976	153
27	-2	5	11.04.2022	1946,599976	1968,400024	1941,800049	1944,300049	163
26	20	6	12.04.2022	1952,5	1977,099976	1950,599976	1972,099976	246
12	12	5	13.04.2022	1969,5	1981	1969,5	1981	204
16	-6	5	14.04.2022	1977,199951	1978,699951	1963	1970,900024	101
24	10	5	18.04.2022	1973,400024	1997,099976	1972,800049	1982,900024	196
33	-18	5	19.04.2022	1973,800049	1978,300049	1945,699951	1955,699951	130
8	7	6	20.04.2022	1945,5	1953,599976	1945,5	1952,300049	621
2	2	2	21.04.2022	1942,5	1944,900024	1942,5	1944,900024	4
20	-19	5	22.04.2022	1949,599976	1950,400024	1930,199951	1931	178
36	-32	7	25.04.2022	1925	1925	1889,300049	1893,199951	748
15	1	6	26.04.2022	1900,5	1909,099976	1894	1901,400024	302
18	-12	7	27.04.2022	1897,800049	1900,599976	1882,199951	1885,900024	1786
20	5	6	28.04.2022	1883,800049	1893	1872,900024	1888,699951	513
16	7	5	29.04.2022	1902,699951	1918,199951	1902,400024	1909,300049	132
44	-35	6	02.05.2022	1896,699951	1896,800049	1853	1861,800049	385
0	0	6	03.05.2022	1868,800049	1868,800049	1868,800049	1868,800049	466
0	0	1	04.05.2022	1867	1867	1867	1867	1
30	-23	4	05.05.2022	1897	1904,300049	1874	1874	80
19	6	5	06.05.2022	1874,699951	1890,300049	1871,5	1881,199951	214
14	-10	6	09.05.2022	1866,599976	1867,5	1854	1857,099976	304
0	0	7	10.05.2022	1839,900024	1839,900024	1839,900024	1839,900024	1540
12	11	7	11.05.2022	1841,5	1852,599976	1841	1852,599976	892
30	-26	5	12.05.2022	1849,800049	1851,900024	1822,199951	1823,800049	153
18	-18	6	13.05.2022	1825	1825	1807,400024	1807,400024	335
26	23	4	16.05.2022	1790,5	1813,5	1787	1813,5	34
12	-7	5	17.05.2022	1824,900024	1828,599976	1816,699951	1818,199951	121
15	1	6	18.05.2022	1815	1819,699951	1805	1815,900024	311
30	30	5	19.05.2022	1810,900024	1841,199951	1810,699951	1841,199951	138
6	3	5	20.05.2022	1839,099976	1841,800049	1836,300049	1841,800049	110
17	2	5	23.05.2022	1846,300049	1863	1845,800049	1847,800049	216
14	13	4	24.05.2022	1852,5	1867	1852,5	1865,099976	33
0	0	0	25.05.2022	1846,199951	1846,199951	1846,199951	1846,199951	0
7	7	11	26.05.2022	1840,400024	1847,400024	1840,400024	1847,400024	88254
15	3	10	27.05.2022	1848,300049	1860,699951	1845,900024	1851,300049	30091
29	-8	8	31.05.2022	1850,300049	1862,099976	1832,800049	1842,699951	4073
23	12	7	01.06.2022	1831	1847,900024	1825,300049	1843,300049	1623
27	21	6	02.06.2022	1845,400024	1868,699951	1842,099976	1866,5	551
26	-22	4	03.06.2022	1867,599976	1871,800049	1845,400024	1845,400024	53
15	-10	5	06.06.2022	1849	1854,099976	1839,199951	1839,199951	142
17	11	7	07.06.2022	1836,900024	1851,599976	1835	1847,5	1168
11	7	5	08.06.2022	1844,800049	1855	1844,400024	1851,900024	218
12	3	5	09.06.2022	1846,099976	1850,099976	1837,900024	1848,800049	159
52	29	7	10.06.2022	1842,699951	1875,599976	1823,900024	1871,5	1490
55	-46	5	13.06.2022	1873,800049	1873,800049	1818,699951	1828	127
20	-16	6	14.06.2022	1825	1825,5	1805,300049	1809,5	536
28	1	5	15.06.2022	1814,099976	1839	1810,800049	1815,300049	108
36	26	5	16.06.2022	1819,199951	1850,599976	1814,900024	1845,699951	136
20	-18	5	17.06.2022	1853,699951	1853,699951	1833,599976	1835,599976	170
8	-1	5	21.06.2022	1835,300049	1838,599976	1830,099976	1834,599976	216
21	5	5	22.06.2022	1829,5	1842,699951	1821,599976	1834,300049	115
16	-10	2	23.06.2022	1835,5	1841,199951	1825,699951	1825,699951	9
11	6	4	24.06.2022	1820,5	1826,5	1815,800049	1826,5	61
11	-10	4	27.06.2022	1830,5	1830,699951	1819,900024	1820,900024	77
8	-7	6	28.06.2022	1824,199951	1826	1817,5	1817,5	391
18	-5	5	29.06.2022	1818,300049	1830,300049	1812,800049	1813,699951	173
16	-6	6	30.06.2022	1809,599976	1817,300049	1801	1804,099976	328
14	3	4	01.07.2022	1795,5	1806,099976	1791,599976	1798,900024	77
44	-44	4	05.07.2022	1805,400024	1805,400024	1761,800049	1761,800049	64
34	-28	7	06.07.2022	1762,5	1768	1734	1734,900024	1729
8	-7	8	07.07.2022	1745,199951	1745,199951	1737	1737,900024	1869
17	2	6	08.07.2022	1738,099976	1749,300049	1732,099976	1740,599976	370
7	-2	4	11.07.2022	1732,5	1736,699951	1730	1730	75
12	-11	6	12.07.2022	1734,199951	1735,5	1723,300049	1723,300049	451
24	24	6	13.07.2022	1710	1734,199951	1710	1734,199951	368
6	-6	7	14.07.2022	1710,300049	1710,5	1704,5	1704,5	1289
9	-3	7	15.07.2022	1705,400024	1709,699951	1701,099976	1702,400024	721
3	-3	6	18.07.2022	1712,199951	1712,400024	1709,199951	1709,199951	264
8	-2	7	19.07.2022	1712,300049	1714,400024	1706,099976	1710	1684
9	-8	5	20.07.2022	1707,099976	1708,5	1699,5	1699,5	130
36	26	5	21.07.2022	1687	1715,5	1679,800049	1712,699951	183
22	14	4	22.07.2022	1713,300049	1735	1713	1727,099976	61
13	-8	4	25.07.2022	1727	1732	1719	1719	67
0	0	1	26.07.2022	1718	1718	1717,699951	1717,699951	1
0	0	11	27.07.2022	1719,099976	1719,099976	1719,099976	1719,099976	88255
23	18	11	28.07.2022	1732,300049	1755	1732	1750,300049	37236
16	9	8	29.07.2022	1754	1765,699951	1750	1762,900024	3485
16	5	7	01.08.2022	1763,900024	1772,5	1756,099976	1769	705
27	-1	7	02.08.2022	1772,099976	1786,599976	1759,400024	1771,099976	1078
18	1	6	03.08.2022	1756,699951	1770,5	1753	1758	399
24	19	6	04.08.2022	1769,400024	1792,099976	1767,699951	1788,5	285
27	-18	6	05.08.2022	1791,199951	1791,400024	1764,199951	1772,900024	645
15	15	5	08.08.2022	1771,800049	1786,800049	1771,800049	1786,800049	127
7	4	6	09.08.2022	1790	1796,099976	1789	1794	249
17	-9	6	10.08.2022	1804,400024	1804,900024	1787,800049	1795,599976	601
9	-5	7	11.08.2022	1794,300049	1794,300049	1785,699951	1789,699951	1235
16	12	5	12.08.2022	1786,300049	1800,400024	1784,300049	1798,599976	187
24	-18	4	15.08.2022	1799	1799	1774,699951	1781,400024	64
6	-4	6	16.08.2022	1777,400024	1777,400024	1771,400024	1773,199951	308
10	-9	3	17.08.2022	1769,699951	1769,699951	1760	1760,300049	23
10	-8	6	18.08.2022	1762,900024	1762,900024	1753,400024	1755,300049	321
7	-6	4	19.08.2022	1753,699951	1754,300049	1747,5	1747,599976	49
14	-6	6	22.08.2022	1740,5	1740,5	1726,5	1734	347
17	9	6	23.08.2022	1738	1748,900024	1731,900024	1746,800049	509
8	3	5	24.08.2022	1745	1751,800049	1743,599976	1747,800049	187
7	-4	5	25.08.2022	1761,599976	1761,800049	1755	1757,699951	172
19	-18	5	26.08.2022	1754	1755	1736,099976	1736,099976	202
9	4	7	29.08.2022	1732,400024	1741,199951	1732,099976	1736,599976	950
18	-13	6	30.08.2022	1736,400024	1739	1720,699951	1723,199951	385
12	-6	8	31.08.2022	1718,300049	1720,900024	1708,5	1712,800049	2133
14	-11	7	01.09.2022	1707,900024	1707,900024	1693,900024	1696,599976	683
13	6	5	02.09.2022	1703,400024	1715,699951	1703,099976	1709,800049	182
18	-9	7	06.09.2022	1709,699951	1717,400024	1699,699951	1700,400024	697
21	20	6	07.09.2022	1694,800049	1715,300049	1694,699951	1715,300049	651
13	-10	7	08.09.2022	1718,199951	1718,199951	1705,300049	1708	1193
7	-3	6	09.09.2022	1719,199951	1720	1712,800049	1716,199951	635
1	1	4	12.09.2022	1727,400024	1728,099976	1727,400024	1728,099976	68
23	-16	6	13.09.2022	1720,5	1720,5	1697,300049	1705	432
5	-2	6	14.09.2022	1698,699951	1701,800049	1696,5	1696,5	532
24	-20	7	15.09.2022	1685,5	1686	1662,300049	1665,400024	1125
23	11	6	16.09.2022	1660,400024	1674,900024	1651,699951	1671,699951	464
11	4	6	19.09.2022	1661,800049	1669,400024	1658,5	1666,199951	580
0	0	8	20.09.2022	1659,699951	1659,699951	1659,699951	1659,699951	2830
16	-1	8	21.09.2022	1665,5	1680,099976	1664,599976	1664,599976	2337
2	2	7	22.09.2022	1668,300049	1670,800049	1668,300049	1670,800049	973
22	-22	7	23.09.2022	1667	1667	1645,300049	1645,300049	1224
0	0	7	26.09.2022	1623,300049	1623,300049	1623,300049	1623,300049	1205
10	-6	7	27.09.2022	1632,199951	1636,599976	1626,699951	1626,699951	888
40	40	10	28.09.2022	1620,400024	1660,400024	1620,400024	1660,400024	18311
23	2	9	29.09.2022	1657	1662,599976	1640	1658,5	6028
15	1	6	30.09.2022	1661,699951	1672,699951	1658	1662,400024	548
38	26	6	03.10.2022	1667,199951	1700	1661,900024	1692,900024	410
32	20	6	04.10.2022	1701,199951	1728	1696	1721,099976	291
24	-13	6	05.10.2022	1724,099976	1726,599976	1703	1711,400024	418
14	-9	5	06.10.2022	1721	1723,300049	1709,099976	1711,699951	133
16	-10	5	07.10.2022	1710,099976	1710,099976	1693,699951	1700,5	179
26	-26	5	10.10.2022	1693,400024	1693,400024	1667	1667,300049	195
18	17	5	11.10.2022	1661,800049	1678,699951	1661	1678,699951	167
5	2	5	12.10.2022	1668	1672,699951	1668	1670,300049	149
34	-5	7	13.10.2022	1675,199951	1675,300049	1641,5	1670	729
27	-24	4	14.10.2022	1665,300049	1667	1640	1641,699951	82
10	7	5	17.10.2022	1650,199951	1657	1646,800049	1657	238
6	-2	6	18.10.2022	1651,400024	1655,199951	1649	1649	597
10	-10	4	19.10.2022	1637,5	1637,5	1627,5	1627,5	84
19	8	6	20.10.2022	1622,800049	1641,400024	1622,800049	1630,800049	477
20	17	5	21.10.2022	1634,099976	1653,900024	1634,099976	1651	224
14	-14	3	24.10.2022	1662,699951	1662,699951	1648,699951	1648,699951	29
16	5	7	25.10.2022	1648,199951	1652,800049	1637,300049	1652,800049	880
17	14	4	26.10.2022	1649,800049	1667	1649,800049	1664	89
0	0	8	27.10.2022	1660,699951	1660,699951	1660,699951	1660,699951	2298
22	-21	6	28.10.2022	1661	1661	1638,699951	1639,599976	626
8	-6	6	31.10.2022	1641,800049	1641,800049	1633,400024	1635,900024	522
23	14	7	01.11.2022	1630,800049	1653,699951	1630,800049	1645	985
31	-5	6	02.11.2022	1650,800049	1664,699951	1634	1645,699951	612
14	-2	7	03.11.2022	1629,199951	1629,199951	1615,099976	1627,300049	1427
46	42	5	04.11.2022	1630,199951	1674,5	1629	1672,5	159
5	0	4	07.11.2022	1676,900024	1677,900024	1672,900024	1676,5	42
9	9	3	08.11.2022	1703,199951	1712,099976	1703,199951	1712,099976	23
14	3	6	09.11.2022	1707,400024	1720,199951	1706	1710,099976	497
42	42	6	10.11.2022	1708,199951	1750,300049	1708,199951	1750,300049	325
8	2	6	11.11.2022	1763,800049	1766	1757,599976	1766	257
12	12	6	14.11.2022	1762	1773,599976	1761,599976	1773,599976	358
4	3	4	15.11.2022	1770,800049	1773,800049	1769,900024	1773,800049	57
6	-4	6	16.11.2022	1776,599976	1778,900024	1773	1773	303
7	-2	3	17.11.2022	1763	1763	1756	1760,800049	18
16	-11	6	18.11.2022	1763,300049	1763,300049	1747,599976	1751,900024	414
9	-2	6	21.11.2022	1739	1744,900024	1736,099976	1737,400024	544
3	-3	3	22.11.2022	1741,699951	1741,699951	1738,300049	1738,300049	15
14	8	4	23.11.2022	1736,5	1750,900024	1736,5	1744,900024	39
9	0	5	25.11.2022	1753	1757,900024	1749,199951	1753,300049	216
1	-1	11	28.11.2022	1741,300049	1741,300049	1740,099976	1740,099976	88470
20	9	10	29.11.2022	1739,5	1758,199951	1737,900024	1748,400024	19416
24	-2	8	30.11.2022	1748,099976	1769,400024	1745,099976	1746	3339
35	32	7	01.12.2022	1768,699951	1803,699951	1768,699951	1801,099976	1053
23	-6	7	02.12.2022	1802	1802,300049	1779,400024	1795,900024	1725
44	-28	7	05.12.2022	1795,699951	1808	1764,300049	1767,400024	1713
12	1	5	06.12.2022	1768,599976	1779,400024	1767,900024	1769,300049	105
21	16	6	07.12.2022	1769,300049	1790,300049	1769,300049	1785,5	422
9	7	7	08.12.2022	1782	1790,900024	1782	1788,699951	713
13	3	5	09.12.2022	1794,900024	1804,300049	1791,099976	1798,099976	125
16	-7	4	12.12.2022	1787,300049	1793,900024	1777,699951	1780,5	85
39	33	5	13.12.2022	1780,699951	1819,800049	1780,5	1813,900024	205
15	-3	7	14.12.2022	1810,800049	1812,800049	1797,900024	1807,5	1074
26	-24	6	15.12.2022	1801	1801	1774,800049	1777,199951	421
14	12	5	16.12.2022	1777,900024	1791,400024	1777,900024	1790	206
11	-4	4	19.12.2022	1791,599976	1796,300049	1785,599976	1787,699951	79
35	29	4	20.12.2022	1786,5	1821,400024	1786,5	1815,900024	51
7	-2	4	21.12.2022	1817,400024	1821,400024	1814,400024	1815,900024	35
33	-31	6	22.12.2022	1818,099976	1818,099976	1785	1787	411
9	2	4	23.12.2022	1794,300049	1802,800049	1794,099976	1795,900024	49
23	11	4	27.12.2022	1803,400024	1826,300049	1803,400024	1814,800049	69
5	5	6	28.12.2022	1803,199951	1807,900024	1803,099976	1807,900024	434
14	14	6	29.12.2022	1805,800049	1819,5	1805,800049	1819,5	277
6	3	5	30.12.2022	1817	1822,300049	1816,800049	1819,699951	95
4	4	3	03.01.2023	1836,199951	1839,699951	1836,199951	1839,699951	29
14	7	3	04.01.2023	1845,599976	1859,099976	1845,599976	1852,800049	25
20	-20	3	05.01.2023	1855,199951	1855,199951	1834,800049	1834,800049	24
33	26	3	06.01.2023	1838,400024	1868,199951	1835,300049	1864,199951	26
13	6	4	09.01.2023	1867	1880	1867	1872,699951	62
6	-6	5	10.01.2023	1877,800049	1878,099976	1871,599976	1871,599976	101
5	2	7	11.01.2023	1873,099976	1877,800049	1873,099976	1874,599976	1236
20	18	4	12.01.2023	1877,199951	1897,400024	1877,199951	1895,5	59
23	19	6	13.01.2023	1899	1920,900024	1898,300049	1918,400024	512
15	-13	7	17.01.2023	1920,099976	1920,099976	1905,199951	1907,199951	706
8	-7	7	18.01.2023	1911,099976	1911,099976	1903,099976	1904,400024	1027
10	0	6	19.01.2023	1922,099976	1931,800049	1922,099976	1922,099976	371
7	4	7	20.01.2023	1922,099976	1928,5	1921,400024	1926,400024	1346
12	1	5	23.01.2023	1926,5	1927,099976	1915	1927,099976	218
5	2	5	24.01.2023	1931,800049	1936,800049	1931,800049	1933,900024	201
1	0	2	25.01.2023	1941,199951	1941,199951	1939,800049	1941,199951	7
10	-8	5	26.01.2023	1936,599976	1937,099976	1927,099976	1929,099976	131
0	0	11	27.01.2023	1928,599976	1928,599976	1928,599976	1928,599976	88385
13	-5	10	30.01.2023	1928,300049	1933,599976	1920,300049	1922,900024	27220
30	6	8	31.01.2023	1923	1930,400024	1900,599976	1929,5	1910
33	1	8	01.02.2023	1927,199951	1955	1922	1927,800049	2290
48	-36	7	02.02.2023	1952,300049	1959,099976	1911,300049	1916,300049	748
56	-50	7	03.02.2023	1912,400024	1917	1861,5	1862,900024	992
17	1	6	06.02.2023	1865,599976	1880	1863,400024	1866,199951	424
8	2	6	07.02.2023	1870	1875,699951	1868	1871,699951	297
8	5	5	08.02.2023	1872,099976	1880,400024	1872,099976	1877,400024	230
25	-9	5	09.02.2023	1875,300049	1884,599976	1859,800049	1866,199951	223
11	1	3	10.02.2023	1861,599976	1863,5	1852,400024	1862,800049	27
11	-7	6	13.02.2023	1859	1861	1850	1851,900024	569
16	0	6	14.02.2023	1854,099976	1862	1846,199951	1854	656
14	-8	6	15.02.2023	1842	1842	1828,199951	1834,199951	368
16	3	5	16.02.2023	1838,599976	1843,699951	1827,199951	1842	222
24	13	4	17.02.2023	1827,400024	1842,199951	1818,400024	1840,400024	35
10	-10	7	21.02.2023	1842,599976	1843	1833	1833	862
11	-4	6	22.02.2023	1835,699951	1836,199951	1825,099976	1832	278
10	-8	6	23.02.2023	1826,400024	1827,5	1818	1818	291
0	0	6	24.02.2023	1808,800049	1808,800049	1808,800049	1808,800049	404
9	5	7	27.02.2023	1811,599976	1817,5	1808,900024	1817	829
22	21	6	28.02.2023	1808,099976	1830	1808,099976	1828,900024	618
15	11	5	01.03.2023	1827,099976	1841,699951	1827,099976	1837,699951	211
6	4	5	02.03.2023	1830	1836,300049	1830	1833,5	154
18	10	4	03.03.2023	1837,300049	1855,400024	1837,300049	1847,699951	61
10	-5	2	06.03.2023	1853,300049	1853,800049	1844,199951	1847,900024	5
27	-27	6	07.03.2023	1840,900024	1840,900024	1813,900024	1813,900024	450
1	1	4	08.03.2023	1811,599976	1812,900024	1811,5	1812,699951	75
14	13	6	09.03.2023	1816,400024	1829,300049	1815,599976	1829,300049	332
16	10	6	10.03.2023	1852,300049	1868,5	1852	1862	248
38	21	6	13.03.2023	1890,800049	1913,099976	1875,099976	1911,699951	503
11	-6	5	14.03.2023	1912,199951	1912,199951	1901,099976	1906,199951	107
28	23	6	15.03.2023	1903,900024	1926,599976	1898,5	1926,599976	564
22	9	6	16.03.2023	1909,900024	1931,699951	1909,900024	1919	394
39	24	4	17.03.2023	1946	1985,099976	1946	1969,800049	82
35	-9	6	20.03.2023	1988,300049	2003,900024	1968,900024	1979,199951	389
36	-36	4	21.03.2023	1973,800049	1973,800049	1938	1938	47
27	0	4	22.03.2023	1946,800049	1974	1946,800049	1946,800049	50
4	3	4	23.03.2023	1990,5	1994,599976	1990,5	1993,800049	33
13	-10	3	24.03.2023	1991,699951	1995,400024	1982,099976	1982,099976	19
5	-5	7	27.03.2023	1957,199951	1957,199951	1952,400024	1952,400024	877
0	0	3	28.03.2023	1972,400024	1972,400024	1972,400024	1972,400024	21
0	0	11	29.03.2023	1966,099976	1966,099976	1966,099976	1966,099976	88275
30	14	9	30.03.2023	1965,900024	1984,400024	1954,900024	1980,300049	10119
19	-12	7	31.03.2023	1981,300049	1986,800049	1968	1969	957
42	16	7	03.04.2023	1968,099976	1991,699951	1950	1983,900024	737
48	38	7	04.04.2023	1984,599976	2027,099976	1979	2022,199951	811
20	-1	6	05.04.2023	2022,099976	2033,800049	2013,599976	2020,900024	525
18	-10	0	06.04.2023	2022,199951	2023,300049	2005	2011,900024	0
23	-11	6	10.04.2023	2000	2006,599976	1984	1989,099976	652
15	13	4	11.04.2023	1991,400024	2006,5	1991,400024	2004,800049	68
20	6	5	12.04.2023	2005,199951	2025,699951	2005,199951	2010,900024	172
33	26	7	13.04.2023	2015,599976	2048,600098	2015,599976	2041,300049	1043
53	-39	7	14.04.2023	2041	2047,800049	1995	2002,199951	718
24	-8	6	17.04.2023	2002,699951	2007,599976	1983,199951	1994,199951	554
10	10	4	18.04.2023	1996,900024	2007,400024	1996,900024	2007,400024	72
37	-10	4	19.04.2023	2005,699951	2006,400024	1969,800049	1995,199951	61
10	10	5	20.04.2023	1998	2007,599976	1998	2007,599976	164
22	-17	5	21.04.2023	1996,199951	1996,199951	1974,099976	1979,5	132
12	8	5	24.04.2023	1981,300049	1989,800049	1977,400024	1989,099976	145
17	-2	6	25.04.2023	1995,699951	1999,099976	1982,300049	1994	306
13	-12	6	26.04.2023	1997,800049	1998,800049	1985,599976	1985,699951	615
22	-1	6	27.04.2023	1990,599976	2002,300049	1979,900024	1989,900024	355
12	3	5	28.04.2023	1986,900024	1990,099976	1977,699951	1990,099976	152
28	3	5	01.05.2023	1980,099976	2005	1976,900024	1983,400024	210
23	20	8	02.05.2023	1994,699951	2018	1994,699951	2014,300049	1896
20	12	7	03.05.2023	2017,099976	2035,099976	2015,199951	2028,599976	1349
32	3	7	04.05.2023	2045	2072	2040	2048	930
42	-29	4	05.05.2023	2046,400024	2046,400024	2004,300049	2017,400024	59
4	4	1	08.05.2023	2022,5	2026,300049	2022,5	2026,300049	3
11	10	5	09.05.2023	2026,599976	2037,300049	2025,900024	2036,199951	241
15	-2	6	10.05.2023	2032,300049	2044,300049	2029,5	2030,5	248
24	-19	5	11.05.2023	2034,099976	2038,300049	2014	2014,699951	90
0	0	5	12.05.2023	2014,5	2014,5	2014,5	2014,5	115
4	4	1	15.05.2023	2013,800049	2018	2013,800049	2018	3
0	0	4	16.05.2023	1988,400024	1988,400024	1988,400024	1988,400024	49
3	-3	3	17.05.2023	1983,599976	1983,599976	1980,699951	1980,699951	13
0	0	3	18.05.2023	1956,5	1956,800049	1956,5	1956,5	23
19	19	5	19.05.2023	1960	1978,699951	1960	1978,699951	106
6	-6	2	22.05.2023	1980,5	1980,5	1974,800049	1974,800049	8
0	0	1	23.05.2023	1972,400024	1972,400024	1972,400024	1972,400024	1
13	-13	5	24.05.2023	1975,400024	1975,400024	1962,800049	1962,800049	189
0	0	1	25.05.2023	1943,099976	1943,099976	1943,099976	1943,099976	1
4	-4	11	26.05.2023	1948,199951	1948,400024	1944,099976	1944,099976	88255
32	15	11	30.05.2023	1942,699951	1962,599976	1931	1958	37838
20	6	9	31.05.2023	1958,199951	1973	1953	1963,900024	5959
29	15	7	01.06.2023	1963,199951	1983	1954,300049	1978	750
35	-25	6	02.06.2023	1977,099976	1982,5	1947,400024	1952,400024	356
24	10	7	05.06.2023	1947,5	1961,900024	1937,800049	1958	713
7	5	5	06.06.2023	1960,800049	1965,5	1958,800049	1965,5	164
28	-16	5	07.06.2023	1959	1968,400024	1940,699951	1942,699951	139
26	20	6	08.06.2023	1943,199951	1969	1943,099976	1963,599976	433
10	-3	4	09.06.2023	1965,099976	1969,800049	1960,300049	1962,199951	49
12	-4	5	12.06.2023	1959,699951	1963,5	1951,400024	1955,300049	212
27	-16	6	13.06.2023	1960,599976	1967,5	1940,300049	1944,599976	343
18	9	5	14.06.2023	1946,199951	1958,199951	1940,300049	1955,300049	202
33	16	6	15.06.2023	1941,699951	1958,800049	1926	1957,800049	329
9	-3	5	16.06.2023	1961,400024	1962,900024	1953,5	1958,400024	119
27	-23	5	20.06.2023	1958,599976	1958,599976	1931,300049	1935,5	193
17	-2	6	21.06.2023	1935,599976	1936,800049	1920	1933,300049	557
9	-7	5	22.06.2023	1920	1921	1912,099976	1912,699951	237
14	0	5	23.06.2023	1918,699951	1932,5	1918,699951	1919,099976	105
6	1	4	26.06.2023	1922,900024	1928,5	1922,5	1923,699951	71
15	-13	4	27.06.2023	1927	1929,400024	1914	1914	49
0	0	6	28.06.2023	1912,300049	1912,300049	1912,300049	1912,300049	628
17	-1	6	29.06.2023	1909,900024	1909,900024	1892,5	1909,199951	289
20	12	6	30.06.2023	1908,599976	1921,099976	1900,599976	1921,099976	445
12	4	4	03.07.2023	1917,900024	1929,5	1917,900024	1921,699951	41
19	-4	5	05.07.2023	1923,5	1933,900024	1914,699951	1919,599976	193
7	-1	4	06.07.2023	1909,300049	1910,199951	1903,199951	1908,699951	81
21	13	4	07.07.2023	1913,400024	1934,099976	1913,400024	1926,199951	61
14	1	6	10.07.2023	1923,599976	1926,099976	1912,300049	1925	269
13	6	5	11.07.2023	1925	1937	1924,199951	1931,300049	142
26	24	5	12.07.2023	1932,300049	1958	1932,199951	1956,199951	132
8	-2	5	13.07.2023	1961,099976	1961,099976	1953	1959,199951	121
8	2	5	14.07.2023	1958,400024	1960,599976	1952,699951	1960,099976	94
10	-2	3	17.07.2023	1954	1956,5	1946,599976	1952,400024	29
15	8	4	18.07.2023	1968,800049	1978,400024	1963,400024	1977,199951	83
4	0	4	19.07.2023	1977	1977,5	1973	1977,5	35
8	-5	6	20.07.2023	1973,699951	1973,699951	1965,599976	1968,300049	638
2	2	4	21.07.2023	1961,800049	1964,300049	1961,800049	1964,300049	50
5	-5	1	24.07.2023	1965,300049	1965,5	1960,300049	1960,300049	2
10	9	3	25.07.2023	1953	1962,5	1953	1962,099976	19
6	3	4	26.07.2023	1966,199951	1972	1966,199951	1968,900024	51
0	0	11	27.07.2023	1945,400024	1945,400024	1945,400024	1945,400024	88305
18	15	10	28.07.2023	1945,5	1962,199951	1944,199951	1960,400024	23155
22	11	7	31.07.2023	1959,199951	1971,599976	1950	1970,5	1025
25	-24	7	01.08.2023	1964,900024	1965,400024	1940,699951	1940,699951	688
20	-11	6	02.08.2023	1948,400024	1953,599976	1933,199951	1937,400024	652
8	-2	7	03.08.2023	1934,199951	1936,5	1928	1932	773
25	5	6	04.08.2023	1934,900024	1945	1920	1939,599976	290
11	-8	6	07.08.2023	1941	1941	1929,800049	1933,5	376
10	-8	6	08.08.2023	1931,699951	1933,199951	1923	1924,099976	555
15	-10	6	09.08.2023	1925,400024	1928,800049	1913,699951	1915,400024	451
16	-7	5	10.08.2023	1921,099976	1927,800049	1911,400024	1914,400024	178
5	0	4	11.08.2023	1913	1916,599976	1911,800049	1912,900024	57
9	1	4	14.08.2023	1909,300049	1912,599976	1903,300049	1910,599976	46
13	-4	4	15.08.2023	1906	1907,699951	1895	1902,5	73
14	-8	3	16.08.2023	1904,5	1904,5	1890,300049	1896,099976	22
18	-10	6	17.08.2023	1893,699951	1902,400024	1884	1884,099976	245
6	-6	3	18.08.2023	1891,800049	1891,800049	1886,099976	1886,099976	19
0	0	7	21.08.2023	1893,599976	1893,599976	1893,300049	1893,300049	876
4	2	4	22.08.2023	1894,599976	1896,800049	1892,800049	1896,400024	46
9	9	6	23.08.2023	1909,599976	1918,5	1909,599976	1918,5	547
3	-2	6	24.08.2023	1920	1920,800049	1918,199951	1918,199951	337
9	-9	5	25.08.2023	1919,800049	1919,800049	1911,099976	1911,099976	195
6	2	5	28.08.2023	1915,5	1921,5	1915,5	1917,900024	99
20	19	7	29.08.2023	1917,900024	1936,5	1916,900024	1936,5	1674
12	8	6	30.08.2023	1936	1946,400024	1934,599976	1944,300049	396
6	-6	6	31.08.2023	1944,400024	1944,400024	1938,199951	1938,199951	491
13	-10	5	01.09.2023	1950	1950	1936,599976	1939,800049	167
10	-8	5	05.09.2023	1934,400024	1934,400024	1924,699951	1926,199951	113
9	-6	3	06.09.2023	1924,099976	1925,300049	1916,300049	1918,099976	24
4	0	4	07.09.2023	1917,599976	1921,5	1917,5	1917,5	41
6	-6	5	08.09.2023	1924	1924,699951	1918,400024	1918,400024	105
6	0	4	11.09.2023	1923	1928,300049	1921,800049	1923,300049	50
10	-10	6	12.09.2023	1920,800049	1920,800049	1911,300049	1911,300049	365
6	-1	3	13.09.2023	1910,300049	1914,599976	1908,900024	1909,099976	15
7	7	5	14.09.2023	1903	1910	1903	1910	169
4	0	2	15.09.2023	1923,5	1927,300049	1923,5	1923,699951	8
5	3	3	18.09.2023	1928,199951	1931,5	1926,400024	1931,5	19
2	-2	2	19.09.2023	1934	1934	1932	1932	6
16	0	5	20.09.2023	1945,599976	1945,599976	1929,199951	1945,599976	119
5	-5	2	21.09.2023	1924	1924	1919,199951	1919,199951	9
0	0	1	22.09.2023	1925,400024	1925,400024	1925,400024	1925,400024	1
0	0	5	25.09.2023	1916,599976	1916,599976	1916,599976	1916,599976	114
5	-5	5	26.09.2023	1905	1905,099976	1900,400024	1900,400024	161
0	0	9	27.09.2023	1871,599976	1871,599976	1871,599976	1871,599976	12251
22	-15	8	28.09.2023	1875,5	1878,199951	1856,699951	1860,400024	4654
26	-16	7	29.09.2023	1864,300049	1872,300049	1846	1848,099976	1605
19	-14	8	02.10.2023	1844,099976	1845,900024	1826,699951	1830	2309
14	0	6	03.10.2023	1825	1830,900024	1816,800049	1824,599976	310
12	-3	6	04.10.2023	1821,800049	1828,199951	1816,400024	1818,5	357
11	-10	6	05.10.2023	1826,300049	1826,300049	1815,599976	1816,599976	393
22	11	6	06.10.2023	1819	1831,800049	1809,400024	1830,199951	390
19	7	5	09.10.2023	1842,5	1861,5	1842,5	1849,5	232
9	4	5	10.10.2023	1857	1861,400024	1852,800049	1861	236
6	3	4	11.10.2023	1869,5	1874,599976	1869,099976	1872,800049	65
14	-5	4	12.10.2023	1874,699951	1881,199951	1867	1869,300049	46
53	50	4	13.10.2023	1877,5	1930,099976	1877,5	1927,400024	43
11	11	4	16.10.2023	1910,400024	1921,099976	1910,300049	1921,099976	53
12	8	5	17.10.2023	1914,300049	1925,800049	1914,300049	1922,699951	103
23	20	4	18.10.2023	1935	1957,900024	1935	1955,300049	67
32	18	8	19.10.2023	1950,099976	1977,699951	1945,699951	1968,400024	1945
8	1	6	20.10.2023	1981,099976	1988,599976	1980,400024	1982,5	557
6	0	5	23.10.2023	1976,199951	1978,900024	1972,900024	1976,300049	127
5	5	2	24.10.2023	1970,300049	1975	1970,300049	1975	10
14	13	5	25.10.2023	1971,199951	1985,300049	1971,199951	1984,099976	97
8	-1	6	26.10.2023	1988,199951	1988,199951	1980,400024	1987,199951	521
0	0	6	27.10.2023	1988,599976	1988,599976	1988,599976	1988,599976	372
12	-8	5	30.10.2023	2004,099976	2004,099976	1992,5	1996,199951	157
17	-11	4	31.10.2023	1996,5	2001	1983,699951	1985,199951	84
13	-12	4	01.11.2023	1990,5	1990,5	1977,800049	1978,800049	41
11	-4	4	02.11.2023	1989,099976	1990,300049	1979,5	1985,599976	39
2	2	3	03.11.2023	1989	1991,5	1989	1991,5	12
4	0	5	06.11.2023	1981,599976	1981,599976	1977,400024	1981,599976	130
6	0	3	07.11.2023	1966,5	1966,800049	1960,699951	1966,800049	20
20	-16	4	08.11.2023	1967,800049	1967,800049	1947,699951	1951,5	43
19	12	2	09.11.2023	1951,699951	1964,199951	1945,300049	1964,199951	10
27	-27	6	10.11.2023	1959,599976	1959,599976	1932,599976	1932,599976	375
13	6	5	13.11.2023	1939,900024	1947,199951	1934	1945,5	191
4	-4	1	14.11.2023	1965,800049	1965,800049	1961,800049	1961,800049	2
3	-3	2	15.11.2023	1962,800049	1962,800049	1960	1960,099976	6
19	19	4	16.11.2023	1965,300049	1983,900024	1964,599976	1983,900024	39
4	-1	3	17.11.2023	1982,5	1984	1979,800049	1981,599976	32
10	-1	5	20.11.2023	1978,699951	1979,400024	1969,699951	1977,699951	182
17	9	3	21.11.2023	1990,699951	2005,5	1988,5	1999,300049	16
8	-8	9	22.11.2023	1999,099976	1999,400024	1991	1991,400024	6075
11	10	4	24.11.2023	1991,900024	2002,199951	1991,5	2002,199951	63
0	0	5	27.11.2023	2011,699951	2011,800049	2011,699951	2011,800049	228
3	-1	11	28.11.2023	2040,599976	2042,699951	2039,699951	2039,699951	88482
16	5	10	29.11.2023	2041,699951	2052,100098	2036	2047,099976	15290
14	-8	8	30.11.2023	2046,099976	2047,099976	2033,099976	2038,099976	2506
37	33	6	01.12.2023	2038,300049	2073,199951	2036	2071	614
107	-51	7	04.12.2023	2075,300049	2127,576729339572	2021	2024,099976	1071
65	-17	6	05.12.2023	2035,099976	2074,8005449984685	2010,199951	2018,5	289
17	11	6	06.12.2023	2019,900024	2035,800049	2019	2030,5	417
11	1	4	07.12.2023	2029,199951	2034,900024	2024	2029,900024	67
38	-33	6	08.12.2023	2031,699951	2033,099976	1995	1998,300049	449
27	-26	6	11.12.2023	2004,099976	2004,199951	1977,199951	1978	651
16	-6	5	12.12.2023	1984,199951	1994,199951	1977,800049	1977,800049	95
50	4	8	13.12.2023	1978,5	2024,800049	1975	1982,300049	2252
16	6	5	14.12.2023	2024,699951	2040,099976	2024,300049	2030,199951	236
25	-12	6	15.12.2023	2032,599976	2043,400024	2018,300049	2021,099976	261
9	2	5	18.12.2023	2024,300049	2032,800049	2024	2026,300049	100
18	13	6	19.12.2023	2025,199951	2042,699951	2025,199951	2038,400024	498
7	-3	6	20.12.2023	2037,099976	2037,099976	2030,300049	2034,5	258
12	3	5	21.12.2023	2035,800049	2044,5	2033	2039,099976	228
16	1	5	22.12.2023	2055,699951	2068,699951	2052,199951	2057,100098	202
7	-2	4	26.12.2023	2060	2060,800049	2054,199951	2058,199951	64
17	15	6	27.12.2023	2067,300049	2081,899902	2064,800049	2081,899902	586
21	-8	6	28.12.2023	2081,600098	2087,300049	2066,5	2073,899902	338
7	-6	4	29.12.2023	2068	2068,899902	2062,100098	2062,399902	47
17	1	4	02.01.2024	2063,5	2073,699951	2057,100098	2064,399902	61
10	0	4	03.01.2024	2034,199951	2044	2034,199951	2034,199951	54
6	1	4	04.01.2024	2041,599976	2044,5	2038	2042,300049	88
6	-2	3	05.01.2024	2044,5	2048,100098	2042,400024	2042,400024	12
15	8	2	08.01.2024	2019,099976	2033,699951	2019,099976	2026,599976	10
9	-9	3	09.01.2024	2035,800049	2035,800049	2026,400024	2026,400024	27
14	-7	6	10.01.2024	2029	2035,599976	2021,699951	2021,699951	538
11	-11	5	11.01.2024	2025,099976	2025,099976	2014,300049	2014,300049	97
26	16	6	12.01.2024	2031,099976	2057	2031,099976	2046,699951	390
29	-26	4	16.01.2024	2051,699951	2054,800049	2026	2026	46
24	-24	7	17.01.2024	2026,5	2026,5	2002,599976	2002,599976	764
9	6	7	18.01.2024	2012,800049	2018,599976	2009,5	2018,599976	1474
16	3	4	19.01.2024	2023,199951	2036	2019,5	2026,5	50
2	-2	3	22.01.2024	2021,300049	2021,300049	2019,800049	2019,800049	12
8	-7	3	23.01.2024	2030,300049	2030,300049	2022,5	2023,699951	15
19	-9	6	24.01.2024	2023,199951	2033,199951	2013,900024	2013,900024	253
10	5	6	25.01.2024	2012,099976	2022,400024	2012,099976	2016,900024	548
6	-5	4	26.01.2024	2021,699951	2022,400024	2016,800049	2016,800049	49
0	0	11	29.01.2024	2025,199951	2025,199951	2025,199951	2025,199951	88303
20	-1	10	30.01.2024	2032,5	2048,5	2028,099976	2031,5	26907
25	13	8	31.01.2024	2035,400024	2055	2030	2048,399902	2007
36	13	7	01.02.2024	2040,199951	2064,5	2029	2053	947
28	-19	7	02.02.2024	2054,800049	2055,899902	2027,699951	2036,099976	888
27	-13	6	05.02.2024	2038,900024	2040,800049	2013,800049	2025,699951	412
11	9	6	06.02.2024	2025,900024	2037,300049	2025,900024	2034,5	249
7	2	4	07.02.2024	2032,800049	2039,5	2032,699951	2035,199951	71
16	4	6	08.02.2024	2028	2036,699951	2020,300049	2032,199951	341
12	-9	4	09.02.2024	2032	2032	2020	2023,300049	62
14	-7	6	12.02.2024	2025,5	2025,5	2011,599976	2018,199951	317
36	-32	5	13.02.2024	2025,099976	2025,800049	1990	1992,900024	198
9	0	8	14.02.2024	1990,300049	1993,5	1984,800049	1990,300049	1916
14	8	6	15.02.2024	1993,599976	2007,199951	1993,599976	2002,099976	286
15	6	3	16.02.2024	2005	2011,5	1996,5	2011,5	32
13	12	7	20.02.2024	2015,599976	2029	2015,599976	2027,5	1326
6	-6	3	21.02.2024	2028,199951	2028,199951	2022,300049	2022,300049	15
14	-14	7	22.02.2024	2033,199951	2033,199951	2019,699951	2019,699951	964
24	13	3	23.02.2024	2026	2038,599976	2014,900024	2038,599976	22
11	-6	5	26.02.2024	2034,099976	2035,400024	2024,800049	2028,5	143
2	-2	7	27.02.2024	2035,900024	2035,900024	2034	2034	964
12	4	6	28.02.2024	2029,5	2037	2024,800049	2033	581
16	11	7	29.02.2024	2034,300049	2049,800049	2034,300049	2045,699951	706
45	44	7	01.03.2024	2043,099976	2086,899902	2041,800049	2086,899902	1210
39	34	7	04.03.2024	2083,600098	2119,800049	2080,699951	2117,699951	805
22	19	7	05.03.2024	2114,899902	2133,5	2111,399902	2133,5	1287
25	25	6	06.03.2024	2125,5	2150,300049	2125,5	2150,300049	443
16	11	5	07.03.2024	2147	2163	2147	2158	152
29	11	6	08.03.2024	2167,300049	2194,899902	2166,300049	2178,600098	259
7	2	7	11.03.2024	2181	2184	2177,199951	2182,5	738
22	-22	6	12.03.2024	2182,5	2182,699951	2160,399902	2160,399902	550
13	13	3	13.03.2024	2162,5	2175,399902	2162,5	2175,399902	20
1	0	6	14.03.2024	2163	2163	2162,300049	2163	515
4	-4	5	15.03.2024	2161,699951	2161,699951	2157,300049	2157,300049	100
14	14	3	18.03.2024	2146,199951	2160,699951	2146,199951	2160,699951	21
0	0	3	19.03.2024	2156,100098	2156,300049	2156,100098	2156,300049	12
35	1	3	20.03.2024	2157,300049	2185,899902	2150,899902	2157,899902	17
29	-25	4	21.03.2024	2207	2211,600098	2182,399902	2182,399902	63
22	-21	3	22.03.2024	2179,199951	2179,600098	2157,5	2158,100098	19
13	9	4	25.03.2024	2166,199951	2179,399902	2166,199951	2174,800049	79
7	-7	11	26.03.2024	2182,699951	2182,699951	2175,600098	2175,600098	88333
24	11	10	27.03.2024	2179,399902	2196,199951	2172,100098	2190,600098	31200
47	24	8	28.03.2024	2193,600098	2234,100098	2187,100098	2217,399902	2040
34	1	6	01.04.2024	2235,699951	2264,199951	2230	2236,5	400
32	9	6	02.04.2024	2252	2279,199951	2247,600098	2261	435
31	13	6	03.04.2024	2281,699951	2298,800049	2267,899902	2294,399902	285
23	-13	6	04.04.2024	2301,699951	2302,899902	2280	2288,800049	251
61	36	6	05.04.2024	2289,199951	2328,399902	2267,399902	2325,699951	344
23	6	5	08.04.2024	2325,600098	2341,800049	2319	2331,699951	202
27	6	5	09.04.2024	2337,800049	2364,699951	2337,800049	2343,5	211
30	-17	6	10.04.2024	2346,600098	2358,100098	2327,699951	2329,600098	377
46	13	6	11.04.2024	2341,5	2376,300049	2330,600098	2354,800049	283
95	-21	6	12.04.2024	2377,300049	2429	2334,300049	2356,199951	584
59	4	7	15.04.2024	2362,100098	2384,699951	2326	2365,800049	1801
19	7	4	16.04.2024	2384	2390,800049	2371,399902	2390,800049	41
22	-12	4	17.04.2024	2384,199951	2391,399902	2369,300049	2371,699951	37
16	14	5	18.04.2024	2368,399902	2384,399902	2368,399902	2382,300049	128
22	19	5	19.04.2024	2379,300049	2399,800049	2377,300049	2398,399902	160
56	-43	4	22.04.2024	2383,300049	2383,300049	2326,899902	2340,626739623595	53
37	0	5	23.04.2024	2327,699951	2330,800049	2294,199951	2327,699951	171
14	3	5	24.04.2024	2321,300049	2328,699951	2314,600098	2324,5	95
25	15	7	25.04.2024	2315	2329,800049	2305	2329,800049	1024
15	-13	7	26.04.2024	2347,899902	2347,899902	2332,800049	2334,800049	717
18	11	6	29.04.2024	2334,800049	2345,5	2327,899902	2345,399902	405
31	-31	5	30.04.2024	2322,5	2322,5	2291,399902	2291,399902	113
44	12	4	01.05.2024	2287,699951	2327,300049	2283,800049	2299,899902	42
32	-22	4	02.05.2024	2321,699951	2324,699951	2292,300049	2299,199951	56
23	-1	5	03.05.2024	2300	2301	2277,600098	2299	194
11	-1	2	06.05.2024	2322,800049	2325,5	2314,199951	2321,600098	9
9	-9	3	07.05.2024	2324,300049	2324,300049	2315,199951	2315,199951	25
0	0	2	08.05.2024	2313,600098	2313,600098	2313,600098	2313,600098	4
29	21	2	09.05.2024	2310,699951	2339,5	2310,699951	2332,100098	5
0	0	5	10.05.2024	2367,300049	2367,300049	2366,884705197684	2367,300049	126
22	-22	3	13.05.2024	2358,300049	2358,300049	2336,100098	2336,100098	14
22	17	2	14.05.2024	2336	2358	2336	2353,399902	6
33	27	3	15.05.2024	2361,600098	2388,699951	2356	2388,699951	29
12	-10	2	16.05.2024	2389,5	2392,199951	2380	2380	7
35	32	5	17.05.2024	2380,699951	2415,800049	2380,699951	2412,199951	213
26	18	4	20.05.2024	2415,800049	2435,800049	2409,699951	2433,899902	40
8	-8	2	21.05.2024	2429,5	2429,5	2421	2421,699951	6
42	-28	5	22.05.2024	2417,5	2417,600098	2375,800049	2389,199951	180
36	-36	6	23.05.2024	2371,199951	2371,199951	2335	2335	365
13	-10	3	24.05.2024	2342,600098	2345,399902	2332,5	2332,5	25
23	18	3	28.05.2024	2336,899902	2359,699951	2336,899902	2355,199951	26
0	0	11	29.05.2024	2340,300049	2340,300049	2340,300049	2340,300049	88280
29	6	10	30.05.2024	2336,899902	2349,5	2320,800049	2342,899902	32587
35	-21	7	31.05.2024	2344,100098	2354	2319	2322,899902	941
36	24	7	03.06.2024	2322,600098	2347,5	2312	2346,600098	781
34	-22	7	04.06.2024	2347,5	2347,699951	2313,899902	2325,5	890
28	28	6	05.06.2024	2326,399902	2354,300049	2326,199951	2354,100098	295
21	15	5	06.06.2024	2355	2375,800049	2355	2370,300049	179
85	-67	6	07.06.2024	2379,899902	2385,100098	2300,397302666367	2312,5268866235947	269
42	-14	4	10.06.2024	2321,5988377297986	2332,3239136588963	2290,5	2307,699951	69
14	8	7	11.06.2024	2300	2314,100098	2300	2307,5	871
28	21	5	12.06.2024	2314,899902	2338,699951	2310,300049	2336	132
22	-9	6	13.06.2024	2309,399902	2317,699951	2296,199951	2300,199951	298
26	24	7	14.06.2024	2307	2331,399902	2305,800049	2331,399902	948
11	-8	5	17.06.2024	2320,199951	2320,199951	2309,600098	2312,399902	110
19	19	4	18.06.2024	2311,800049	2330,399902	2311,800049	2330,399902	43
26	25	5	20.06.2024	2328,899902	2354	2328,300049	2353,800049	183
15	-15	4	21.06.2024	2331,199951	2331,199951	2316,399902	2316,399902	76
10	7	5	24.06.2024	2323,300049	2332,899902	2322,699951	2330	99
16	-8	5	25.06.2024	2324,399902	2333	2316,600098	2316,600098	105
16	-9	7	26.06.2024	2307,899902	2314,399902	2298	2299,199951	986
34	28	7	27.06.2024	2296,800049	2329	2295	2324,5	1532
19	2	5	28.06.2024	2325,399902	2338,300049	2319	2327,699951	92
8	4	5	01.07.2024	2323,800049	2329,699951	2321,699951	2327,600098	237
12	-8	3	02.07.2024	2330,699951	2334,600098	2323	2323	30
31	29	4	03.07.2024	2330,899902	2361,600098	2330,899902	2359,800049	59
34	34	4	05.07.2024	2354,899902	2388,5	2354,899902	2388,5	72
31	-26	4	08.07.2024	2381,699951	2383,800049	2352,800049	2355,199951	64
4	-3	2	09.07.2024	2363,100098	2363,699951	2360,100098	2360,100098	9
11	6	3	10.07.2024	2366,300049	2377	2365,800049	2372,199951	19
38	36	4	11.07.2024	2378,699951	2416,699951	2378,699951	2415	72
23	14	6	12.07.2024	2399,800049	2414	2391,300049	2414	355
13	-7	6	15.07.2024	2430	2436	2422,899902	2422,899902	540
35	35	5	16.07.2024	2427,399902	2462,399902	2427,399902	2462,399902	93
18	-18	2	17.07.2024	2472,899902	2473,100098	2454,800049	2454,800049	10
14	-14	1	18.07.2024	2466	2466	2451,800049	2451,800049	2
22	-23	3	19.07.2024	2418,800049	2419,199951	2397,197351666367	2395,5	15
10	-10	3	22.07.2024	2402,100098	2402,100098	2392	2392	18
16	9	4	23.07.2024	2395,800049	2404,600098	2388,699951	2404,600098	41
9	-8	2	24.07.2024	2421	2421	2411,600098	2413,300049	6
11	-10	3	25.07.2024	2365,5	2368,2238156588965	2356,997400666367	2355,5268866235947	31
18	11	5	26.07.2024	2368,699951	2386,899902	2368,699951	2380	95
0	0	11	29.07.2024	2377,300049	2377,300049	2377,300049	2377,300049	88349
36	24	10	30.07.2024	2380,899902	2409,300049	2373,800049	2405	25944
45	19	7	31.07.2024	2407,100098	2447,600098	2402,800049	2426,5	1313
25	-12	7	01.08.2024	2446,699951	2455,100098	2430,399902	2435	690
61	-18	6	02.08.2024	2444	2477	2416	2425,699951	550
82	-40	6	05.08.2024	2442	2449,800049	2367,399902	2401,699951	334
42	-25	5	06.08.2024	2414,5	2421,800049	2380	2389,100098	163
16	-2	5	07.08.2024	2392,199951	2401	2384,5	2390,5	130
38	38	5	08.08.2024	2384,300049	2422,800049	2384,300049	2422,199951	201
14	10	6	09.08.2024	2422,300049	2432,100098	2418,5	2432,100098	611
38	30	6	12.08.2024	2432,699951	2469,800049	2432	2462,399902	566
14	6	6	13.08.2024	2461	2470	2456,5	2466,699951	510
33	-29	6	14.08.2024	2468	2472,100098	2439,399902	2439,399902	274
36	1	6	15.08.2024	2451,800049	2467,699951	2431,199951	2453,100098	285
57	45	5	16.08.2024	2453,5	2508	2451,399902	2498,600098	197
21	-7	4	19.08.2024	2508,5	2508,5	2487,199951	2501,800049	88
27	8	5	20.08.2024	2503,5	2527,300049	2500,699951	2511,300049	187
12	-3	5	21.08.2024	2511	2515,399902	2503,899902	2508,399902	96
33	-25	5	22.08.2024	2504,100098	2504,100098	2471,100098	2478,899902	210
22	22	5	23.08.2024	2486,5	2508,399902	2486,5	2508,399902	94
14	8	6	26.08.2024	2509,899902	2523,100098	2509,100098	2517,699951	290
16	1	5	27.08.2024	2515,199951	2523,100098	2506,899902	2516	100
0	0	8	28.08.2024	2501	2501	2501	2501	2353
22	22	8	29.08.2024	2504,100098	2525,699951	2503,899902	2525,699951	3966
32	-26	5	30.08.2024	2519,5	2525,399902	2493,800049	2493,800049	208
26	-12	5	03.09.2024	2501,600098	2501,800049	2476,300049	2489,899902	206
10	2	6	04.09.2024	2490,899902	2493,399902	2483,5	2493,399902	470
20	18	4	05.09.2024	2493,699951	2513,300049	2493,399902	2511,399902	54
34	-17	5	06.09.2024	2510,300049	2517,899902	2483,699951	2493,5	96
13	10	5	09.09.2024	2491,300049	2504,699951	2491,300049	2501,800049	96
0	0	2	10.09.2024	2512,300049	2512,300049	2512,300049	2512,300049	5
24	-14	5	11.09.2024	2525,800049	2525,800049	2502,300049	2512,100098	90
34	22	5	12.09.2024	2529,100098	2557	2523,399902	2551,199951	132
17	12	3	13.09.2024	2568,800049	2581,800049	2565	2581,300049	31
0	0	3	16.09.2024	2580,399902	2580,399902	2580,399902	2580,399902	28
18	-17	3	17.09.2024	2581,199951	2581,800049	2564,300049	2564,300049	22
22	0	3	18.09.2024	2570,699951	2570,699951	2549,199951	2570,699951	25
22	22	5	19.09.2024	2566	2588	2566	2588	99
31	30	3	20.09.2024	2590,399902	2621,800049	2590,399902	2619,899902	17
0	0	2	23.09.2024	2626,5	2626,5	2626,5	2626,5	9
37	14	4	24.09.2024	2636,800049	2662,300049	2625,5	2651,199951	35
15	3	5	25.09.2024	2656,300049	2664,199951	2649,300049	2659,199951	175
9	8	10	26.09.2024	2662,300049	2669,899902	2660,800049	2669,899902	17216
30	-26	8	27.09.2024	2670	2672,100098	2641,699951	2644,300049	4228
39	-25	7	30.09.2024	2660,899902	2662,100098	2623,199951	2636,100098	973
40	36	5	01.10.2024	2631,399902	2670,899902	2631,399902	2667,300049	153
17	-4	4	02.10.2024	2650,600098	2657,199951	2640	2647,100098	72
17	14	6	03.10.2024	2642,800049	2657,100098	2640	2657,100098	354
28	-10	5	04.10.2024	2656	2667	2639	2645,800049	114
18	-4	6	07.10.2024	2648,699951	2657,399902	2639	2644,800049	284
30	-24	7	08.10.2024	2639	2639	2609,300049	2615	687
5	3	5	09.10.2024	2603	2607,699951	2603	2606	152
26	18	6	10.10.2024	2602,5	2628,300049	2602,5	2620,600098	320
20	19	3	11.10.2024	2638,300049	2658,100098	2638,199951	2657,600098	12
8	-7	4	14.10.2024	2655	2655,300049	2647,800049	2647,800049	40
0	0	4	15.10.2024	2661,399902	2661,399902	2661,399902	2661,399902	39
0	0	2	16.10.2024	2674	2674	2674	2674	6
14	14	3	17.10.2024	2677,399902	2691,699951	2677,199951	2691	30
6	0	3	18.10.2024	2713,699951	2719,600098	2713,699951	2713,699951	29
19	1	4	21.10.2024	2721,899902	2738,399902	2719,5	2723,100098	52
17	12	5	22.10.2024	2731,699951	2746	2728,600098	2744,199951	93
28	-28	3	23.10.2024	2742,5	2742,5	2714,199951	2714,399902	18
7	6	3	24.10.2024	2729	2736,100098	2729	2734,899902	27
17	15	3	25.10.2024	2725,5	2742,399902	2725,5	2740,899902	29
13	7	4	28.10.2024	2736,100098	2742,899902	2729,5	2742,899902	56
0	0	7	29.10.2024	2768,399902	2768,399902	2768,399902	2768,399902	848
14	14	5	30.10.2024	2774,600098	2789	2774,600098	2788,5	231
54	-49	7	31.10.2024	2787,399902	2787,5	2733,5	2738,300049	849
22	-7	5	01.11.2024	2745,5	2756	2734,199951	2738,600098	109
1	0	3	04.11.2024	2736,5	2737,100098	2736,100098	2736,100098	16
4	-3	3	05.11.2024	2743	2743,899902	2740,300049	2740,300049	23
49	-52	6	06.11.2024	2734,5	2734,5	2685,697351666367	2682,5268866235947	427
37	22	7	07.11.2024	2676,1989357297984	2699,100098	2662,5	2698,399902	676
12	-1	7	08.11.2024	2688,5	2694,600098	2682,899902	2687,5	1038
43	-42	3	11.11.2024	2671,699951	2671,699951	2628,297204666367	2629,7268376235947	20
26	-13	5	12.11.2024	2613,3988867297985	2618,9237666588965	2592,800049	2600	118
31	-30	4	13.11.2024	2611,100098	2611,800049	2580,800049	2580,800049	53
22	13	3	14.11.2024	2555,100098	2576,199951	2554,199951	2568,199951	27
0	0	3	15.11.2024	2565,699951	2565,699951	2565,699951	2565,699951	20
21	19	5	18.11.2024	2591,699951	2610,699951	2589,399902	2610,600098	136
8	5	4	19.11.2024	2621,899902	2627,699951	2619,300049	2627,100098	87
10	10	3	20.11.2024	2638,5	2648,199951	2638,5	2648,199951	27
16	13	4	21.11.2024	2659,300049	2672,100098	2655,699951	2672,100098	33
25	22	4	22.11.2024	2687,5	2710,5	2685,600098	2709,899902	41
58	-37	5	25.11.2024	2689,399902	2689,399902	2630,997400666367	2652,126739623595	94
16	-11	11	26.11.2024	2631,0988377297986	2636,6237176588966	2620,300049	2620,300049	88348
31	6	11	27.11.2024	2633,5	2657,899902	2627,199951	2639,899902	61653
44	21	8	29.11.2024	2636,399902	2664,300049	2620,699951	2657	3861
28	-14	7	02.12.2024	2649	2649,800049	2621,699951	2634,899902	695
19	6	7	03.12.2024	2639	2654,699951	2636	2644,699951	1062
21	15	6	04.12.2024	2639,199951	2658,300049	2637	2653,800049	249
29	-26	6	05.12.2024	2652,399902	2655	2625,699951	2626,600098	573
26	18	6	06.12.2024	2620,199951	2643,100098	2617,5	2638,600098	571
46	33	7	09.12.2024	2632,100098	2677,100098	2630,800049	2664,899902	935
37	35	6	10.12.2024	2662,300049	2698,199951	2661	2697,600098	437
41	32	8	11.12.2024	2701,800049	2733,800049	2693,100098	2733,800049	3387
48	-38	8	12.12.2024	2725,100098	2725,100098	2677,399902	2687,5	2365
41	-32	7	13.12.2024	2688,199951	2689,300049	2647,899902	2656	1125
12	-7	7	16.12.2024	2658,300049	2663,300049	2651	2651,399902	877
20	-7	7	17.12.2024	2651,800049	2652,300049	2632,5	2644,399902	705
57	-8	6	18.12.2024	2644,300049	2647,100098	2590,199951	2636,5	566
28	6	5	19.12.2024	2585,9989847297984	2610,300049	2582,100098	2592,199951	238
27	23	6	20.12.2024	2605,300049	2631,600098	2604,899902	2628,699951	592
17	-8	6	23.12.2024	2620	2627,699951	2611,100098	2612,300049	451
10	7	4	24.12.2024	2613	2620	2609,5	2620	35
11	10	4	26.12.2024	2628,5	2638,800049	2627,899902	2638,800049	84
1	0	6	27.12.2024	2617,699951	2617,699951	2616,399902	2617,199951	642
30	-15	7	30.12.2024	2620,699951	2626,899902	2597	2606,100098	794
24	21	6	31.12.2024	2608,399902	2629,199951	2604,899902	2629,199951	401
30	26	7	02.01.2025	2633	2663,100098	2633	2658,899902	1728
17	-14	6	03.01.2025	2658,699951	2658,699951	2641,800049	2645	591
30	-7	7	06.01.2025	2645,5	2647	2617,300049	2638,399902	960
4	3	6	07.01.2025	2653,399902	2657,5	2653	2656,699951	643
23	9	7	08.01.2025	2655,5	2676,899902	2653,5	2664,5	999
18	14	7	09.01.2025	2669,699951	2686,300049	2667,899902	2683,800049	1139
36	22	6	10.01.2025	2686,100098	2720,100098	2683,699951	2708,5	403
38	-38	7	13.01.2025	2711,100098	2711,199951	2673,5	2673,5	765
18	4	7	14.01.2025	2673,600098	2688,300049	2670,800049	2677,5	794
22	22	7	15.01.2025	2690,800049	2712,5	2690,800049	2712,5	930
18	15	7	16.01.2025	2731,699951	2749,800049	2731,699951	2746,399902	1721
26	8	7	17.01.2025	2736	2751,600098	2725,5	2744,300049	1214
30	9	7	21.01.2025	2746	2755	2724,800049	2755	1439
15	13	8	22.01.2025	2754,5	2768,800049	2753,5	2767,600098	2079
20	3	8	23.01.2025	2760	2765	2745,399902	2763,100098	2201
32	18	7	24.01.2025	2759,800049	2792	2759,800049	2777,300049	1593
25	-24	7	27.01.2025	2761,100098	2762,199951	2737,5	2737,5	984
29	29	8	28.01.2025	2738	2766,800049	2738	2766,800049	2307
0	0	11	29.01.2025	2769,100098	2769,100098	2769,100098	2769,100098	90561
53	50	11	30.01.2025	2772,5	2823,476876339572	2770	2823	40141
34	-16	8	31.01.2025	2829	2838	2804	2812,5	3443
68	16	8	03.02.2025	2818,199951	2848,399902	2780,899902	2833,899902	2649
37	26	8	04.02.2025	2827,600098	2853,300049	2816,100098	2853,300049	2187
32	22	8	05.02.2025	2850	2880,5	2848	2871,600098	4519
35	-9	8	06.02.2025	2865,199951	2871,699951	2836,300049	2856	3116
32	7	8	07.02.2025	2859,899902	2889,5	2857,800049	2867,300049	1822
52	50	8	10.02.2025	2864,199951	2916,100098	2863,800049	2914,300049	2237
55	-12	8	11.02.2025	2924,0833223039936	2945,399902	2890	2912,5	2554
44	7	8	12.02.2025	2902	2912,300049	2868,600098	2909	2504
27	15	8	13.02.2025	2911,300049	2937,699951	2910,600098	2925,899902	4670
70	-54	8	14.02.2025	2937,300049	2944,399902	2874,800049	2883,600098	1992
63	52	8	18.02.2025	2879,199951	2936,399902	2873,800049	2931,600098	4010
29	-19	8	19.02.2025	2938,699951	2946	2917,100098	2919,399902	2630
32	-9	6	20.02.2025	2949,100098	2955,800049	2924,199951	2940	656
23	-1	6	21.02.2025	2938,800049	2940	2917,300049	2937,600098	570
25	15	6	24.02.2025	2933,100098	2957,899902	2933,100098	2947,899902	415
53	-34	8	25.02.2025	2938,699951	2943,199951	2890	2904,5	1854
4	3	8	26.02.2025	2913,5	2917	2913	2916,800049	2050
52	-35	8	27.02.2025	2918,5	2922,800049	2870,399902	2883,199951	3215
43	-40	7	28.02.2025	2877,100098	2877,100098	2834,100098	2836,800049	990
28	18	6	03.03.2025	2872,699951	2891,800049	2863,399902	2890,199951	423
42	24	7	04.03.2025	2886,100098	2927,899902	2886,100098	2909,600098	885
29	-1	6	05.03.2025	2916,699951	2922	2893	2915,300049	551
15	13	7	06.03.2025	2904	2918,600098	2903,800049	2916,600098	870
27	4	6	07.03.2025	2900,899902	2927,300049	2900,5	2904,699951	531
35	-19	4	10.03.2025	2910,100098	2915,100098	2880,199951	2891	55
36	28	5	11.03.2025	2884,399902	2916,699951	2880,399902	2912,899902	197
29	27	5	12.03.2025	2912	2939,100098	2910	2939,100098	213
53	47	8	13.03.2025	2937,100098	2988	2935,199951	2984,300049	2366
19	0	7	14.03.2025	2994,399902	3004,800049	2986	2994,5	1800
12	9	5	17.03.2025	2991	3001,5	2989	3000	214
35	29	6	18.03.2025	3006,399902	3039,199951	3004,399902	3035,100098	428
20	1	5	19.03.2025	3035,199951	3050,899902	3030,899902	3035,899902	175
13	-7	5	20.03.2025	3047,300049	3047,300049	3034,399902	3040	185
37	-16	5	21.03.2025	3034,5	3037,5	3000,899902	3018,199951	151
18	-11	5	24.03.2025	3024,300049	3024,300049	3006	3013,100098	137
5	-3	4	25.03.2025	3026,399902	3028,800049	3023,699951	3023,699951	74
14	-12	4	26.03.2025	3033,199951	3033,199951	3019,5	3020,899902	83
40	35	11	27.03.2025	3025,5	3065	3025,5	3060,199951	88337
28	17	10	28.03.2025	3069,699951	3094,899902	3066,800049	3086,5	31206
46	32	8	31.03.2025	3091	3132,5	3086	3122,800049	3438
46	-11	7	01.04.2025	3129,699951	3149,5	3104	3118,899902	1721
51	19	9	02.04.2025	3120,699951	3168,600098	3117,399902	3139,899902	5946
104	-53	9	03.04.2025	3150	3166,899902	3062,797204666367	3097	5516
117	-71	8	04.04.2025	3110,5	3127,699951	3011	3039,2268376235947	3247
119	-71	8	07.04.2025	3052,1989357297984	3074,9237666588965	2956,397302666367	2981,4536752471895	4424
54	-26	8	08.04.2025	2994	3022,147582317793	2968,399902	2968,399902	3213
111	62	8	09.04.2025	2965,800049	3076,524360657365	2965,800049	3027,7683753520537	2175
109	61	8	10.04.2025	3025,6834203039934	3130,901138996937	3021,984803197684	3087,1368487041073	3456
107	61	7	11.04.2025	3085,566791607987	3185,277917336509	3078,169557395368	3146,505322056161	862
94	59	6	14.04.2025	3145,4501629119804	3228,800049	3134,354311593052	3204,800049	263
28	13	6	15.04.2025	3205,333534215974	3218,699951	3190,539065790736	3218,699951	390
35	40	8	16.04.2025	3238,300049	3273,076729339572	3238,300049	3278,0684243520536	1874
40	11	7	17.04.2025	3298,1834203039934	3327,453507679144	3287,800049	3308,699951	824
40	26	4	21.04.2025	3342,199951	3381,830286018716	3342,199951	3368,0684243520536	78
75	-1	7	22.04.2025	3402,0833223039936	3436,207064358288	3361,699951	3400,800049	785
76	-1	6	23.04.2025	3343,782258033792	3383,4308800171843	3307,097253666367	3343,0268866235947	331
49	27	6	24.04.2025	3305,399902	3353,899902	3304,899902	3332	560
89	-73	5	25.04.2025	3355,5	3355,5	3266,100098	3282,399902	162
48	35	7	28.04.2025	3297,1989357297984	3332,5	3284,5	3332,5	1300
40	-21	7	29.04.2025	3340	3340	3299,899902	3318,800049	1278
51	-14	5	30.04.2025	3318,699951	3318,699951	3268	3305	207
62	-26	8	01.05.2025	3272,899902	3275	3213,397302666367	3247,2268376235947	2131
32	-8	7	02.05.2025	3239,899902	3257	3225	3231,899902	1349
72	49	6	05.05.2025	3242,699951	3311,376778339572	3239,699951	3291,2683753520537	244
70	48	8	06.05.2025	3302,5833223039936	3365,753556679144	3295,884705197684	3350,6368487041073	2357
67	19	7	07.05.2025	3362,466693607987	3418,699951	3352,069459395368	3381,399902	1080
93	-66	5	08.05.2025	3390	3390	3297,466762061735	3323,626739623595	200
38	4	5	09.05.2025	3331,6989357297984	3337,2238156588965	3299	3335,399902	216
56	-23	7	12.05.2025	3300,699951	3300,699951	3244,397302666367	3277,626739623595	886
28	-2	8	13.05.2025	3242,3988867297985	3251,399902	3223,5	3240,300049	2424
61	-50	8	14.05.2025	3233	3233	3171,699951	3182,5268866235947	3518
103	46	6	15.05.2025	3174,6989357297984	3228,100098	3125	3220,699951	652
54	-46	5	16.05.2025	3227,699951	3228,100098	3173,899902	3182	199
13	-6	6	19.05.2025	3234,399902	3241	3228,300049	3228,899902	266
86	61	6	20.05.2025	3219	3293,199951	3207,5	3280,300049	356
54	30	7	21.05.2025	3278,8833713039935	3317,5	3263,684754197684	3309,300049	979
45	-35	7	22.05.2025	3327,300049	3328	3282,699951	3292,300049	1210
40	24	4	23.05.2025	3328	3363,600098	3323,5	3351,6685223520535	47
45	-33	5	27.05.2025	3332,5	3341	3296,300049	3299,100098	189
0	0	11	28.05.2025	3293,600098	3293,600098	3293,600098	3293,600098	88443
86	33	10	29.05.2025	3283,699951	3328,800049	3242,399902	3317,100098	24370
47	-26	8	30.05.2025	3315,100098	3318	3270,899902	3288,899902	2213
75	51	7	02.06.2025	3296,899902	3372,376778339572	3296,899902	3348,2683753520537	976
59	-7	9	03.06.2025	3356,7832733039936	3390	3331,300049	3350,199951	6410
36	18	5	04.06.2025	3355	3380	3344	3373,5	207
56	-21	7	05.06.2025	3371,5	3400	3343,699951	3350,699951	731
58	-42	4	06.06.2025	3364,300049	3364,300049	3306	3322,699951	81
45	16	8	09.06.2025	3315,600098	3334,600098	3290	3332,100098	1887
42	19	4	10.06.2025	3302	3344,300049	3302	3320,899902	65
35	-7	8	11.06.2025	3328	3356	3321,300049	3321,300049	2106
42	18	8	12.06.2025	3363	3395,899902	3353,399902	3380,6685223520535	1818
37	24	6	13.06.2025	3407,300049	3444	3407,300049	3431,199951	499
57	-46	6	16.06.2025	3442	3442	3385,399902	3396,399902	480
22	-12	7	17.06.2025	3398,300049	3398,300049	3376,100098	3386,600098	1477
27	4	0	18.06.2025	3385,300049	3391,899902	3365,100098	3389,800049	0
32	18	7	20.06.2025	3350	3372,899902	3341	3368,100098	709
38	12	3	23.06.2025	3365,899902	3387,899902	3350	3377,699951	30
57	-38	6	24.06.2025	3358	3358	3301	3319,926788623595	538
21	6	6	25.06.2025	3321,600098	3331,199951	3310,600098	3327,100098	373
1	1	8	26.06.2025	3332,399902	3333,5	3332,399902	3333,5	2058
41	-43	6	27.06.2025	3318,699951	3318,699951	3277,797204666367	3275,7268376235947	284
45	28	7	30.06.2025	3265,899902	3306,899902	3262	3294,399902	1242
44	27	6	01.07.2025	3310,100098	3354,100098	3310,100098	3336,699951	371
28	19	4	02.07.2025	3329	3357,5	3329	3348	39
40	-30	0	03.07.2025	3362	3362	3322,300049	3331,600098	0
10	-10	0	04.07.2025	3342	3342	3332,5	3332,5	0
34	27	6	07.07.2025	3305,5	3333,300049	3299,199951	3332,199951	254
47	-23	7	08.07.2025	3330,399902	3334,5	3287,600098	3307	909
32	22	5	09.07.2025	3289,399902	3314	3282	3311,600098	114
19	-6	5	10.07.2025	3323,600098	3330,5	3311,600098	3317,399902	209
40	26	7	11.07.2025	3330,5	3370	3330,5	3356	776
26	-16	6	14.07.2025	3367	3375,5	3350	3351,5	583
11	-11	5	15.07.2025	3341	3341	3329,800049	3329,800049	210
23	11	2	16.07.2025	3341,199951	3352,899902	3329,5	3352,5	10
27	26	7	17.07.2025	3313,800049	3340,800049	3313,800049	3340,100098	667
15	15	6	18.07.2025	3338,199951	3353	3338,199951	3353	602
57	52	4	21.07.2025	3350,300049	3407,376778339572	3350,300049	3401,899902	53
45	29	4	22.07.2025	3410,1834203039934	3441	3395,600098	3439,199951	39
46	-36	4	23.07.2025	3430,300049	3433,899902	3388,100098	3394,100098	63
14	-1	7	24.07.2025	3371,9989847297984	3381,1237176588966	3367	3371	1175
18	-10	4	25.07.2025	3344	3345	3326,5	3334	67
18	-18	6	28.07.2025	3326,600098	3326,800049	3309,100098	3309,100098	533
0	0	11	29.07.2025	3323,399902	3323,399902	3323,399902	3323,399902	88787
63	-30	10	30.07.2025	3325,800049	3331,800049	3268,797204666367	3295,800049	19252
39	20	8	31.07.2025	3272,899902	3312	3272,899902	3293,199951	3704
80	62	8	01.08.2025	3286,199951	3360,600098	3281	3347,699951	3420
49	28	6	04.08.2025	3346,0833223039936	3386,5	3337,184754197684	3374,399902	351
36	3	7	05.08.2025	3378,5	3387,199951	3351,199951	3381,899902	915
22	-1	7	06.08.2025	3380,699951	3383,300049	3361,300049	3380	1492
38	15	9	07.08.2025	3384,899902	3422,899902	3384,899902	3400,300049	5464
74	0	9	08.08.2025	3438,800049	3477	3402,5	3439,100098	7657
75	-3	7	11.08.2025	3383,899902	3424,2238156588965	3349,199951	3381,3269356235946	1488
41	-7	7	12.08.2025	3356,199951	3371,447631317793	3330,100098	3348,899902	1611
5	0	7	13.08.2025	3358,800049	3363,399902	3358,699951	3358,699951	1011
27	-12	6	14.08.2025	3346,800049	3356	3328,899902	3335,199951	592
11	-11	7	15.08.2025	3346,800049	3346,800049	3335,899902	3336	1185
16	-2	6	18.08.2025	3333,5	3347,800049	3331,699951	3331,699951	646
30	-17	7	19.08.2025	3330,199951	3343,5	3313,399902	3313,399902	1655
33	33	7	20.08.2025	3310,600098	3343,5	3310,100098	3343,399902	1213
23	-12	5	21.08.2025	3349,399902	3349,399902	3326,5	3336,899902	142
28	25	7	22.08.2025	3349,399902	3377,699951	3349,399902	3374,399902	1240
12	8	7	25.08.2025	3366	3378	3366	3373,800049	1044
25	10	7	26.08.2025	3378,899902	3396,5	3371,100098	3388,600098	905
23	8	8	27.08.2025	3397	3404,600098	3382	3404,600098	3222
35	23	7	28.08.2025	3409	3434,600098	3400	3431,800049	1035
49	41	0	29.08.2025	3432,5	3475,600098	3426,600098	3473,699951	0
47	47	6	02.09.2025	3485,699951	3529,976876339572	3482,784852197684	3533,0684243520536	658
45	47	4	03.09.2025	3545,5833223039936	3584,353654679144	3538,969606395368	3592,436897704107	72
24	16	5	04.09.2025	3549,899902	3573,600098	3549,899902	3565,800049	237
45	45	7	05.09.2025	3567,800049	3613,199951	3567,800049	3613,199951	925
51	44	5	08.09.2025	3594,5	3641	3590	3638,100098	97
43	-4	6	09.09.2025	3647,100098	3670,399902	3627,800049	3643,300049	535
35	19	5	10.09.2025	3625	3655,399902	3620,800049	3643,600098	136
18	4	6	11.09.2025	3632,899902	3636,899902	3618,399902	3636,899902	307
14	-6	7	12.09.2025	3655,5	3656,800049	3643	3649,399902	1300
51	42	5	15.09.2025	3640	3686,399902	3635,100098	3682,199951	210
17	8	6	16.09.2025	3681,399902	3698,600098	3681,399902	3688,899902	373
24	13	5	17.09.2025	3669	3685,199951	3661,600098	3681,800049	183
30	-11	4	18.09.2025	3654,600098	3667,399902	3637	3643,699951	80
28	12	5	19.09.2025	3659	3685,899902	3658,199951	3671,5	211
52	43	6	22.09.2025	3688,199951	3740,276680339572	3688	3730,8684733520536	410
46	34	6	23.09.2025	3747	3786	3740	3780,600098	627
40	-38	6	24.09.2025	3769,800049	3772,5	3732,100098	3732,100098	588
31	-6	8	25.09.2025	3742,800049	3756	3724,699951	3736,899902	1899
0	0	10	26.09.2025	3775,300049	3775,300049	3775,300049	3775,300049	19308
73	66	9	29.09.2025	3754,800049	3827,600098	3754,800049	3820,899902	8860
72	26	7	30.09.2025	3814,6834203039934	3865,5	3793,399902	3840,800049	1611
42	4	7	01.10.2025	3863,5	3891,899902	3849,584656197684	3867,5	1778
65	-16	8	02.10.2025	3856,199951	3888,600098	3823,699951	3839,699951	3418
33	26	6	03.10.2025	3855,199951	3886,800049	3853,699951	3880,800049	392
31	25	7	06.10.2025	3915,0833223039936	3941,176827339572	3909,884705197684	3940,1685223520535	1267
42	17	8	07.10.2025	3959,399902	3981,5	3940	3976,600098	2903
49	49	8	08.10.2025	3987,199951	4035,876778339572	3987,199951	4035,9685713520535	2179
106	-33	8	09.10.2025	4011,199951	4046,199951	3940	3978,195408975648	3130
66	19	7	10.10.2025	3957	4012	3945,5	3975,899902	1697
65	19	7	13.10.2025	4016	4066,376778339572	4001,684754197684	4035,2683753520537	1697
63	19	8	14.10.2025	4075,8833713039935	4120,753556679144	4057,869508395368	4094,6368487041073	2424
61	18	8	15.10.2025	4135,766742607987	4175,130335018715	4114,054262593052	4154,005322056161	3287
59	18	8	16.10.2025	4195,65011391198	4229,507113358287	4170,239016790736	4213,373795408215	4705
102	-66	8	17.10.2025	4255,533485215973	4283,883891697858	4182,200195	4189,899902	4060
124	5	7	20.10.2025	4244,100098	4338,26067003743	4214,600098	4249,268375352054	1750
173	-112	8	21.10.2025	4303,983469303993	4332,700195	4159,997400666367	4191,495212975649	2943
175	-112	7	22.10.2025	4245,682405033792	4279,924010658897	4105,394703332734	4133,7220505992445	1237
156	-62	6	23.10.2025	4187,381340763591	4227,147826317793	4070,699951	4125,5	354
99	-11	5	24.10.2025	4129,08027649339	4174,37164197669	4074,899902	4118,399902	123
101	-10	5	27.10.2025	4070,779212223188	4121,595457635586	4020,297204666367	4060,626739623595	220
103	-10	5	28.10.2025	4012,4781479529865	4068,8192732944826	3965,6945073327342	4002,8535772471896	219
32	0	7	29.10.2025	3983,699951	4016,043088953379	3983,699951	3983,699951	1344
98	41	7	30.10.2025	3960	4027,199951	3929,097253666367	4001,300049	935
58	-38	6	31.10.2025	4019,8833713039935	4034,5	3976,600098	3982,199951	559
61	24	0	03.11.2025	3976,199951	4020	3959	4000,300049	0
68	-46	6	04.11.2025	3994,199951	3995,399902	3927,399902	3947,699951	657
54	44	6	05.11.2025	3935,8988867297985	3983,5	3929,899902	3980,300049	559
28	-16	6	06.11.2025	3995,782258033792	4007,5	3979,899902	3979,899902	650
19	19	6	07.11.2025	3980,800049	3999,399902	3980,800049	3999,399902	245
17	18	5	10.11.2025	4040,6834203039934	4053,776680339572	4036,984803197684	4058,7683753520537	189
15	6	6	11.11.2025	4100,5667916079865	4108,153458679144	4093,169557395368	4106,799805	569
60	51	6	12.11.2025	4115,600098	4162,5302370187155	4102,899902	4166,168278352054	396
58	11	5	13.11.2025	4175,483469303993	4216,907015358287	4159,084656197684	4186,899902	167
93	-69	6	14.11.2025	4197,700195	4197,899902	4104,481958864051	4129,126739623595	483
95	-68	7	17.11.2025	4139,399130729799	4145,123717658897	4049,8792615304183	4071,35357724719	1552
57	-20	7	18.11.2025	4081,0980664595977	4092,347533317793	4035,600098	4061,300049	1375
51	-8	6	19.11.2025	4086,100098	4122,700195	4072	4077,699951	486
50	12	5	20.11.2025	4045	4090,399902	4040,199951	4056,5	202
53	45	5	21.11.2025	4031,800049	4085,199951	4031,800049	4076,699951	171
31	31	6	24.11.2025	4060,5	4091,899902	4060,5	4091,899902	591
23	19	11	25.11.2025	4120,383371303993	4139,200195	4116,684754197684	4139,200195	88845
44	37	10	26.11.2025	4128,600098	4171	4127,5	4165,200195	25088
84	55	8	28.11.2025	4163,399902	4223,899902	4140	4218,299805	3615
66	21	7	01.12.2025	4218,5	4262,100098	4196,184754197684	4239,299805	913
64	-44	6	02.12.2025	4230,5	4230,5	4167	4186,600098	366
38	-16	8	03.12.2025	4215,700195	4234,100098	4195,700195	4199,299805	1897
37	1	6	04.12.2025	4211	4211,799805	4175	4211,799805	616
61	9	6	05.12.2025	4204,100098	4255,700195	4194,5	4212,899902	533
40	-18	6	08.12.2025	4205,5	4215,799805	4175,5	4187,200195	318
42	16	6	09.12.2025	4190,700195	4219,700195	4177,700195	4206,700195	660
51	-13	7	10.12.2025	4209	4234,5	4183,600098	4196,399902	692
73	32	6	11.12.2025	4224	4286,899902	4214,299805	4255,768375352054	528
81	24	7	12.12.2025	4276,399902	4341,276680339572	4260	4300,100098	1531
56	-2	7	15.12.2025	4308,299805	4349,200195	4292,899902	4306,700195	854
51	34	7	16.12.2025	4270,5	4321,399902	4270,5	4304,5	1796
43	39	8	17.12.2025	4308,5	4351,399902	4308,5	4347,5	2169
20	8	7	18.12.2025	4331	4348,100098	4328,200195	4339,5	705
11	11	7	19.12.2025	4350,100098	4361,399902	4350,100098	4361,399902	1065
45	50	6	22.12.2025	4371,100098	4415,776680339572	4371,100098	4420,768375352054	449
43	49	7	23.12.2025	4430,983469303993	4470,153458679143	4427,284852197684	4480,136848704108	694
35	-10	6	24.12.2025	4490,866840607986	4503,399902	4468,399902	4480,600098	500
54	17	6	26.12.2025	4512	4556,299805	4502	4529,100098	263
56	18	8	29.12.2025	4453,698935729799	4503,523620658896	4447,397302666367	4471,326935623595	2044
58	18	8	30.12.2025	4395,397871459598	4450,747436317793	4392,794605332734	4413,55377324719	1837
60	19	7	31.12.2025	4337,096807189397	4397,971251976689	4338,191907999101	4355,7806108707855	785
36	-36	6	02.01.2026	4350,600098	4350,600098	4314,399902	4314,399902	589
34	-13	6	05.01.2026	4386,700195	4404,976876339571	4370,584656197684	4373,768375352054	618
33	-13	6	06.01.2026	4446,583566303993	4459,353654679143	4426,769410395368	4433,136848704108	459
1	-1	7	07.01.2026	4450	4450	4449,299805	4449,299805	972
43	-10	8	08.01.2026	4460,200195	4461,299805	4418	4449,700195	2423
17	17	5	09.01.2026	4473	4490,299805	4473	4490,299805	237
15	17	5	12.01.2026	4532,883371303993	4544,676583339571	4529,184754197684	4549,668278352054	156
20	11	5	13.01.2026	4578,600098	4599,053361679143	4578,600098	4589,200195	239
27	16	7	14.01.2026	4610,299805	4635	4608,200195	4626,299805	1313
3	3	8	15.01.2026	4612,899902	4616,299805	4612,899902	4616,299805	4358
20	-20	6	16.01.2026	4608	4608	4588,399902	4588,399902	352
18	-14	5	20.01.2026	4662,200195	4662,3767783395715	4644,584656197684	4647,768375352054	175
16	-15	7	21.01.2026	4722,083566303993	4716,753556679143	4700,769410395368	4707,136848704108	1706
14	-15	7	22.01.2026	4781,966937607986	4771,1303350187145	4756,954164593052	4766,505322056162	1175
12	-16	5	23.01.2026	4841,8503089119795	4825,507113358286	4813,138918790736	4825,873795408216	169
11	-16	5	26.01.2026	4901,7336802159725	4879,8838916978575	4869,32367298842	4885,24226876027	180
9	-17	4	27.01.2026	4961,617051519966	4934,260670037429	4925,508427186104	4944,610742112324	34
7	-18	11	28.01.2026	5021,500422823959	4988,6374483770005	4981,693181383788	5003,979215464378	88288
5	-18	10	29.01.2026	5081,383794127952	5043,014226716572	5037,877935581472	5063,347688816432	23709
114	-136	9	30.01.2026	5141,267165431945	5097,3910050561435	4983,275238247839	5005,5745264400275	8374
116	-135	8	02.02.2026	5082,966101161744	5044,61482071504	4928,672540914206	4947,801364063623	3588
118	-121	7	03.02.2026	5024,6650368915425	4991,838636373936	4874,069843580573	4903,700195	1213
148	-46	8	04.02.2026	4966,363972621341	5046,215414713508	4897,899902	4920,399902	3886
169	-146	7	05.02.2026	5008,700195	5012,299805	4843,297204666367	4862,626739623595	793
171	-28	7	06.02.2026	4950,399130729799	4959,523620658896	4788,694507332734	4921,995212975649	1386
169	-29	5	09.02.2026	5010,282502033792	5013,900398998468	4844,879261530418	4981,363686327703	170
128	-10	6	10.02.2026	5013,5	5029	4901,064015728102	5003,799805	281
126	13	8	11.02.2026	5049,899902	5083,3767783395715	4957,248769925786	5063,168278352054	2681
175	-55	6	12.02.2026	5060,399902	5078,100098	4902,646072592153	5005,395115975649	484
98	20	5	13.02.2026	5002,098837729799	5043,899902	4946,200195	5022	232
128	-56	6	17.02.2026	5020	5020	4891,597497666367	4964,226837623595	540
118	25	6	18.02.2026	4961,698935729799	4987	4869,5	4986,5	544
89	-39	4	19.02.2026	5014,700195	5014,700195	4925,684754197684	4975,899902	37
87	-4	5	20.02.2026	5039,5	5069,076973339572	4981,869508395368	5035,268375352054	134
85	-5	7	23.02.2026	5099,383371303993	5123,453751679143	5038,054262593052	5094,636848704108	779
65	-5	4	24.02.2026	5158,799805	5159	5094,239016790736	5154,005322056162	88
56	40	7	25.02.2026	5166	5206,399902	5150,42377098842	5206,399902	1772
55	-1	7	26.02.2026	5177,200195	5199,200195	5143,899902	5176,5	1520
77	44	6	27.02.2026	5186,700195	5253,576973339572	5176,700195	5230,5	354
75	43	6	02.03.2026	5246,583566303993	5307,953751679143	5232,884949197684	5289,868473352054	354
73	43	10	03.03.2026	5306,466937607986	5362,330530018715	5289,069703395368	5349,236946704108	21189
